CTY_NAME,time,imports,duties,realized_etr,ln1_real
AFGHANISTAN,2024-01,2641230,18272,0.6917988967261466,0.006894169473815599
AFGHANISTAN,2024-02,1374758,23753,1.7277950010110872,0.017130383570480655
AFGHANISTAN,2024-03,2921148,53079,1.8170595943786485,0.01800748360101339
AFGHANISTAN,2024-04,1548738,29932,1.9326703419170963,0.01914231465067372
AFGHANISTAN,2024-05,1446195,11864,0.8203596333827733,0.008170129743772445
AFGHANISTAN,2024-06,1927319,18132,0.9407887329497608,0.009363908772531442
AFGHANISTAN,2024-07,1053053,19159,1.8193766125731563,0.01803024002160065
AFGHANISTAN,2024-08,1238743,11972,0.9664635844561786,0.009618231996191029
AFGHANISTAN,2024-09,1778428,34856,1.9599331544487602,0.019409737913966597
AFGHANISTAN,2024-10,1737207,14260,0.820857848258728,0.008175071341350341
AFGHANISTAN,2024-11,2526573,30787,1.2185280219490986,0.012111637328427157
AFGHANISTAN,2024-12,2401628,32770,1.3644910868794002,0.013552657319446744
AFGHANISTAN,2025-01,3295203,36754,1.1153789311311018,0.011092044504790297
AFGHANISTAN,2025-02,2885865,21370,0.7405058795196587,0.0073777759519015875
AFGHANISTAN,2025-03,4820235,66208,1.3735429911612191,0.013641953877233718
AFGHANISTAN,2025-04,2107323,131717,6.250441911372865,0.060628780973647795
AFGHANISTAN,2025-05,6505806,208662,3.2073197387072407,0.03156959224477212
AFGHANISTAN,2025-06,1382145,133023,9.624388179243134,0.09188968365555181
AFGHANISTAN,2025-07,3001208,276773,9.222053253223368,0.08821280980132377
AFGHANISTAN,2025-08,1355491,175808,12.9700602954944,0.1219526444807479
AFGHANISTAN,2025-09,1738897,258618,14.872531265509112,0.13865290384102563
ALBANIA,2024-01,34830339,216657,0.6220352894067439,0.00620108635417702
ALBANIA,2024-02,6959752,272166,3.9105703766456044,0.038360443002440035
ALBANIA,2024-03,5924550,231989,3.915723557063406,0.03841003422904875
ALBANIA,2024-04,5584388,162172,2.9040245770888413,0.028626567623411068
ALBANIA,2024-05,5040417,191469,3.798673800203436,0.03728300817078046
ALBANIA,2024-06,6754955,147684,2.186306200411402,0.021627492592783668
ALBANIA,2024-07,5389509,216697,4.0207187704854,0.039419912258797034
ALBANIA,2024-08,7682818,273599,3.561180285671221,0.03499236594956518
ALBANIA,2024-09,3754222,158901,4.232594662755692,0.04145470308042771
ALBANIA,2024-10,34315306,291280,0.8488340450759786,0.008452517066923283
ALBANIA,2024-11,6631734,264789,3.992756645547002,0.03915106308880074
ALBANIA,2024-12,5406831,272970,5.048613503917545,0.04925304277619433
ALBANIA,2025-01,4461852,209259,4.68995834016906,0.04583301840794221
ALBANIA,2025-02,8103921,212473,2.621854285104704,0.025880728794407615
ALBANIA,2025-03,6399049,358915,5.608880319559985,0.054572275683600104
ALBANIA,2025-04,7475883,672678,8.99797388482404,0.08615910785566588
ALBANIA,2025-05,6179418,772459,12.500513802432527,0.11778760277868772
ALBANIA,2025-06,8352800,1248942,14.9523752514127,0.13934772835178835
ALBANIA,2025-07,9021185,1489337,16.50932776569819,0.15280115047085363
ALBANIA,2025-08,7409277,1146205,15.46986298393217,0.14383938338046115
ALBANIA,2025-09,5327706,867622,16.28509531119022,0.15087470806822648
ALGERIA,2024-01,242656121,238690,0.09836553844854382,0.0009831719125482658
ALGERIA,2024-02,172293577,111394,0.06465359994238207,0.0006463270850667971
ALGERIA,2024-03,198989843,204833,0.10293640967393497,0.0010288346648051896
ALGERIA,2024-04,178522270,273960,0.1534598456539904,0.0015334221635996117
ALGERIA,2024-05,306945173,398212,0.12973391831120276,0.0012964983657722964
ALGERIA,2024-06,198735623,361463,0.18188133287005118,0.0018171612906008048
ALGERIA,2024-07,239843888,213062,0.088833616639837,0.0008879418293447352
ALGERIA,2024-08,187053544,191740,0.10250540882561412,0.0010245290790588018
ALGERIA,2024-09,165366524,159126,0.0962262470970243,0.0009617997932265547
ALGERIA,2024-10,148241594,135465,0.09138123541763858,0.0009133950818534503
ALGERIA,2024-11,119624089,97764,0.08172601423113032,0.0008169263670829452
ALGERIA,2024-12,303339580,222636,0.07339497206398189,0.0007336805112596514
ALGERIA,2025-01,158124308,107337,0.0678814037877086,0.0006785837478382575
ALGERIA,2025-02,297678977,226397,0.07605407754407863,0.0007602517108595476
ALGERIA,2025-03,184911524,83848,0.04534492939444921,0.0004533465168816867
ALGERIA,2025-04,147806843,416183,0.28157221381150804,0.002811765418144721
ALGERIA,2025-05,163123929,2646599,1.6224468207849507,0.01609425802957058
ALGERIA,2025-06,171194365,2030611,1.1861435976587196,0.011791640518990044
ALGERIA,2025-07,193721345,442517,0.22842965497684317,0.0022816915107715966
ALGERIA,2025-08,330895350,78368,0.023683620818485362,0.00023680816691747084
ALGERIA,2025-09,267111040,996643,0.3731193589003285,0.003724249952877925
ANGOLA,2024-01,42939119,3886,0.009050022661154273,9.049613171309198e-05
ANGOLA,2024-02,59403057,62191,0.1046932651967726,0.0010463850001818764
ANGOLA,2024-03,132668896,42779,0.03224493554238968,0.00032239737980319354
ANGOLA,2024-04,212492590,120441,0.056680094115281854,0.0005666403701710301
ANGOLA,2024-05,123684070,57765,0.046703670084595375,0.00046692767315128754
ANGOLA,2024-06,55657837,81129,0.14576383915170832,0.0014565770679023878
ANGOLA,2024-07,147881255,102380,0.0692312220368971,0.0006920726828138768
ANGOLA,2024-08,312361547,191921,0.06144194182775001,0.0006142307399478523
ANGOLA,2024-09,220234771,100963,0.04584335141157161,0.0004583284655762384
ANGOLA,2024-10,187707364,92036,0.04903164054874267,0.0004901962396765894
ANGOLA,2024-11,203699304,52869,0.02595443330528022,0.0002595106572491756
ANGOLA,2024-12,170509356,167156,0.09803333020623221,0.0009798530891909098
ANGOLA,2025-01,79927721,86566,0.10830535253219593,0.0010824674459846272
ANGOLA,2025-02,63846638,105521,0.16527260213764114,0.0016513617726715908
ANGOLA,2025-03,28086170,47623,0.16956032096935963,0.001694167297500305
ANGOLA,2025-04,25486355,28800,0.11300164342841494,0.0011293784462926512
ANGOLA,2025-05,68330411,25209,0.03689279726416397,0.0003688599354505086
ANGOLA,2025-06,97889688,26222,0.02678729551165798,0.0002678370835624082
ANGOLA,2025-07,171460500,0,0.0,0.0
ANGOLA,2025-08,127890105,1425,0.0011142378841584343,1.1142316765742333e-05
ANGOLA,2025-09,78872810,22581,0.028629638021011296,0.00028625540522192623
ARGENTINA,2024-01,560133317,3378645,0.6031858661962077,0.00601373982616806
ARGENTINA,2024-02,414770254,2451229,0.5909847623740153,0.005892452973780331
ARGENTINA,2024-03,783971229,4408692,0.5623538003586609,0.005607784944770511
ARGENTINA,2024-04,476140426,5062577,1.0632529236238386,0.010576401400629983
ARGENTINA,2024-05,548007490,8581665,1.5659758591985669,0.015538409794759511
ARGENTINA,2024-06,543076886,10772813,1.9836625858534513,0.01964244374055201
ARGENTINA,2024-07,484458310,8906689,1.8384840999011867,0.018217883035400846
ARGENTINA,2024-08,608263295,5890530,0.9684177967700649,0.009637586872382605
ARGENTINA,2024-09,714911100,6444695,0.9014680286821677,0.008974290608368286
ARGENTINA,2024-10,640546330,7024593,1.0966565057050597,0.010906868331284146
ARGENTINA,2024-11,638142433,10057745,1.5760971970970625,0.01563805766931936
ARGENTINA,2024-12,684163719,7604976,1.1115725357544135,0.011054399716600322
ARGENTINA,2025-01,662665948,5755479,0.8685339902209672,0.008647839318046172
ARGENTINA,2025-02,448673920,5472510,1.2197076219629615,0.012123291253488537
ARGENTINA,2025-03,472165600,6038603,1.278916337827237,0.01270807268453006
ARGENTINA,2025-04,531900492,13217749,2.485004093585234,0.0245463003612616
ARGENTINA,2025-05,602376681,21420442,3.5559879184632646,0.034942226530857726
ARGENTINA,2025-06,705373913,45841046,6.498829224493876,0.06296380590372219
ARGENTINA,2025-07,788705606,35304270,4.4762291191321895,0.04378938699678147
ARGENTINA,2025-08,758865227,33612217,4.429273579035662,0.043339848422825185
ARGENTINA,2025-09,758577276,58957890,7.772166642123353,0.07484924473444887
ARMENIA,2024-01,11904349,111520,0.9368004919882642,0.009324397294537996
ARMENIA,2024-02,18072291,124636,0.6896524629887821,0.00687285237908862
ARMENIA,2024-03,7794855,85234,1.0934648559851337,0.010875297553259026
ARMENIA,2024-04,3836077,86701,2.2601475413554004,0.02234984646885631
ARMENIA,2024-05,8331209,122240,1.4672540323979388,0.014565940070139375
ARMENIA,2024-06,11999279,153022,1.2752599552023083,0.012671969922372874
ARMENIA,2024-07,9062086,94791,1.0460174401346445,0.010405845309858348
ARMENIA,2024-08,10643096,82280,0.7730833208682887,0.007701103443230622
ARMENIA,2024-09,9998961,108442,1.0845326829457582,0.010786938056638065
ARMENIA,2024-10,13012067,75251,0.578317034488064,0.005766512009731187
ARMENIA,2024-11,6076368,145290,2.39106650551777,0.023629281654531924
ARMENIA,2024-12,10570206,225748,2.135701044993825,0.02113214549694646
ARMENIA,2025-01,9282853,122729,1.3221043142663145,0.013134407921679728
ARMENIA,2025-02,7529842,95153,1.2636785738664902,0.012557607899617646
ARMENIA,2025-03,5574993,65277,1.1708893625516659,0.011640874964536124
ARMENIA,2025-04,4086924,194209,4.751960153895693,0.04642508532543068
ARMENIA,2025-05,2916941,221423,7.5909317329352906,0.07316618061308748
ARMENIA,2025-06,3831903,330432,8.623182789334699,0.08271466824542127
ARMENIA,2025-07,4528405,454990,10.04746704413585,0.09574160531000972
ARMENIA,2025-08,9119368,365055,4.0030734585993235,0.03925026520314713
ARMENIA,2025-09,3934791,500517,12.720294419703611,0.1197392935551289
AUSTRALIA,2024-01,1228791497,1100123,0.08952885845042595,0.0008948880527226816
AUSTRALIA,2024-02,1137585769,1878221,0.16510588046922026,0.0016496973055080608
AUSTRALIA,2024-03,1104112262,1195573,0.10828364480205364,0.0010822506035116732
AUSTRALIA,2024-04,1297188099,1898103,0.14632442291624817,0.0014621747304901166
AUSTRALIA,2024-05,1175804342,1503798,0.12789525827418657,0.0012781354195551856
AUSTRALIA,2024-06,1154115127,1645219,0.142552416263408,0.0014245090676453965
AUSTRALIA,2024-07,1451272953,1645152,0.11335924069963701,0.0011329503762787273
AUSTRALIA,2024-08,1365665386,1576028,0.11540367180398026,0.0011533713295391503
AUSTRALIA,2024-09,1460084162,1655149,0.11335983521201978,0.0011329563146708212
AUSTRALIA,2024-10,1592294497,2428628,0.1525237953516585,0.0015240759595040183
AUSTRALIA,2024-11,1356000769,1243353,0.09169264711530557,0.0009165063508696308
AUSTRALIA,2024-12,2345962458,1494120,0.06368899872650903,0.0006366872589096906
AUSTRALIA,2025-01,4579857557,1395822,0.030477410762843077,0.0003047276734344775
AUSTRALIA,2025-02,3802814080,1370246,0.036032421548202534,0.0003602593143017372
AUSTRALIA,2025-03,3888667229,3120845,0.08025487438796733,0.0008022268738359424
AUSTRALIA,2025-04,1713078334,18364764,1.072032938337308,0.010663274058034163
AUSTRALIA,2025-05,1400050003,55049954,3.9319991344623424,0.03856664482089399
AUSTRALIA,2025-06,1379017260,83617433,6.06355231550909,0.05886827861190485
AUSTRALIA,2025-07,3219660447,105231649,3.26840829125482,0.03216131849669435
AUSTRALIA,2025-08,1268099638,84545718,6.6671194807170195,0.06454276626028267
AUSTRALIA,2025-09,2267610492,92595030,4.083374562195314,0.040022070463373735
AUSTRIA,2024-01,1390582075,20704988,1.48894397333577,0.014779680189766504
AUSTRIA,2024-02,1425685864,19973447,1.4009711048099442,0.013912482093644802
AUSTRIA,2024-03,1588523195,25825794,1.625773805588026,0.01612699617402389
AUSTRIA,2024-04,1377590474,21989542,1.5962321470001686,0.015836263301297154
AUSTRIA,2024-05,1475281456,19299926,1.3082199278996427,0.01299736637629082
AUSTRIA,2024-06,1462412894,15746933,1.0767775000211397,0.010710215335347786
AUSTRIA,2024-07,1362428018,17458632,1.2814351855174486,0.012732942780493051
AUSTRIA,2024-08,1501138841,19559603,1.3029842720590827,0.012945684576536465
AUSTRIA,2024-09,1412378449,17341319,1.2278096576932405,0.012203332104010924
AUSTRIA,2024-10,1541064659,17993329,1.167590788285023,0.011608270446952755
AUSTRIA,2024-11,1480221595,20865627,1.4096286036145824,0.0139978573040366
AUSTRIA,2024-12,1555979458,22222602,1.4282066441008248,0.014181038518877543
AUSTRIA,2025-01,1312477387,16983629,1.294013075442038,0.01285712258657251
AUSTRIA,2025-02,1270613751,20627362,1.6234171858887745,0.016103806711986073
AUSTRIA,2025-03,1612844170,39446917,2.4457984059303137,0.02416367668873364
AUSTRIA,2025-04,1238170572,82744937,6.682838283447751,0.06469011855342491
AUSTRIA,2025-05,1365416435,140632171,10.299580947991153,0.09802994106189235
AUSTRIA,2025-06,1353902262,130772186,9.65890889397155,0.09220453403836106
AUSTRIA,2025-07,1372652310,159479759,11.618365250847827,0.10991541359972451
AUSTRIA,2025-08,1211824897,137842287,11.374769353331745,0.10773062889911475
AUSTRIA,2025-09,1223257630,154258232,12.610445111223218,0.11876428839239533
AZERBAIJAN,2024-01,13808844,524172,3.7959151396018376,0.03725643078631346
AZERBAIJAN,2024-02,7972771,460491,5.775796144151137,0.05615153736022799
AZERBAIJAN,2024-03,9665626,612816,6.340158412916039,0.061472811770234274
AZERBAIJAN,2024-04,15147219,676804,4.4681733326757875,0.043712277618728125
AZERBAIJAN,2024-05,55769968,1582377,2.83732814765108,0.027978215399700614
AZERBAIJAN,2024-06,8495152,905395,10.657784581135218,0.10127223123027755
AZERBAIJAN,2024-07,10548360,658649,6.244089128546997,0.060568988537610294
AZERBAIJAN,2024-08,7267953,664770,9.146591894581597,0.08752167246707414
AZERBAIJAN,2024-09,11030276,562714,5.101540523555348,0.04975674948059141
AZERBAIJAN,2024-10,7783954,726681,9.335628139631863,0.08925212258967373
AZERBAIJAN,2024-11,6284304,315811,5.025393424633818,0.04903197706970558
AZERBAIJAN,2024-12,4037477,356597,8.832174152323345,0.08463682302950458
AZERBAIJAN,2025-01,11332378,4632995,40.88281382777736,0.34275825122425696
AZERBAIJAN,2025-02,8005995,736403,9.19814464036013,0.087993886705481
AZERBAIJAN,2025-03,10573537,1155143,10.924849461443225,0.10368275415577365
AZERBAIJAN,2025-04,16108001,3438977,21.349495818879078,0.19350459140768914
AZERBAIJAN,2025-05,9841502,1624206,16.503639383500605,0.15275232587307858
AZERBAIJAN,2025-06,14373422,4321768,30.067773700653888,0.26288546477788494
AZERBAIJAN,2025-07,8116278,2096747,25.833848963773786,0.22979219174983725
AZERBAIJAN,2025-08,3756458,1070541,28.498681470683284,0.2507484573660047
AZERBAIJAN,2025-09,6562701,1965822,29.954465394659913,0.2620139369150356
BAHAMAS,2024-01,228272225,330936,0.1449742735893515,0.0014486928734578452
BAHAMAS,2024-02,135587274,1048,0.0007729338964363278,7.729309093176787e-06
BAHAMAS,2024-03,59177780,12034,0.02033533532349473,0.0002033326797444463
BAHAMAS,2024-04,97806083,241,0.0002464059418471957,2.464056382682535e-06
BAHAMAS,2024-05,163873460,302850,0.18480722869951,0.0018463667024451761
BAHAMAS,2024-06,153783764,484769,0.3152276855442295,0.003147318847365893
BAHAMAS,2024-07,154552828,180653,0.11688754087372637,0.0011681928057434773
BAHAMAS,2024-08,68020056,164730,0.242178571567186,0.002418857918690731
BAHAMAS,2024-09,36066283,4103,0.011376276285526846,0.00011375629236289164
BAHAMAS,2024-10,109547878,1666,0.0015207962312149945,1.5207846672263529e-05
BAHAMAS,2024-11,219290630,493327,0.2249649244019227,0.0022471225718665136
BAHAMAS,2024-12,366392066,1268640,0.34625203920218073,0.0034565396698946044
BAHAMAS,2025-01,65009249,220028,0.3384564556344898,0.0033788498087180363
BAHAMAS,2025-02,119115776,327416,0.2748720706818885,0.0027449498824383954
BAHAMAS,2025-03,261266838,332396,0.12722471881410377,0.0012714385674581004
BAHAMAS,2025-04,221265847,920517,0.41602308376131814,0.00415160100375655
BAHAMAS,2025-05,241853792,916902,0.379114171590082,0.003783973449708907
BAHAMAS,2025-06,245123216,894640,0.3649756292361961,0.0036431120934289603
BAHAMAS,2025-07,103847888,816200,0.7859572454665616,0.00782884690320748
BAHAMAS,2025-08,127164965,678396,0.5334771255589147,0.0053205917705981135
BAHAMAS,2025-09,217494803,1608467,0.739542728292225,0.007368215191577217
BAHRAIN,2024-01,100993307,1404635,1.3908198886882672,0.013812367428446335
BAHRAIN,2024-02,106719469,1807927,1.694092949431748,0.016799032286434902
BAHRAIN,2024-03,86956039,2057837,2.3665256877673557,0.023389575594257923
BAHRAIN,2024-04,116722977,1953786,1.6738658062156864,0.016600110652894157
BAHRAIN,2024-05,103299186,2367748,2.2921264839395734,0.022662519041156844
BAHRAIN,2024-06,92537215,1710160,1.8480780948508122,0.018312086549401415
BAHRAIN,2024-07,98367275,1886881,1.9181999298038903,0.019000344080538575
BAHRAIN,2024-08,97221191,1169612,1.203042246211528,0.011958632134887095
BAHRAIN,2024-09,98781650,2114716,2.140798417519853,0.02118205209452864
BAHRAIN,2024-10,87308079,2276336,2.607245544825239,0.025738363600424446
BAHRAIN,2024-11,141993942,3720835,2.6204181302326264,0.025866734066565245
BAHRAIN,2024-12,108008875,2096992,1.941499714722517,0.019228930555066984
BAHRAIN,2025-01,120426778,4759576,3.952257196484988,0.03876154233207944
BAHRAIN,2025-02,104408926,2048473,1.9619711441146326,0.019429725856634654
BAHRAIN,2025-03,120298548,6500498,5.403637955796441,0.052626965233160836
BAHRAIN,2025-04,104560913,11542636,11.039149973757402,0.10471265560563221
BAHRAIN,2025-05,101179813,17631812,17.42621524710665,0.1606399950058132
BAHRAIN,2025-06,107151717,14311511,13.356305807026873,0.12536582071077773
BAHRAIN,2025-07,98821459,17786974,17.99910078235133,0.16550681795998926
BAHRAIN,2025-08,71446799,19398411,27.15084688398706,0.24020396636896163
BAHRAIN,2025-09,100832971,30520145,30.268021161451248,0.2644238433200728
BANGLADESH,2024-01,614993803,91599595,14.894393171633308,0.13884320021413263
BANGLADESH,2024-02,720228750,111927239,15.540512510782165,0.1444510401417762
BANGLADESH,2024-03,657876396,97821714,14.869315055954674,0.13862490537573824
BANGLADESH,2024-04,633748616,94315483,14.882159995123367,0.13873672132102627
BANGLADESH,2024-05,690206900,102618378,14.867770519245752,0.13861145925139937
BANGLADESH,2024-06,571650411,87753068,15.350827413294732,0.14280797167308615
BANGLADESH,2024-07,786114122,115830380,14.734550208220277,0.13745101517963862
BANGLADESH,2024-08,695484366,108820280,15.646689605097464,0.14536957802630252
BANGLADESH,2024-09,793325161,125786366,15.85558761825279,0.1471742952183693
BANGLADESH,2024-10,826594905,128320592,15.523999872706693,0.14430811349386086
BANGLADESH,2024-11,713268305,107401663,15.057680573651734,0.14026338683653497
BANGLADESH,2024-12,655207851,99533769,15.19117465520113,0.14142295044326467
BANGLADESH,2025-01,904265282,136604548,15.10668945487614,0.14068924668581578
BANGLADESH,2025-02,789028338,116648634,14.783833277227618,0.13788046286932998
BANGLADESH,2025-03,829373680,123267166,14.862681198178365,0.1385671523601695
BANGLADESH,2025-04,886013236,153466788,17.321049140624805,0.15974400063678995
BANGLADESH,2025-05,633474007,126102005,19.90642135376519,0.18154143052261323
BANGLADESH,2025-06,835565826,201343352,24.096647533308765,0.21589049162154983
BANGLADESH,2025-07,832257662,202443105,24.32457089232541,0.21772546710726046
BANGLADESH,2025-08,749903850,202199988,26.963455114945734,0.23872910406065842
BANGLADESH,2025-09,908271811,280189031,30.848588231700607,0.2688706537185535
BARBADOS,2024-01,3345053,580,0.017339037677429926,0.00017337534640031
BARBADOS,2024-02,2952083,57,0.0019308400204194802,1.9308213799435027e-05
BARBADOS,2024-03,4320091,18372,0.4252688195688471,0.004243671072878695
BARBADOS,2024-04,4018097,775,0.019287737453824536,0.0001928587760888826
BARBADOS,2024-05,3459427,29,0.0008382891155095917,8.382856018860219e-06
BARBADOS,2024-06,4453374,229,0.005142168611933334,5.142036406975281e-05
BARBADOS,2024-07,4161095,1424,0.034221761339262864,0.0003421590703011078
BARBADOS,2024-08,3484154,0,0.0,0.0
BARBADOS,2024-09,4976312,39299,0.7897213840289756,0.007866194053304593
BARBADOS,2024-10,5725589,17,0.00029691268444172295,2.9691224365688455e-06
BARBADOS,2024-11,3509782,5316,0.15146239851933824,0.0015134780991968061
BARBADOS,2024-12,4181640,18788,0.44929740484594566,0.0044829107719938305
BARBADOS,2025-01,2708493,174,0.006424236651156197,6.424030305910804e-05
BARBADOS,2025-02,4366127,977,0.022376811302099092,0.0002237430806710133
BARBADOS,2025-03,5028946,75,0.0014913661828939901,1.4913550621391e-05
BARBADOS,2025-04,3698456,114314,3.0908573739960676,0.030440523837932162
BARBADOS,2025-05,4898584,330804,6.7530535354706585,0.0653480702592748
BARBADOS,2025-06,3847875,302630,7.8648604749374655,0.07570896571801741
BARBADOS,2025-07,3415647,281349,8.237063139135865,0.07915366464543555
BARBADOS,2025-08,3681689,240430,6.530426660155163,0.06326045469744575
BARBADOS,2025-09,4336144,331758,7.650991295492032,0.07372424628422108
BELARUS,2024-01,1683456,149772,8.89669822080292,0.08522952412298117
BELARUS,2024-02,2246471,174858,7.783674928365423,0.07495602250645597
BELARUS,2024-03,1907871,243553,12.765695374582453,0.12014198780264103
BELARUS,2024-04,1331326,78844,5.922215896031475,0.05753482645035187
BELARUS,2024-05,1363420,94804,6.9533966055947545,0.06722300785411295
BELARUS,2024-06,2752991,102921,3.738515672590285,0.03670327468348737
BELARUS,2024-07,1333547,85976,6.447166841513647,0.06247859007484316
BELARUS,2024-08,1219029,97091,7.964617740841276,0.07663337394836933
BELARUS,2024-09,1403486,89144,6.351613054921816,0.06158052296129541
BELARUS,2024-10,1502746,145496,9.682008802552128,0.09241516421998491
BELARUS,2024-11,1779440,134579,7.562997347480106,0.07290651177290834
BELARUS,2024-12,1536230,91937,5.984585641472957,0.05812347907301373
BELARUS,2025-02,1206723,90389,7.490451412627422,0.07223183356595281
BELARUS,2025-03,1680231,176246,10.48939104206505,0.09974932169149428
BELARUS,2025-04,1733413,317650,18.32511928778658,0.16826589794050978
BELARUS,2025-06,1737027,450810,25.952964461692307,0.2307383533472953
BELARUS,2025-07,1569337,160845,10.24923263773173,0.09757336811266192
BELARUS,2025-08,2265896,111010,4.899165716343557,0.04782937624948858
BELARUS,2025-09,1281405,27631,2.1563049933471463,0.021333856262068754
BELGIUM,2024-01,1697991536,15998058,0.9421753678282175,0.009377645789764718
BELGIUM,2024-02,1926415948,16273939,0.8447780458262694,0.008412297654833742
BELGIUM,2024-03,2318336903,22195497,0.957388763094714,0.009528348396387724
BELGIUM,2024-04,2684959448,27117673,1.0099844532177085,0.010049181939690996
BELGIUM,2024-05,2509666959,20066626,0.7995732632187872,0.007963936140401967
BELGIUM,2024-06,2325378777,19904086,0.8559502734293684,0.008523077895516274
BELGIUM,2024-07,2186509340,24209134,1.1072046918400085,0.01101120052436934
BELGIUM,2024-08,3094365495,18464019,0.5966980639434774,0.005949248712870682
BELGIUM,2024-09,2525376483,20475738,0.8107994248713372,0.008075301061903505
BELGIUM,2024-10,2212754587,20606896,0.9312779700499159,0.009269683126931112
BELGIUM,2024-11,2137815977,20919619,0.9785509709472997,0.00973794167589931
BELGIUM,2024-12,2167364205,23145039,1.0678887722979626,0.010622271113095275
BELGIUM,2025-01,1955509953,15755358,0.805690504199648,0.008024621470421878
BELGIUM,2025-02,1689954318,16622938,0.9836323871566333,0.009788262148038351
BELGIUM,2025-03,3394301172,31119740,0.9168231816525443,0.009126458708771067
BELGIUM,2025-04,2216044240,51467908,2.322512658862803,0.022959527850242075
BELGIUM,2025-05,2489927598,90544666,3.6364377049649454,0.035718797298854014
BELGIUM,2025-06,2626347654,89605691,3.411798543255614,0.033548875410855425
BELGIUM,2025-07,2112800051,83615432,3.957564841993654,0.03881259952079501
BELGIUM,2025-08,2706114597,82545701,3.0503401848358607,0.030047422505818287
BELGIUM,2025-09,2010989266,87016381,4.327043533806709,0.04236042844823518
BELIZE,2024-01,2354374,213,0.009046990834931068,9.046581619396172e-05
BELIZE,2024-02,2587126,5430,0.20988540952392734,0.002096654578088749
BELIZE,2024-03,5075242,83,0.0016353899971666376,1.6353766248102167e-05
BELIZE,2024-04,13695812,103,0.0007520547157043336,7.520518877870348e-06
BELIZE,2024-05,9336613,2229,0.023873753790587655,0.00023870904463472594
BELIZE,2024-06,5079524,4662,0.09178025342532097,0.0009173816110371764
BELIZE,2024-07,17122033,13551,0.07914363907603729,0.0007911233701264554
BELIZE,2024-08,11948285,184,0.0015399699622163346,1.5399581048006455e-05
BELIZE,2024-09,2808901,3404,0.12118618634120604,0.0012111281515358673
BELIZE,2024-10,3023702,1402,0.04636700309752746,0.00046356256924303557
BELIZE,2024-11,3915272,1231,0.031440982899783206,0.0003143604125852794
BELIZE,2024-12,4181614,831,0.01987270943707382,0.00019870735075740365
BELIZE,2025-01,2065813,2011,0.09734666206476578,0.0009729931092903183
BELIZE,2025-02,2294301,690,0.030074519428793346,0.0003006999795171793
BELIZE,2025-03,2038366,1340,0.06573893010381845,0.0006571733153442307
BELIZE,2025-04,1584393,44554,2.8120548374046086,0.0277324251132737
BELIZE,2025-05,9955723,5984784,60.11400678785458,0.4707159179319991
BELIZE,2025-06,4356281,342489,7.861958399836926,0.07568206062466042
BELIZE,2025-07,19744384,370668,1.8773338281913479,0.018599294053516725
BELIZE,2025-08,2680539,222583,8.30366579258873,0.07976881594636362
BELIZE,2025-09,4297921,357933,8.328049771040464,0.07999393513993387
BENIN,2024-01,2286838,115,0.0050287777271498905,5.028651288361612e-05
BENIN,2024-02,3691413,0,0.0,0.0
BENIN,2024-03,3033473,0,0.0,0.0
BENIN,2024-04,3888108,267,0.00686709319802845,6.866857423977318e-05
BENIN,2024-05,3607735,0,0.0,0.0
BENIN,2024-06,2660580,68,0.002555833690398334,2.555801029525573e-05
BENIN,2024-07,2288914,0,0.0,0.0
BENIN,2024-08,3725592,0,0.0,0.0
BENIN,2024-09,15588028,0,0.0,0.0
BENIN,2024-10,4394741,0,0.0,0.0
BENIN,2024-11,2498208,0,0.0,0.0
BENIN,2025-01,1052006,0,0.0,0.0
BENIN,2025-02,1561106,0,0.0,0.0
BENIN,2025-03,2708265,0,0.0,0.0
BENIN,2025-04,4554799,8533,0.18734086838958205,0.0018716560424484531
BENIN,2025-05,7840453,15498,0.19766715009961797,0.0019747204565110444
BENIN,2025-06,2932672,36602,1.2480768391419155,0.012403525636850992
BENIN,2025-07,1873572,75656,4.038062054727547,0.03958662749391981
BENIN,2025-08,4885685,54047,1.1062317771203014,0.011001577872811624
BENIN,2025-09,1562910,43909,2.809438803258025,0.027706979970352055
BOLIVIA,2024-01,25542380,280291,1.0973566284739322,0.010913793588447036
BOLIVIA,2024-02,40806994,129301,0.3168598990653416,0.0031635895600001305
BOLIVIA,2024-03,36894382,120082,0.32547502760718416,0.003249465041366368
BOLIVIA,2024-04,39764594,170512,0.428803573349699,0.00427886830576628
BOLIVIA,2024-05,45005738,132573,0.2945691058326829,0.002941361011657041
BOLIVIA,2024-06,38399650,96378,0.25098666263885216,0.0025067221714900087
BOLIVIA,2024-07,29872684,144188,0.4826750753296891,0.004815139340486522
BOLIVIA,2024-08,56970994,196853,0.34553197369173516,0.003449363835427934
BOLIVIA,2024-09,47221018,127956,0.2709725571778228,0.0027060608841468253
BOLIVIA,2024-10,55617828,107250,0.19283385176422208,0.0019264816596402466
BOLIVIA,2024-11,46150243,98860,0.21421338994899763,0.0021398428019766685
BOLIVIA,2024-12,40599652,108164,0.2664160766698197,0.0026606181810197123
BOLIVIA,2025-01,42828582,115155,0.26887418313312356,0.0026851336312453795
BOLIVIA,2025-02,52848596,41390,0.07831806922552871,0.000782874166289964
BOLIVIA,2025-03,42609606,37797,0.08870534968100856,0.000886660297365765
BOLIVIA,2025-04,29840039,213646,0.7159709141130813,0.007134200109433006
BOLIVIA,2025-05,56346462,1025446,1.8198942109266771,0.0180353235042848
BOLIVIA,2025-06,57950657,934724,1.612965319789213,0.016000952429894296
BOLIVIA,2025-07,64292082,923779,1.4368472310478295,0.0142662240822575
BOLIVIA,2025-08,61123300,1278887,2.092306861704129,0.020707187290797135
BOLIVIA,2025-09,63214268,2262045,3.57837727394075,0.03515840848158217
BOSNIA AND HERZEGOVINA,2024-01,16332056,384095,2.351785960077531,0.023245575503629483
BOSNIA AND HERZEGOVINA,2024-02,14876517,826150,5.55338322807684,0.0540466411139706
BOSNIA AND HERZEGOVINA,2024-03,13101039,284984,2.175277853916777,0.02151956285093553
BOSNIA AND HERZEGOVINA,2024-04,14875864,269903,1.8143685637351887,0.01798105319517715
BOSNIA AND HERZEGOVINA,2024-05,16569526,472228,2.8499789312017736,0.028101225261089834
BOSNIA AND HERZEGOVINA,2024-06,16011397,498998,3.1165175655815665,0.030689401374203278
BOSNIA AND HERZEGOVINA,2024-07,14812859,458360,3.094338506833826,0.03047429088724157
BOSNIA AND HERZEGOVINA,2024-08,19722119,614506,3.11582137801724,0.030682649886362958
BOSNIA AND HERZEGOVINA,2024-09,11385136,406310,3.568775990027699,0.03506570835253245
BOSNIA AND HERZEGOVINA,2024-10,12413078,390813,3.1483971985030625,0.030998514857820236
BOSNIA AND HERZEGOVINA,2024-11,15965691,257045,1.6099835578679307,0.01597160769360379
BOSNIA AND HERZEGOVINA,2024-12,12875997,264805,2.056578609019558,0.02035716575659223
BOSNIA AND HERZEGOVINA,2025-01,10709451,266461,2.4880920599944853,0.024576430817086603
BOSNIA AND HERZEGOVINA,2025-02,10574939,247661,2.341961499730637,0.02314958370635813
BOSNIA AND HERZEGOVINA,2025-03,11121878,370869,3.334589715873524,0.03280198128978794
BOSNIA AND HERZEGOVINA,2025-04,13589421,648556,4.772506496045711,0.04662120888602854
BOSNIA AND HERZEGOVINA,2025-05,12284750,1049606,8.54397525387167,0.08198520675880407
BOSNIA AND HERZEGOVINA,2025-06,13359328,1624091,12.156981249356255,0.11472932225477891
BOSNIA AND HERZEGOVINA,2025-07,18265103,2552017,13.972092027074801,0.13078342565628737
BOSNIA AND HERZEGOVINA,2025-08,14093098,2297375,16.301419318875098,0.15101507740767547
BOSNIA AND HERZEGOVINA,2025-09,23412483,4393577,18.765959168021606,0.171984640890596
BOTSWANA,2024-01,17077215,215,0.0012589874871283169,1.2589795619473711e-05
BOTSWANA,2024-02,21471415,274,0.0012761152443842197,1.2761071021029048e-05
BOTSWANA,2024-03,69241155,825,0.0011914879236199917,1.1914808254590135e-05
BOTSWANA,2024-04,26803595,1505,0.005614918446574051,5.61476081592877e-05
BOTSWANA,2024-05,86897713,237,0.00027273445044520333,2.727340785254773e-06
BOTSWANA,2024-06,19637416,3184,0.016213945867419623,0.000162126315492833
BOTSWANA,2024-07,27824872,1222,0.004391754254970157,4.3916578202664165e-05
BOTSWANA,2024-08,35837159,974,0.002717849369700316,2.7178124368435187e-05
BOTSWANA,2024-09,21620612,658,0.0030433921111946323,3.043345800956519e-05
BOTSWANA,2024-10,26617423,1528,0.005740600808725923,5.74043604254338e-05
BOTSWANA,2024-11,32155388,515,0.001601597841083429,1.6015850156421473e-05
BOTSWANA,2024-12,19939711,432,0.002166530899068698,2.1665074301269886e-05
BOTSWANA,2025-01,13836618,11507,0.08316338573486672,0.0008312882415162676
BOTSWANA,2025-02,10729732,14,0.00013047856181310025,1.3047847668989882e-06
BOTSWANA,2025-03,69736951,11101,0.015918390237623092,0.00015917123396323016
BOTSWANA,2025-04,16044531,71955,0.44847057230903165,0.004474679395953728
BOTSWANA,2025-05,45685020,158238,0.34636736505751775,0.003457688948385058
BOTSWANA,2025-06,4687213,375632,8.013973335540756,0.07709041550339242
BOTSWANA,2025-07,15195665,1283675,8.447639507714864,0.08109728532836588
BOTSWANA,2025-08,8787096,630751,7.17815077927907,0.06932222451755857
BOTSWANA,2025-09,12986162,673538,5.186582456002012,0.05056556298729608
BRAZIL,2024-01,3756240944,60890564,1.6210505371670323,0.016080518021785912
BRAZIL,2024-02,3152787715,33355365,1.0579641896378045,0.010524069101598976
BRAZIL,2024-03,3181865895,36466379,1.1460690111831378,0.011395513906396867
BRAZIL,2024-04,3247186510,40096468,1.2348064355564226,0.012272448842705487
BRAZIL,2024-05,3702362432,33392769,0.9019313914645946,0.008978882828160017
BRAZIL,2024-06,3383453665,42904116,1.2680568510164598,0.01260084336729847
BRAZIL,2024-07,3537769412,50869604,1.4379004981910901,0.014276607505084235
BRAZIL,2024-08,3940846806,51213005,1.2995431571211398,0.012911715455006361
BRAZIL,2024-09,3327112329,45729737,1.3744572613736963,0.013650972661254717
BRAZIL,2024-10,3329271956,52491139,1.5766551874922892,0.015643550978060475
BRAZIL,2024-11,3978757552,54264834,1.3638638014704547,0.013546468886562817
BRAZIL,2024-12,3810755873,46876357,1.2301065343001572,0.012226022020515223
BRAZIL,2025-01,3770692490,45289712,1.2010979977844864,0.011939420586894473
BRAZIL,2025-02,3344528014,55676467,1.66470326356788,0.016509989603100957
BRAZIL,2025-03,3898077228,98939912,2.5381721862592097,0.025064954835653963
BRAZIL,2025-04,3184151304,150237042,4.718275849871486,0.046103471095579454
BRAZIL,2025-05,4224143105,328895854,7.7860963945727875,0.07497848823708791
BRAZIL,2025-06,3589748325,318123888,8.86201090434383,0.08491093923706011
BRAZIL,2025-07,4032157017,373146784,9.254272153261239,0.08850775160072917
BRAZIL,2025-08,3063242275,346637384,11.31602899414804,0.10720307804401041
BRAZIL,2025-09,2899295422,504004428,17.383686538998024,0.16027775552400117
BRUNEI,2024-01,1523089,40334,2.6481709210689592,0.02613713872159506
BRUNEI,2024-02,61510743,93835,0.15255058778919317,0.0015243434758174935
BRUNEI,2024-03,10681461,54292,0.5082825280174688,0.005069951329360881
BRUNEI,2024-04,26082548,43682,0.16747596898891934,0.001673358843715467
BRUNEI,2024-05,23553994,44765,0.19005269339883502,0.0018987232176543459
BRUNEI,2024-06,17533807,65999,0.37640998329683906,0.003757033336306895
BRUNEI,2024-07,5157310,19961,0.387042857613756,0.0038629577381479453
BRUNEI,2024-08,10531132,91199,0.8659942729803406,0.008622660512388795
BRUNEI,2024-09,36554032,142035,0.3885617871101059,0.0038780883562234496
BRUNEI,2024-10,1665274,137046,8.229636684413496,0.07908504942904118
BRUNEI,2024-11,41813654,77262,0.18477696304656846,0.0018460646041694962
BRUNEI,2024-12,2012732,111553,5.5423672898329235,0.05394227199970005
BRUNEI,2025-01,1600012,85131,5.320647595143036,0.05183929745460204
BRUNEI,2025-02,26376969,92828,0.351928229509615,0.0035131041120968
BRUNEI,2025-04,2091298,115428,5.519442948828909,0.053725043301924374
BRUNEI,2025-05,4381054,206936,4.723429567405469,0.04615268495701889
BRUNEI,2025-06,13187600,1244131,9.434097182201462,0.09015232986537845
BRUNEI,2025-07,1812604,74752,4.124011642918144,0.04041242242907011
BRUNEI,2025-08,5497316,261272,4.752719327031591,0.04643233263978931
BRUNEI,2025-09,3228203,287269,8.898727868104949,0.08524816223066355
BULGARIA,2024-01,111363721,2176899,1.9547649633582198,0.019359048178117726
BULGARIA,2024-02,97652850,2080678,2.130688454049216,0.021083066537281012
BULGARIA,2024-03,134576056,2441838,1.8144669063566554,0.01798201909591748
BULGARIA,2024-04,180421394,2414982,1.3385230800289682,0.013296440044146532
BULGARIA,2024-05,112507830,2453164,2.1804384637051486,0.021570068996615815
BULGARIA,2024-06,112278681,2409148,2.145686054149496,0.021229902902115995
BULGARIA,2024-07,105161198,2779096,2.6427009703712203,0.026083848961084653
BULGARIA,2024-08,123759702,2963247,2.394355312846503,0.023661401199954774
BULGARIA,2024-09,108728916,2384257,2.1928453696714865,0.02169148316336859
BULGARIA,2024-10,126363259,2797172,2.213595963048088,0.021894515839957364
BULGARIA,2024-11,131899609,3011039,2.2828263274078395,0.022571597289394625
BULGARIA,2024-12,144371197,2775965,1.9227969689826703,0.01904544824750693
BULGARIA,2025-01,122890024,2527232,2.0564989066972594,0.020356384794164257
BULGARIA,2025-02,117425571,2170365,1.8482899265612258,0.018314166426548675
BULGARIA,2025-03,139109459,2766503,1.9887238580950848,0.019692070774200147
BULGARIA,2025-04,118658937,5324045,4.486847037910006,0.04389101182909371
BULGARIA,2025-05,109389720,9048495,8.271796472282771,0.07947451371837615
BULGARIA,2025-06,116526021,11289446,9.688347635246208,0.0924729553709752
BULGARIA,2025-07,134747958,12670231,9.402911322782346,0.08986731537131938
BULGARIA,2025-08,138156734,17784025,12.872354814062122,0.12108739082606487
BULGARIA,2025-09,117402961,17043392,14.517003536222568,0.13555312848055867
BURMA,2024-01,47870137,3137984,6.555201628104804,0.06349299002383353
BURMA,2024-02,46116466,2786986,6.043364207482854,0.05867792076390881
BURMA,2024-03,49479858,3920598,7.923624194717778,0.07625360758176547
BURMA,2024-04,43816903,2521092,5.753697380209642,0.05594259473332809
BURMA,2024-05,45595718,2453596,5.381198295857518,0.05241404991702393
BURMA,2024-06,43413476,2845317,6.553994893198601,0.06348166498553472
BURMA,2024-07,46065429,3647501,7.918087553249531,0.0762023047874666
BURMA,2024-08,62542963,5222489,8.350242376588394,0.08019877896997858
BURMA,2024-09,67517350,5104266,7.559932372938214,0.0728780166743516
BURMA,2024-10,79440109,6264267,7.8855216575798,0.07590049430305419
BURMA,2024-11,61608679,5035339,8.173100091952954,0.07856253668646652
BURMA,2024-12,58907808,4784761,8.122456364358355,0.07809425403332479
BURMA,2025-01,53429949,3807077,7.125361470960791,0.06882956521550886
BURMA,2025-02,45206351,3125992,6.914939894175489,0.06686337807007724
BURMA,2025-03,74757359,4436438,5.934449878038094,0.05765031946045393
BURMA,2025-04,57734289,4821534,8.351248596826057,0.08020806566416006
BURMA,2025-05,57867006,7019488,12.130380479681287,0.11449211968041514
BURMA,2025-06,49675745,7497993,15.093871264537654,0.14057788127200727
BURMA,2025-07,75306807,12623882,16.763268159809243,0.15497835001213864
BURMA,2025-08,83027774,16754523,20.17941972044198,0.18381560448568068
BURMA,2025-09,86199689,31916695,37.02646189361541,0.3150038736966313
CAMBODIA,2024-01,835519381,64274219,7.692726280397319,0.07411185903557162
CAMBODIA,2024-02,876249023,66640353,7.605184285609183,0.07329864167194325
CAMBODIA,2024-03,951369289,64088656,6.736464666351029,0.06519266338691178
CAMBODIA,2024-04,848053403,54407931,6.415625573522991,0.062182237031047694
CAMBODIA,2024-05,896652932,61283838,6.8347334640734765,0.06611290736660176
CAMBODIA,2024-06,845303009,57732945,6.829852063143431,0.0660672151811715
CAMBODIA,2024-07,1207340634,80922829,6.702568166855884,0.06487504107265962
CAMBODIA,2024-08,1431570470,93027196,6.498261730699154,0.06295847725071403
CAMBODIA,2024-09,1549031603,111030546,7.1677392368863115,0.06922507740267651
CAMBODIA,2024-10,1363829616,101507018,7.442793205921992,0.07178836371026741
CAMBODIA,2024-11,877688176,66154435,7.537350600015374,0.07266804867574474
CAMBODIA,2024-12,963071084,76280239,7.920520122271681,0.07622484541676781
CAMBODIA,2025-01,1027192923,79141632,7.704651212827719,0.07422258399036323
CAMBODIA,2025-02,922075905,64712593,7.018141635530537,0.06782818209779032
CAMBODIA,2025-03,1076657820,86120061,7.998832999699013,0.07695023551940537
CAMBODIA,2025-04,1067924759,102410264,9.589651624511124,0.09157276458363611
CAMBODIA,2025-05,994221515,120060761,12.075856254227208,0.11400574403517696
CAMBODIA,2025-06,1194064509,178369906,14.938046031481203,0.13922306704689283
CAMBODIA,2025-07,1488127417,224945053,15.115980690247573,0.14076996189401506
CAMBODIA,2025-08,1771042087,289655428,16.355084395010202,0.15147640194604173
CAMBODIA,2025-09,1784147864,468272638,26.24629087356854,0.233064502516541
CAMEROON,2024-01,53015477,2965,0.0055927064468362705,5.5925500608400474e-05
CAMEROON,2024-02,30377618,33432,0.11005471199223059,0.0010999419619033013
CAMEROON,2024-03,6830548,12414,0.18174237264711413,0.0018157742102479228
CAMEROON,2024-04,47283281,42416,0.08970612678083825,0.0008966591488148956
CAMEROON,2024-05,42049832,49516,0.11775552396975093,0.001176862465326299
CAMEROON,2024-06,11121234,8613,0.07744644164487502,0.0007741646736326904
CAMEROON,2024-07,8456779,4935,0.05835555120927247,0.0005833853097866547
CAMEROON,2024-08,8187323,11659,0.1424030785154073,0.001423017814868753
CAMEROON,2024-09,9653456,6080,0.0629826250826647,0.0006296279935142706
CAMEROON,2024-10,7346608,6828,0.09294085107031708,0.0009289768780346341
CAMEROON,2024-11,10005612,5888,0.058846975077586454,0.0005882966703504765
CAMEROON,2024-12,12786698,12910,0.10096429899259371,0.0010091336432524194
CAMEROON,2025-01,8770722,14085,0.16059111211140883,0.0016046230247107947
CAMEROON,2025-02,8759398,4703,0.053690904329270116,0.0005367649592033766
CAMEROON,2025-03,25263458,6362,0.025182617518156064,0.00025179447229260716
CAMEROON,2025-04,24047230,28102,0.11686169259411583,0.0011679346246954822
CAMEROON,2025-05,13368456,89885,0.672366352554102,0.006701160512083866
CAMEROON,2025-06,24735874,1228800,4.967683777820019,0.04848234325286324
CAMEROON,2025-07,18177272,1171328,6.443915236565751,0.06244804295265833
CAMEROON,2025-08,30820337,2257168,7.32363179546025,0.07067867980423877
CAMEROON,2025-09,15964752,1744562,10.927585971896086,0.1037074238011409
CANADA,2024-01,33398588229,34243211,0.10252891758540444,0.0010247639258983872
CANADA,2024-02,33144865098,31635316,0.09544560192495372,0.0009540008157279975
CANADA,2024-03,34033740130,37868726,0.11126818814315251,0.0011120633097533705
CANADA,2024-04,34385460652,34259617,0.0996340207471012,0.0009958441900072548
CANADA,2024-05,35640449318,39802845,0.11167885299329772,0.0011161653855265474
CANADA,2024-06,34411909387,35766077,0.10393517139014544,0.001038811961871283
CANADA,2024-07,35918844645,36300139,0.10106154404120869,0.0010101051124291722
CANADA,2024-08,32864659556,30315394,0.09224314022892535,0.0009220062238884724
CANADA,2024-09,34551942302,31524434,0.0912378057489846,0.0009119620936215948
CANADA,2024-10,34476230840,35617625,0.1033106697924639,0.0010325734104636186
CANADA,2024-11,33499439809,31625348,0.09440560254235504,0.0009436106847962769
CANADA,2024-12,35560553402,34677992,0.09751814491742314,0.000974706268644558
CANADA,2025-01,38338463539,43141807,0.1125287844571908,0.0011246551827786078
CANADA,2025-02,34924705129,37850419,0.10837720421745412,0.001083185185229336
CANADA,2025-03,35667617565,660003129,1.8504267289432008,0.018335146454475575
CANADA,2025-04,29437590305,674504025,2.2913017608150996,0.022654456578507214
CANADA,2025-05,30167969870,567296128,1.8804584148174235,0.01862996366955373
CANADA,2025-06,29687708963,709060810,2.3883985486509163,0.023603224775573885
CANADA,2025-07,32171990358,962622941,2.9921149742003164,0.02948224566262368
CANADA,2025-08,29403967920,1129017385,3.839676971733004,0.0376779561359335
CANADA,2025-09,31905339352,1246352243,3.9064064771399205,0.03832037024640942
CAYMAN ISLANDS,2024-01,1806861,210,0.011622366081286828,0.00011621690736647034
CAYMAN ISLANDS,2024-02,2425490,1343,0.055370255082478184,0.0005535493141298102
CAYMAN ISLANDS,2024-03,2231869,1546,0.0692692985116958,0.0006924531840637578
CAYMAN ISLANDS,2024-04,2076882,214,0.010303907492096325,0.00010303376676011183
CAYMAN ISLANDS,2024-05,2754265,7074,0.2568380311988861,0.002565087659925481
CAYMAN ISLANDS,2024-06,3259298,130,0.003988588953817662,3.9885094117235146e-05
CAYMAN ISLANDS,2024-07,2001885,1488,0.07432994402775384,0.0007430233300618209
CAYMAN ISLANDS,2024-08,2217676,1831,0.08256390924553451,0.000825298439990949
CAYMAN ISLANDS,2024-09,5763137,1087,0.018861255597428968,0.00018859477086244922
CAYMAN ISLANDS,2024-10,2072125,360,0.01737346926464378,0.0001737196025224834
CAYMAN ISLANDS,2024-11,19577326,580719,2.966283546588538,0.02923140444485594
CAYMAN ISLANDS,2024-12,2858567,1990,0.0696153002535886,0.0006959108004343777
CAYMAN ISLANDS,2025-01,2475108,671,0.027109928132428966,0.00027106254055423665
CAYMAN ISLANDS,2025-02,3482325,2854,0.08195673867315659,0.0008192317247667483
CAYMAN ISLANDS,2025-03,3075889,6897,0.22422785737716802,0.0022397684187813434
CAYMAN ISLANDS,2025-04,2828667,70871,2.5054557500052144,0.02474583800319325
CAYMAN ISLANDS,2025-05,6816851,51670,0.7579746132048361,0.007551164194693546
CAYMAN ISLANDS,2025-06,4711447,31360,0.6656129210410305,0.006634074992104278
CAYMAN ISLANDS,2025-07,1850999,18608,1.0052949785494212,0.010002755009190291
CAYMAN ISLANDS,2025-08,2487452,34544,1.388730315198042,0.013791758116627681
CAYMAN ISLANDS,2025-09,3279851,47843,1.4586943126379825,0.01448157708122798
CHILE,2024-01,1494871253,334274,0.022361390610004594,0.0002235889082370557
CHILE,2024-02,1185362994,458321,0.03866503360741832,0.00038657560609528383
CHILE,2024-03,1380342343,212789,0.015415668517241162,0.00015414480425161983
CHILE,2024-04,1260861896,315452,0.025018759072722427,0.00025015629903103455
CHILE,2024-05,1386456150,417095,0.03008353347489569,0.00030079009287298263
CHILE,2024-06,1146451843,545843,0.04761150704522004,0.00047600176363534
CHILE,2024-07,1481774522,403147,0.02720704088337672,0.00027203340439180935
CHILE,2024-08,1698786213,372233,0.02191170361234854,0.00021909303349191861
CHILE,2024-09,1684342519,678371,0.0402751217372789,0.0004026701348712283
CHILE,2024-10,1221937334,260105,0.021286279808519215,0.00021284014601425294
CHILE,2024-11,1130179177,485714,0.04297672527371295,0.00042967492924216293
CHILE,2024-12,1351241464,269247,0.019925898307099316,0.00019923913363656756
CHILE,2025-01,1411273749,504083,0.03571830060306748,0.0003571192313664751
CHILE,2025-02,1391958932,294032,0.021123611712992693,0.00021121380992267347
CHILE,2025-03,1832047495,848824,0.04633198660605685,0.00046321256655280837
CHILE,2025-04,2460265209,22060870,0.8966866628564352,0.008926903001341496
CHILE,2025-05,1859823508,58166586,3.127532572300403,0.030796216642056538
CHILE,2025-06,1646919908,56134794,3.408471397262386,0.03351670113708166
CHILE,2025-07,1849693090,63683968,3.4429478243874505,0.033850045985031385
CHILE,2025-08,1266616325,57433024,4.534366316492881,0.044345695625431385
CHILE,2025-09,1192052586,61261793,5.139185445297126,0.05011486203914173
CHINA,2024-01,35782600942,4007984930,11.200932365136175,0.10616858037180298
CHINA,2024-02,31863625771,3632537122,11.4002629459265,0.10795950187866656
CHINA,2024-03,29924780142,3354788686,11.210737957240628,0.1062567555300273
CHINA,2024-04,31602676956,3452020716,10.923190844896475,0.10366780142917312
CHINA,2024-05,34995265867,3755096091,10.730297364424365,0.1019273052093732
CHINA,2024-06,34169113741,3822342602,11.186543001885113,0.10603917233524521
CHINA,2024-07,40801068990,4423369198,10.8413071213505,0.10292932680390036
CHINA,2024-08,39811237007,4325764895,10.865688233298055,0.10314926674767019
CHINA,2024-09,43018169857,4135644309,9.613715141177815,0.09179231884613134
CHINA,2024-10,41444880190,3969179538,9.57700811247055,0.09145738652321603
CHINA,2024-11,37774833328,3766936488,9.972079705267205,0.095056326725151
CHINA,2024-12,37553745287,4015551296,10.69281176966939,0.10158871728817848
CHINA,2025-01,41639170750,4542288963,10.908692178986296,0.1035370838268773
CHINA,2025-02,31635372246,4406458810,13.928898246351935,0.13040436823149745
CHINA,2025-03,29383677776,7353900908,25.027162916980117,0.22336083104310064
CHINA,2025-04,25378077558,9509459402,37.47115745968831,0.3182439451854649
CHINA,2025-05,20493855247,9342341956,45.58606393673822,0.37559723047334354
CHINA,2025-06,18948674201,7078417661,37.35574101868532,0.31740402414114777
CHINA,2025-07,26411388670,10137619142,38.38351428115196,0.32485873363488316
CHINA,2025-08,25132621489,9232925561,36.73681858074793,0.31288786003373903
CHINA,2025-09,23414653023,8697821839,37.14691748989921,0.31588255567738943
COLOMBIA,2024-01,1550641178,2818232,0.18174623761990666,0.001815812789859601
COLOMBIA,2024-02,1257574277,2798708,0.2225481270717817,0.00222300855524973
COLOMBIA,2024-03,1351869849,2352401,0.1740109080574664,0.0017385968448178093
COLOMBIA,2024-04,1676584792,2621885,0.15638248733440735,0.0015626033725365729
COLOMBIA,2024-05,1578626887,1868828,0.11838313507706018,0.0011831311749759589
COLOMBIA,2024-06,1467046640,1480802,0.1009376225421163,0.0010088671477773879
COLOMBIA,2024-07,1486232726,1721286,0.11581537466427717,0.001157483603961272
COLOMBIA,2024-08,1478003986,1993674,0.13488962268603785,0.0013479872836332052
COLOMBIA,2024-09,1518522200,2137122,0.1407369612377086,0.0014063801959717612
COLOMBIA,2024-10,1505559849,1902639,0.12637418573985895,0.001262944007770758
COLOMBIA,2024-11,1510766727,2002286,0.13253442534944046,0.001324466760034309
COLOMBIA,2024-12,1483187311,2211642,0.1491141397716556,0.001490030750333671
COLOMBIA,2025-01,1600210257,5655330,0.35341168294986125,0.003527886513411287
COLOMBIA,2025-02,1364508206,2305768,0.16898161475769094,0.0016883900146462054
COLOMBIA,2025-03,1509022401,8307317,0.5505098529017793,0.005490000858209101
COLOMBIA,2025-04,1822523219,51566034,2.8293759696676872,0.027900884671603572
COLOMBIA,2025-05,1518304708,61931116,4.078964892467422,0.039979702859895556
COLOMBIA,2025-06,1325629953,65729144,4.9583327421992855,0.048393254384490166
COLOMBIA,2025-07,1495543050,60499221,4.045301203465858,0.03965620680701702
COLOMBIA,2025-08,1454535312,56036760,3.852554113859836,0.03780195829119972
COLOMBIA,2025-09,1388046576,65842003,4.7435009846528375,0.04634432778346314
CONGO,2024-01,2670248,10834,0.4057301044696972,0.004049092394632054
CONGO,2024-02,2237337,0,0.0,0.0
CONGO,2024-03,2115880,75,0.003544624458853999,3.54456163852572e-05
CONGO,2024-04,2380750,860,0.036123070460989185,0.00036116547650670507
CONGO,2024-05,2197471,0,0.0,0.0
CONGO,2024-06,1835646,558,0.030398017918487553,0.00030393398657106247
CONGO,2024-07,2318162,0,0.0,0.0
CONGO,2024-08,1123906,56,0.004982623101932013,4.982498973390354e-05
CONGO,2024-09,6377779,1501,0.023534838695414187,0.00023532069686698061
CONGO,2024-10,8736207,861,0.009855535703309229,9.855050077296335e-05
CONGO,2024-11,2454865,1010,0.041142791966157,0.0004113433064024074
CONGO,2024-12,5697614,983,0.017252836011705953,0.00017251347881114411
CONGO,2025-01,4470933,0,0.0,0.0
CONGO,2025-02,16446050,2040,0.01240419432021671,0.00012403425063645769
CONGO,2025-03,15108160,6719,0.044472655836316266,0.0004446276968171233
CONGO,2025-04,29822850,21422,0.07183082770426033,0.000718050417126722
CONGO,2025-05,5485449,5058,0.09220758410113739,0.0009216509902261244
CONGO,2025-06,7773670,5559,0.07151062496864415,0.0007148506830432158
CONGO,2025-07,5272927,1123,0.021297469128626283,0.00021295201539623523
CONGO,2025-08,6976660,1164,0.01668420132269596,0.00016682809664616283
CONGO,2025-09,7623279,6120,0.0802804147664017,0.0008024820727781062
COSTA RICA,2024-01,758584363,735150,0.09691077694940568,0.0009686384877248764
COSTA RICA,2024-02,800534575,737270,0.0920972089181782,0.0009205482545938447
COSTA RICA,2024-03,971849752,795612,0.08186574090930056,0.0008183224918921081
COSTA RICA,2024-04,836372154,529162,0.06326872522826722,0.0006324871900831597
COSTA RICA,2024-05,991550014,1442127,0.14544168016117845,0.001453360161901
COSTA RICA,2024-06,1029641351,721698,0.07009217328918252,0.0007006762019792747
COSTA RICA,2024-07,936412269,699429,0.0746924216132841,0.0007466454070647098
COSTA RICA,2024-08,985520470,3733279,0.3788129332311078,0.0037809724388564976
COSTA RICA,2024-09,1042704503,721113,0.06915794435770266,0.0006913404127131763
COSTA RICA,2024-10,988705378,769394,0.07781832860627971,0.0007778806584391055
COSTA RICA,2024-11,1072142338,816180,0.0761260861615186,0.0007609712495363791
COSTA RICA,2024-12,1211440458,715776,0.059084703278087146,0.0005906725513972874
COSTA RICA,2025-01,811480255,557557,0.06870863419837615,0.000686850406229062
COSTA RICA,2025-02,1081205093,677076,0.06262234652644205,0.0006260274691708299
COSTA RICA,2025-03,1292145125,969391,0.07502183626626305,0.000749937089535511
COSTA RICA,2025-04,1166653080,41074180,3.52068500089161,0.034601261830044514
COSTA RICA,2025-05,1166296336,59067598,5.064544591006928,0.049404685702933014
COSTA RICA,2025-06,1271820125,54393676,4.276837182459273,0.04187907256794702
COSTA RICA,2025-07,1251595231,57317874,4.579585522565802,0.04477817950687558
COSTA RICA,2025-08,1154518246,65664614,5.687620289025731,0.05531757882760683
COSTA RICA,2025-09,1247717947,81352229,6.5200816575254406,0.06316334155071317
COTE D'IVOIRE,2024-01,150208796,59183,0.03940048890345942,0.0003939272894907
COTE D'IVOIRE,2024-02,123769103,925,0.0007473593793436477,7.473565866273526e-06
COTE D'IVOIRE,2024-03,120082962,1983,0.0016513583334161928,1.651344698644572e-05
COTE D'IVOIRE,2024-04,66662168,1165,0.0017476179292578665,1.7476026585936482e-05
COTE D'IVOIRE,2024-05,88325363,70029,0.07928526713215998,0.0007925385296767843
COTE D'IVOIRE,2024-06,50742991,4484,0.008836688400965563,8.836297988655595e-05
COTE D'IVOIRE,2024-07,61079733,1119,0.001832031584028044,1.8320148025343807e-05
COTE D'IVOIRE,2024-08,78565816,2387,0.0030382170281283657,3.0381708752496297e-05
COTE D'IVOIRE,2024-09,72548110,5098,0.007027061077125234,7.026814190754162e-05
COTE D'IVOIRE,2024-10,69683446,2756,0.003955028286058069,3.954950076876474e-05
COTE D'IVOIRE,2024-11,58729613,9382,0.015974905198166384,0.00015973629346061565
COTE D'IVOIRE,2024-12,74314769,1893,0.0025472729384383875,2.5472404959922034e-05
COTE D'IVOIRE,2025-01,233526285,2147,0.0009193825868467013,9.193783605509002e-06
COTE D'IVOIRE,2025-02,129486895,2989,0.0023083417051586574,2.3083150633615067e-05
COTE D'IVOIRE,2025-03,337819010,2706,0.0008010206412007423,8.010174330475361e-06
COTE D'IVOIRE,2025-04,206909075,523406,0.252964254951118,0.0025264483893852638
COTE D'IVOIRE,2025-05,208529946,9973779,4.782900102031388,0.046720405620323584
COTE D'IVOIRE,2025-06,198249393,15749084,7.944076782116554,0.07644309945449514
COTE D'IVOIRE,2025-07,101372076,7010183,6.915299830694993,0.06686674463338436
COTE D'IVOIRE,2025-08,118291991,7628791,6.449118774237219,0.0624969270102949
COTE D'IVOIRE,2025-09,104607480,6622167,6.330490897974027,0.061381896404338734
CROATIA,2024-01,52055338,901489,1.7317897349931721,0.017169651653994946
CROATIA,2024-02,66769714,1066345,1.597048925505357,0.015844302725641125
CROATIA,2024-03,93763401,1381509,1.4733989864552801,0.014626499193881311
CROATIA,2024-04,91778556,845419,0.9211509058826334,0.009169341860470514
CROATIA,2024-05,95626814,1574474,1.646477524598906,0.016330700505992373
CROATIA,2024-06,63465140,898101,1.4151091449573736,0.01405189944312635
CROATIA,2024-07,80095282,1066862,1.3319910653414018,0.013231980596580884
CROATIA,2024-08,104232936,1516933,1.4553298201251859,0.014448415326859504
CROATIA,2024-09,98927922,2559434,2.587170485598596,0.025542694929911344
CROATIA,2024-10,75753315,1374163,1.8139971828295565,0.017977405560877565
CROATIA,2024-11,114594952,2120781,1.8506757610055984,0.01833759152776535
CROATIA,2024-12,63046273,1661325,2.63508835803823,0.026009680076458746
CROATIA,2025-01,88370594,1088630,1.231891685598492,0.012243656453782469
CROATIA,2025-02,78587935,1365174,1.7371292425484903,0.017222136402853652
CROATIA,2025-03,118936243,2241198,1.884369258241998,0.018668349523184264
CROATIA,2025-04,58885298,3936623,6.685239157658673,0.06471262308399776
CROATIA,2025-05,86648204,6120650,7.063793266851786,0.0682546695735695
CROATIA,2025-06,75198345,7032583,9.352044915350199,0.08940226160317949
CROATIA,2025-07,60528704,5522738,9.124163636478984,0.08731616387177947
CROATIA,2025-08,73818415,4203908,5.694931271553311,0.05538675182676423
CROATIA,2025-09,49893429,5492213,11.00788843356507,0.10443107976816003
CURACAO,2024-01,1122112,5346,0.47642303085609994,0.004752917281027409
CURACAO,2024-02,2583501,25611,0.9913292079236663,0.009864477741396793
CURACAO,2024-03,3389736,12947,0.3819471486865054,0.003812195825880669
CURACAO,2024-04,2122427,4829,0.22752254847869915,0.0022726410786125203
CURACAO,2024-05,5162417,12867,0.2492437166544276,0.0024893361966093685
CURACAO,2024-06,2502730,15583,0.6226400770358768,0.006207096825043227
CURACAO,2024-07,3822265,16062,0.42022204111959793,0.0041934157404967315
CURACAO,2024-08,1972439,16701,0.8467182001572673,0.008431536486090083
CURACAO,2024-09,3933440,21066,0.5355617474780345,0.005341327155129501
CURACAO,2024-10,1046242,5703,0.5450937737158326,0.0054361351436973855
CURACAO,2024-11,2618875,5816,0.22208009164240372,0.0022183385829632374
CURACAO,2024-12,1659761,15209,0.91633674968866,0.009121638569562518
CURACAO,2025-01,3812577,15346,0.402509903406541,0.004017019994980467
CURACAO,2025-03,1527942,20819,1.362551719895127,0.01353352452929224
CURACAO,2025-04,3157715,33644,1.065453975422101,0.010598180116104068
CURACAO,2025-05,13407281,60322,0.44991971153584387,0.004489105984686369
CURACAO,2025-06,4303451,25330,0.5885973838205663,0.005868719168111858
CURACAO,2025-07,2551374,43517,1.705629986038895,0.01691247429562761
CURACAO,2025-08,3597448,37634,1.0461304791618946,0.010406963997827317
CURACAO,2025-09,9979700,32206,0.3227151116767037,0.0032219550406159133
CYPRUS,2024-01,2839183,77909,2.7440640494113975,0.02707089491080698
CYPRUS,2024-02,4864861,35577,0.731305580981656,0.007286445075609728
CYPRUS,2024-03,5594928,148938,2.6620181707432162,0.026272029734617904
CYPRUS,2024-04,4403390,49565,1.1256100413545018,0.011193221919755568
CYPRUS,2024-05,4005262,68266,1.7044078514713894,0.01690045783291502
CYPRUS,2024-06,4710232,46604,0.9894204786515823,0.009845577630617892
CYPRUS,2024-07,5050467,118172,2.3398232282282017,0.023128690088439416
CYPRUS,2024-08,3292611,70247,2.1334740119619355,0.021110340611002636
CYPRUS,2024-09,4758403,58836,1.2364652594578476,0.012288834613265182
CYPRUS,2024-10,5249616,61619,1.1737810917979525,0.011669457177647943
CYPRUS,2024-11,6169867,53109,0.8607803053129023,0.008570967149626227
CYPRUS,2024-12,7758470,180143,2.3218882073398492,0.02295342505416935
CYPRUS,2025-01,6778068,49785,0.734501335778868,0.007318170109712417
CYPRUS,2025-02,4564923,54177,1.1868108180576102,0.01179823448705084
CYPRUS,2025-03,17907347,58772,0.32820048664941825,0.0032766308436913603
CYPRUS,2025-04,6968903,44888,0.6441185937011894,0.006420530149937042
CYPRUS,2025-05,3438363,156671,4.55655787361602,0.04455796267903421
CYPRUS,2025-06,5087068,460835,9.058951049995793,0.08671838536340297
CYPRUS,2025-07,4385454,501296,11.430880360391422,0.10823430560855193
CYPRUS,2025-08,8819706,833462,9.449997539600528,0.09029761550111405
CYPRUS,2025-09,3509501,350767,9.994782734069602,0.09526274898922518
CZECH REPUBLIC,2024-01,610230268,7253947,1.188722910086787,0.01181713096128376
CZECH REPUBLIC,2024-02,574673776,6765809,1.17733038857162,0.01170453775366322
CZECH REPUBLIC,2024-03,702215958,7904607,1.1256661017094116,0.011193776283178917
CZECH REPUBLIC,2024-04,698883143,8143351,1.1651949373172963,0.0115845881657125
CZECH REPUBLIC,2024-05,685441018,7434968,1.0846984357157337,0.01078857779943234
CZECH REPUBLIC,2024-06,713698078,7829629,1.0970505934303498,0.010910766451863115
CZECH REPUBLIC,2024-07,757523513,8666300,1.1440304955920226,0.011375359528143513
CZECH REPUBLIC,2024-08,699117743,9890829,1.4147586867924764,0.014048443757150276
CZECH REPUBLIC,2024-09,635891469,7753839,1.219365155534112,0.01211990785102427
CZECH REPUBLIC,2024-10,703778593,8623543,1.2253204467672691,0.012178741613117426
CZECH REPUBLIC,2024-11,635222461,8392290,1.3211576282722155,0.013125064546676475
CZECH REPUBLIC,2024-12,656054941,7862396,1.1984356048009706,0.011913112295207428
CZECH REPUBLIC,2025-01,613373846,6960974,1.134866451413711,0.011284751517887433
CZECH REPUBLIC,2025-02,612668525,7894506,1.2885444049863668,0.012803133037570712
CZECH REPUBLIC,2025-03,762281241,14159778,1.8575529920458844,0.018405111932660097
CZECH REPUBLIC,2025-04,801053589,38878456,4.853415119022705,0.04739314230314882
CZECH REPUBLIC,2025-05,728878039,62047616,8.5127569607019,0.08169755575561687
CZECH REPUBLIC,2025-06,740260840,80806605,10.915963756775247,0.10360264531967782
CZECH REPUBLIC,2025-07,785448186,78752537,10.026445843749137,0.0955505676702023
CZECH REPUBLIC,2025-08,644769761,73479917,11.396303214660216,0.10792395616685477
CZECH REPUBLIC,2025-09,599660728,76726107,12.794919429841336,0.12040111154592169
DEMOCRATIC REPUBLIC OF THE CONGO,2024-02,2217316,0,0.0,0.0
DEMOCRATIC REPUBLIC OF THE CONGO,2024-03,2870811,888,0.030932025828241567,0.00030927242863418894
DEMOCRATIC REPUBLIC OF THE CONGO,2024-04,7871012,921,0.01170116371312863,0.00011700479180365768
DEMOCRATIC REPUBLIC OF THE CONGO,2024-05,22028374,0,0.0,0.0
DEMOCRATIC REPUBLIC OF THE CONGO,2024-06,14182538,2778,0.01958746734893289,0.00019585549255013755
DEMOCRATIC REPUBLIC OF THE CONGO,2024-07,74138065,1262,0.001702229482250447,1.7022149944888056e-05
DEMOCRATIC REPUBLIC OF THE CONGO,2024-08,18070984,2655,0.01469206104105897,0.00014690981863471793
DEMOCRATIC REPUBLIC OF THE CONGO,2024-09,72284392,51100,0.07069299275561453,0.0007066801702952314
DEMOCRATIC REPUBLIC OF THE CONGO,2024-10,20912263,112,0.0005355709231468636,5.355694889709157e-06
DEMOCRATIC REPUBLIC OF THE CONGO,2024-11,33429679,478,0.001429867154871574,1.4298569323686164e-05
DEMOCRATIC REPUBLIC OF THE CONGO,2024-12,54374964,100,0.00018390816773690186,1.839079986260384e-06
DEMOCRATIC REPUBLIC OF THE CONGO,2025-01,35640422,12226,0.034303746459567734,0.0003429786406967688
DEMOCRATIC REPUBLIC OF THE CONGO,2025-02,28194411,4889,0.01734031613570505,0.00017338812876664021
DEMOCRATIC REPUBLIC OF THE CONGO,2025-03,83404665,226585,0.2716694563787289,0.0027130110189801117
DEMOCRATIC REPUBLIC OF THE CONGO,2025-04,104889966,297930,0.2840405153720805,0.0028363788254692356
DEMOCRATIC REPUBLIC OF THE CONGO,2025-05,368766142,284040,0.07702442487249819,0.0007699477628582227
DEMOCRATIC REPUBLIC OF THE CONGO,2025-06,397357218,154154,0.0387948156009085,0.00038787292358010203
DEMOCRATIC REPUBLIC OF THE CONGO,2025-07,264411727,70301,0.026587701233084873,0.0002658416733017573
DEMOCRATIC REPUBLIC OF THE CONGO,2025-08,364713242,104883,0.028757661615149144,0.0002875352739222619
DEMOCRATIC REPUBLIC OF THE CONGO,2025-09,86891896,90517,0.1041719701915585,0.0010411774884705202
DENMARK,2024-01,587832957,3640852,0.6193684713734074,0.00617458268262976
DENMARK,2024-02,653375093,4666342,0.714190370890064,0.007116521096402336
DENMARK,2024-03,809993493,4681774,0.5780014334016385,0.005763374140746214
DENMARK,2024-04,720029710,4791648,0.6654792064066356,0.006632746686247671
DENMARK,2024-05,812009033,4669803,0.5750924940757401,0.00573445150009173
DENMARK,2024-06,967211631,4336078,0.4483070572173464,0.004473051544142318
DENMARK,2024-07,809490268,4682795,0.5784868805859442,0.005768200703273483
DENMARK,2024-08,915772782,5083257,0.555078410268804,0.005535435273107927
DENMARK,2024-09,1073489828,5023579,0.4679670797961208,0.004668755179658826
DENMARK,2024-10,835238627,5029499,0.6021631228987689,0.0060035736620716665
DENMARK,2024-11,899303759,4466697,0.49668390188503597,0.004954544965515132
DENMARK,2024-12,952212177,5206370,0.5467657446266831,0.005452764070545979
DENMARK,2025-01,767222013,4353673,0.5674593437401801,0.00565855358322152
DENMARK,2025-02,824997005,3930047,0.4763710627046458,0.004752400063521791
DENMARK,2025-03,1205177058,8768880,0.7276009729684051,0.007249667272364019
DENMARK,2025-04,1089392737,26398734,2.4232522490188035,0.0239435735845268
DENMARK,2025-05,1247813446,55650611,4.459850242710079,0.04363260338616059
DENMARK,2025-06,1549301689,64889031,4.188276012393865,0.04102942272451871
DENMARK,2025-07,878532794,74828836,8.517477834754567,0.08174106005406506
DENMARK,2025-08,972594824,65214192,6.705175720737746,0.06489947836658803
DENMARK,2025-09,823576891,108735108,13.202787643540134,0.12401060530410679
DJIBOUTI,2024-02,1682562,0,0.0,0.0
DJIBOUTI,2024-03,4633946,0,0.0,0.0
DJIBOUTI,2024-04,2473233,0,0.0,0.0
DJIBOUTI,2024-05,4458137,402,0.009017219524657945,9.016812997856259e-05
DJIBOUTI,2024-07,2526180,86,0.003404349650460379,3.4042917037928e-05
DJIBOUTI,2024-08,4485572,2291,0.051074868489459094,0.0005106182971800435
DJIBOUTI,2024-09,7955445,56,0.0007039203966591435,7.039179191511457e-06
DJIBOUTI,2024-10,3989446,267,0.00669265857966244,6.692434631260133e-05
DJIBOUTI,2024-11,1688402,7570,0.4483529396435209,0.004473508320538454
DJIBOUTI,2024-12,4832931,0,0.0,0.0
DJIBOUTI,2025-01,3120368,0,0.0,0.0
DJIBOUTI,2025-02,2081720,0,0.0,0.0
DJIBOUTI,2025-03,3199863,997,0.031157583934062177,0.0003115273096689785
DJIBOUTI,2025-04,3959791,1105,0.027905513195014584,0.0002790162033088017
DJIBOUTI,2025-05,7956581,1631,0.02049875442730992,0.00020496653719718921
DJIBOUTI,2025-06,9034382,2063,0.022834987495547566,0.0002283238070910998
DJIBOUTI,2025-07,6928499,1924,0.02776936245498484,0.0002776550748118031
DJIBOUTI,2025-09,1643656,5730,0.3486130917904963,0.0034800684491374956
DOMINICAN REPUBLIC,2024-01,454404453,1710142,0.3763479844243516,0.003756415672339385
DOMINICAN REPUBLIC,2024-02,591954197,1932904,0.32652931760529436,0.0032599736829477008
DOMINICAN REPUBLIC,2024-03,638164876,2059696,0.3227529557737678,0.0032223322641578016
DOMINICAN REPUBLIC,2024-04,642753806,2092650,0.32557566839207486,0.0032504681837325963
DOMINICAN REPUBLIC,2024-05,708572273,2260825,0.3190676641110962,0.003185597234025995
DOMINICAN REPUBLIC,2024-06,679409592,2118510,0.31181632183962454,0.003113311829799426
DOMINICAN REPUBLIC,2024-07,687250626,3178963,0.46256240150736505,0.004614958692843098
DOMINICAN REPUBLIC,2024-08,605781327,2587463,0.42712822014733376,0.004262186167604421
DOMINICAN REPUBLIC,2024-09,670156450,3200642,0.4775962389080938,0.0047645936640753365
DOMINICAN REPUBLIC,2024-10,645305445,2646762,0.41015646474205714,0.004093176160599956
DOMINICAN REPUBLIC,2024-11,572407358,2030440,0.354719409459443,0.0035409176397785415
DOMINICAN REPUBLIC,2024-12,605358033,1407005,0.23242526295178442,0.0023215557324133356
DOMINICAN REPUBLIC,2025-01,488073026,1494923,0.3062908459112428,0.003058227311180589
DOMINICAN REPUBLIC,2025-02,579533671,1917709,0.3309055359442609,0.0033035924837447345
DOMINICAN REPUBLIC,2025-03,708214780,3419462,0.48282838717373283,0.004816665093328698
DOMINICAN REPUBLIC,2025-04,656444440,34276918,5.2216023034637935,0.050898438325060934
DOMINICAN REPUBLIC,2025-05,662497685,51441734,7.76481717064415,0.07478104788626032
DOMINICAN REPUBLIC,2025-06,685018833,58035464,8.472097583921464,0.08132278879465407
DOMINICAN REPUBLIC,2025-07,657735534,54815712,8.33400495585814,0.0800489072468557
DOMINICAN REPUBLIC,2025-08,643492710,53056582,8.245094493766683,0.07922786341287505
DOMINICAN REPUBLIC,2025-09,644321145,50272121,7.802339158060691,0.07512917130575067
ECUADOR,2024-01,634891326,2783671,0.4384484219587527,0.004374900371925987
ECUADOR,2024-02,696204407,2465567,0.35414412422701025,0.0035351851053771616
ECUADOR,2024-03,737310126,3403425,0.46160019779790734,0.004605380912878584
ECUADOR,2024-04,688063258,2803806,0.40749247505961145,0.004066644730751371
ECUADOR,2024-05,917524802,3380574,0.36844497201940485,0.0036776787617312542
ECUADOR,2024-06,758460812,3167664,0.4176437265950663,0.004167740158705245
ECUADOR,2024-07,786527976,2757859,0.3506371145277609,0.003500238158144904
ECUADOR,2024-08,695381453,3553288,0.5109840052061325,0.005096829123071067
ECUADOR,2024-09,607413725,3662861,0.6030257218833835,0.0060121479835349685
ECUADOR,2024-10,708147268,3493937,0.49339129837608864,0.004921781123758655
ECUADOR,2024-11,799977249,3365859,0.42074434044311176,0.0041986168638823125
ECUADOR,2024-12,512759585,2828588,0.551640199958427,0.005501242379558947
ECUADOR,2025-01,789685861,3606508,0.4567016047916806,0.004556618874146936
ECUADOR,2025-02,757351581,4650233,0.6140124503153311,0.0061213507482975
ECUADOR,2025-03,911629971,4274543,0.46889013481106795,0.00467794269286819
ECUADOR,2025-04,853366025,15263670,1.7886428042410054,0.01772834809559891
ECUADOR,2025-05,777032917,35080923,4.51472804208113,0.04415781368765236
ECUADOR,2025-06,709664438,33639173,4.740151992792965,0.04631235400591479
ECUADOR,2025-07,856093057,34513499,4.031512546188072,0.03952367250826946
ECUADOR,2025-08,609316268,39322122,6.453483037482269,0.0625379247548835
ECUADOR,2025-09,755272658,63200187,8.367863754972579,0.08036139923957727
EGYPT,2024-01,135354975,830975,0.6139227612431682,0.006120459330591816
EGYPT,2024-02,207492264,5768239,2.7799778598010767,0.027420380162474875
EGYPT,2024-03,245487212,4507237,1.8360373900046574,0.018193857350904338
EGYPT,2024-04,234163950,11981907,5.1168879752839835,0.04990276381306928
EGYPT,2024-05,193231803,6905352,3.573610499302747,0.03511238647918592
EGYPT,2024-06,228577576,1277705,0.5589809037085948,0.005574244031218547
EGYPT,2024-07,203126584,2910936,1.43306500935397,0.014228936919735187
EGYPT,2024-08,264469528,5286719,1.9989898420357903,0.019792723737686604
EGYPT,2024-09,203604540,2587713,1.2709505397080045,0.012629417504488342
EGYPT,2024-10,244448094,1598014,0.6537232399120282,0.0065159573649597085
EGYPT,2024-11,166970538,1300223,0.7787140267823776,0.007756976980352611
EGYPT,2024-12,218157482,1644147,0.7536514379094272,0.007508256741850349
EGYPT,2025-01,206581956,3722533,1.801964252870178,0.017859213157015493
EGYPT,2025-02,243352780,4961195,2.0386843330904214,0.02018181356353262
EGYPT,2025-03,209400239,5979572,2.8555707617888633,0.02815559258950477
EGYPT,2025-04,234206204,4474560,1.9105215504880475,0.018925002595160938
EGYPT,2025-05,208433808,12208666,5.857334813937669,0.05692210360807409
EGYPT,2025-06,326162668,31098902,9.534782809662325,0.09107196405778653
EGYPT,2025-07,289763312,22571764,7.789724601159998,0.0750121488449501
EGYPT,2025-08,256328476,18467416,7.20459009790235,0.06956887980938983
EGYPT,2025-09,253118079,13043016,5.152937337202215,0.05024565050370933
EL SALVADOR,2024-01,165425468,1458244,0.8815111830301728,0.008776485562620335
EL SALVADOR,2024-02,207760578,1798889,0.8658471290929889,0.008621201705625034
EL SALVADOR,2024-03,214899421,1307220,0.6082938678555118,0.006064512293694791
EL SALVADOR,2024-04,175820749,1226064,0.6973374911512861,0.006949173378453916
EL SALVADOR,2024-05,216972319,1396384,0.6435770269847187,0.006415149128361908
EL SALVADOR,2024-06,179254836,1110383,0.6194438179620437,0.006175331510231943
EL SALVADOR,2024-07,208051145,2479957,1.191993920533338,0.011849456278616968
EL SALVADOR,2024-08,175240597,1883078,1.0745672134408444,0.010688347693720011
EL SALVADOR,2024-09,183368447,1425277,0.7772749474177528,0.007742697281972293
EL SALVADOR,2024-10,211583017,1481828,0.7003529966679698,0.006979119158960187
EL SALVADOR,2024-11,189608110,3723249,1.9636549301609514,0.01944623958351412
EL SALVADOR,2024-12,182609609,1901132,1.0410908880485035,0.01035708859174928
EL SALVADOR,2025-01,141753143,1363857,0.9621352804854563,0.009575362348248982
EL SALVADOR,2025-02,191140484,1264559,0.6615861661206215,0.006594072896617888
EL SALVADOR,2025-03,203762736,2616567,1.284124394560544,0.012759494273736308
EL SALVADOR,2025-04,190662963,21972739,11.524387670404556,0.10907310449697054
EL SALVADOR,2025-05,195799296,18656652,9.528457140111474,0.09101421206293739
EL SALVADOR,2025-06,204071796,19623710,9.616081391276627,0.0918139057849173
EL SALVADOR,2025-07,245081575,21933322,8.949396542763363,0.08571333654151987
EL SALVADOR,2025-08,165876568,17541393,10.574967405884598,0.10052354299695516
EL SALVADOR,2025-09,216041426,22105934,10.232266287670218,0.09741946540265956
EQUATORIAL GUINEA,2024-01,10326471,0,0.0,0.0
EQUATORIAL GUINEA,2024-02,9014966,250,0.0027731663103332835,2.7731278587872415e-05
EQUATORIAL GUINEA,2024-03,5130831,0,0.0,0.0
EQUATORIAL GUINEA,2024-04,15813815,0,0.0,0.0
EQUATORIAL GUINEA,2024-05,8770208,49,0.000558709668003313,5.587081072266609e-06
EQUATORIAL GUINEA,2024-06,3643005,0,0.0,0.0
EQUATORIAL GUINEA,2024-07,5116785,0,0.0,0.0
EQUATORIAL GUINEA,2024-08,12855131,0,0.0,0.0
EQUATORIAL GUINEA,2024-09,12130524,0,0.0,0.0
EQUATORIAL GUINEA,2024-10,8103272,0,0.0,0.0
EQUATORIAL GUINEA,2024-11,14453184,0,0.0,0.0
EQUATORIAL GUINEA,2024-12,22282596,0,0.0,0.0
EQUATORIAL GUINEA,2025-01,9100799,0,0.0,0.0
EQUATORIAL GUINEA,2025-02,20694893,0,0.0,0.0
EQUATORIAL GUINEA,2025-03,2252152,0,0.0,0.0
EQUATORIAL GUINEA,2025-04,12269766,0,0.0,0.0
EQUATORIAL GUINEA,2025-05,11204294,0,0.0,0.0
EQUATORIAL GUINEA,2025-06,4836875,4160,0.08600594392040316,0.0008596898000104848
EQUATORIAL GUINEA,2025-07,7698086,12589,0.16353415641238614,0.001634005849143389
EQUATORIAL GUINEA,2025-08,1876956,0,0.0,0.0
EQUATORIAL GUINEA,2025-09,12291777,0,0.0,0.0
ESTONIA,2024-01,59432605,1018577,1.713835360237028,0.01699314872064997
ESTONIA,2024-02,65056820,960187,1.475920587572525,0.014651348758518113
ESTONIA,2024-03,93494226,1146643,1.226431886820476,0.012189721414876679
ESTONIA,2024-04,89068494,1168214,1.3115906057645927,0.013030637336878365
ESTONIA,2024-05,77655401,1053152,1.356186416447711,0.013470725169864237
ESTONIA,2024-06,89724050,932856,1.0396944854807602,0.010343268350847262
ESTONIA,2024-07,85302039,1059113,1.2416033806647928,0.012339586986028878
ESTONIA,2024-08,100801322,980265,0.9724723649953718,0.009677742862807367
ESTONIA,2024-09,105734152,895360,0.8468030272754257,0.008432377634756062
ESTONIA,2024-10,108434711,1006421,0.9281354565513621,0.009238547462307274
ESTONIA,2024-11,90152386,884456,0.9810677667477375,0.009762865428640563
ESTONIA,2024-12,100321769,960018,0.9569388673758333,0.009523892093319377
ESTONIA,2025-01,109690217,849267,0.7742413345758994,0.007712594676960499
ESTONIA,2025-02,81383127,1024967,1.2594342805235292,0.012515693736994305
ESTONIA,2025-03,96354802,1410553,1.4639156230117105,0.014533038181363998
ESTONIA,2025-04,85912600,4188097,4.874834424752597,0.04759740001140658
ESTONIA,2025-05,75217148,6159067,8.18838145790904,0.07870379441748251
ESTONIA,2025-06,102114956,7474304,7.3194997998138485,0.07064017872930381
ESTONIA,2025-07,69130047,6540653,9.461375022643917,0.09040156152201254
ESTONIA,2025-08,78326160,6545197,8.356335865309878,0.0802550161988853
ESTONIA,2025-09,76142003,7304764,9.593606304262838,0.09160885018423824
ETHIOPIA,2024-01,23103317,1342933,5.8127281030684905,0.05650062963187938
ETHIOPIA,2024-02,22825492,2240220,9.814552956843164,0.0936228748951679
ETHIOPIA,2024-03,30905517,3544999,11.470440698338747,0.10858926392082026
ETHIOPIA,2024-04,30140004,1982380,6.577238675880732,0.06369978208066944
ETHIOPIA,2024-05,34498532,2904014,8.417790067125175,0.08082200456243922
ETHIOPIA,2024-06,25445925,1763841,6.931722859357638,0.06702034068058053
ETHIOPIA,2024-07,57646983,3146702,5.458571873570556,0.05314800614477201
ETHIOPIA,2024-08,58356484,3034925,5.200664591101821,0.05069943170147424
ETHIOPIA,2024-09,46736955,2141883,4.5828467002182744,0.04480936271332504
ETHIOPIA,2024-10,57303868,3090941,5.393948275882528,0.052535031733409204
ETHIOPIA,2024-11,36331577,2638684,7.262784106508782,0.0701115638446704
ETHIOPIA,2024-12,42232025,2250331,5.328494193683585,0.051913796676175364
ETHIOPIA,2025-01,37918749,2792556,7.36457840420843,0.07106013167070684
ETHIOPIA,2025-02,64809647,3568444,5.506038321733183,0.05359800056724563
ETHIOPIA,2025-03,69252938,2319369,3.3491272240319967,0.032942655247056404
ETHIOPIA,2025-04,51646749,2290973,4.435851325317689,0.04340283401017217
ETHIOPIA,2025-05,84165455,5297100,6.293674762406976,0.061035593943180214
ETHIOPIA,2025-06,59181524,6939566,11.725899454701437,0.11087835941169571
ETHIOPIA,2025-07,93601809,9535934,10.18776677702885,0.09701569528587647
ETHIOPIA,2025-08,74128787,8502398,11.469765450229206,0.10858320625969929
ETHIOPIA,2025-09,112475800,12758083,11.342958218567906,0.10744496564880258
FAROE ISLANDS,2024-01,24030608,1176,0.004893758826243597,4.893639085772873e-05
FAROE ISLANDS,2024-02,21647050,0,0.0,0.0
FAROE ISLANDS,2024-03,23226877,2232,0.009609557066152286,9.609095377794482e-05
FAROE ISLANDS,2024-04,22116864,14264,0.06449377271569784,0.0006447298441972634
FAROE ISLANDS,2024-05,18198130,0,0.0,0.0
FAROE ISLANDS,2024-06,10835726,0,0.0,0.0
FAROE ISLANDS,2024-07,20880324,4337,0.02077075049218585,0.00020768593670459344
FAROE ISLANDS,2024-08,20279383,3068,0.015128665403676238,0.00015127521136498536
FAROE ISLANDS,2024-09,25279623,1408,0.005569703314009074,5.569548211793172e-05
FAROE ISLANDS,2024-10,21846107,469,0.0021468355895171622,2.1468125453317333e-05
FAROE ISLANDS,2024-11,19854404,130,0.0006547665696739121,6.547644260869653e-06
FAROE ISLANDS,2024-12,21180552,2251,0.010627673915202966,0.00010627109217947827
FAROE ISLANDS,2025-01,24510319,252,0.0010281383934660337,1.0281331081594798e-05
FAROE ISLANDS,2025-02,20646804,93,0.00045043290961642294,4.504318951704388e-06
FAROE ISLANDS,2025-03,21681859,2137,0.009856165931159316,9.855680243038226e-05
FAROE ISLANDS,2025-04,26547862,1803045,6.791676858950073,0.0657098054688418
FAROE ISLANDS,2025-05,19839768,1959484,9.876546943492484,0.09418724903980064
FAROE ISLANDS,2025-06,17784730,1787584,10.051229341125786,0.09577579267278917
FAROE ISLANDS,2025-07,19657826,1978302,10.063686594845228,0.09588898131045846
FAROE ISLANDS,2025-08,17620832,1745046,9.903312170503641,0.09443081300650234
FAROE ISLANDS,2025-09,24161452,2363777,9.783257231394868,0.09333784722906008
FIJI,2024-01,16669343,49658,0.29790016319179463,0.0029745731992486943
FIJI,2024-02,15912817,5886,0.0369890510272317,0.00036982211764219233
FIJI,2024-03,18047367,53128,0.29438089223763225,0.0029394844018532356
FIJI,2024-04,18792198,20509,0.10913571685440948,0.0010907620712458754
FIJI,2024-05,16640929,18674,0.11221729267638844,0.0011215437613693619
FIJI,2024-06,26591055,43810,0.16475465151721133,0.0016461907992780201
FIJI,2024-07,19365884,19674,0.10159102471129126,0.0010153945595297992
FIJI,2024-08,24282276,37750,0.15546318639982512,0.0015534246748764653
FIJI,2024-09,25644754,5548,0.02163405427870355,0.0002163171445464067
FIJI,2024-10,27800328,30126,0.1083656279163325,0.0010830695475363252
FIJI,2024-11,25070829,52117,0.20787904540372398,0.0020766327589079293
FIJI,2024-12,23638410,19120,0.08088530489148806,0.0008085261035761221
FIJI,2025-01,16775390,29938,0.17846380918714855,0.0017830475174306598
FIJI,2025-02,13175517,33388,0.2534094108033863,0.00253088870561193
FIJI,2025-03,22506017,26815,0.11914591551228278,0.0011907499309488571
FIJI,2025-04,21727448,147580,0.679233014388068,0.0067693661966497405
FIJI,2025-05,21455363,1004971,4.6840083759011675,0.04577618264786357
FIJI,2025-06,19408774,1854366,9.554266539452724,0.09124982534204193
FIJI,2025-07,13892112,1291574,9.29717526032039,0.08890036494754514
FIJI,2025-08,16942582,1742691,10.285864338741286,0.09790557556488762
FIJI,2025-09,20133052,2070723,10.285191733473892,0.0978994768021635
FINLAND,2024-01,728698726,5176710,0.7104047002272377,0.007078932135015217
FINLAND,2024-02,553463168,5275323,0.9531479789455474,0.009486341830329132
FINLAND,2024-03,584952963,5232753,0.8945596194885843,0.008905821379545539
FINLAND,2024-04,455595115,3165020,0.6947001615677991,0.006922982376919034
FINLAND,2024-05,599456347,5011964,0.8360849001069963,0.00832609070790108
FINLAND,2024-06,779872846,4950605,0.6347964319301355,0.00632790085713176
FINLAND,2024-07,809486405,6090665,0.7524110303001321,0.0074959453742009866
FINLAND,2024-08,802896591,4916208,0.612308989116134,0.006104419949314022
FINLAND,2024-09,696547155,4916549,0.7058458231733069,0.0070336639201332265
FINLAND,2024-10,639353596,4881019,0.7634302881124329,0.007605309062446937
FINLAND,2024-11,777935136,6580705,0.8459194983577654,0.00842361649646012
FINLAND,2024-12,695416728,4541130,0.6530084504955999,0.006508855869540959
FINLAND,2025-01,632826677,3725794,0.5887542569574702,0.005870278718783188
FINLAND,2025-02,538836819,4309159,0.7997150246705765,0.007965342508975917
FINLAND,2025-03,750669076,6484284,0.8638006023309265,0.008600911909007164
FINLAND,2025-04,653554334,16091996,2.4622277235177816,0.024324034659409667
FINLAND,2025-05,727182548,37974095,5.222085582834972,0.05090303128174245
FINLAND,2025-06,682266587,45070032,6.605926899949448,0.0639689236347354
FINLAND,2025-07,942311172,46261114,4.909324581370877,0.04792621565785421
FINLAND,2025-08,576865201,55232206,9.574542874878667,0.0914348885068353
FINLAND,2025-09,420473434,54718407,13.013522989897144,0.12233729804103546
FRANCE,2024-01,4818834503,59199547,1.228503426775601,0.01221018562289402
FRANCE,2024-02,4691455192,52661369,1.1224954058987844,0.011162421775061248
FRANCE,2024-03,4956468594,55502329,1.1197958374474066,0.011135725395832734
FRANCE,2024-04,5407672553,61411386,1.1356343306314096,0.011292344115075195
FRANCE,2024-05,4920482021,54185718,1.1012278424906778,0.01095208479634394
FRANCE,2024-06,4650494776,52118804,1.1207152466651862,0.01114481763173401
FRANCE,2024-07,5440843660,61593405,1.1320561451309925,0.011256963422366695
FRANCE,2024-08,4749066575,52118269,1.0974423747681408,0.010914641743737193
FRANCE,2024-09,4631441351,51306203,1.1077804750549674,0.011016895287440287
FRANCE,2024-10,4935140125,66850299,1.3545775258002426,0.01345485141342217
FRANCE,2024-11,5728615930,71525893,1.248571973998613,0.01240841593858784
FRANCE,2024-12,4852814069,63941968,1.3176265789465176,0.013090213870485637
FRANCE,2025-01,4983366432,52214949,1.047784659476552,0.01042333440970795
FRANCE,2025-02,4696234096,56880319,1.2111900266736617,0.012039138138590925
FRANCE,2025-03,7797940517,78364120,1.0049335440448832,0.009999176630935074
FRANCE,2025-04,6547354744,199911653,3.053319406332751,0.030076332438839445
FRANCE,2025-05,5156552188,328374299,6.368098043575935,0.061735515543806824
FRANCE,2025-06,4819599699,385544605,7.9995150858689605,0.07695655118039073
FRANCE,2025-07,5587487191,440418258,7.882224029245206,0.07586992784072821
FRANCE,2025-08,4653682034,354146797,7.610034257016022,0.07334371256832783
FRANCE,2025-09,4666513984,381286981,8.170702633857145,0.0785403732774324
FRENCH POLYNESIA,2024-01,2928705,7739,0.26424648436766424,0.0026389796717310914
FRENCH POLYNESIA,2024-02,2025748,311,0.01535235379721466,0.00015351175443980848
FRENCH POLYNESIA,2024-03,3514009,16597,0.47230954730053337,0.004711976653999158
FRENCH POLYNESIA,2024-04,2708599,17005,0.6278153392214941,0.00625852788566919
FRENCH POLYNESIA,2024-05,3015040,1217,0.04036430694120144,0.00040356162746318735
FRENCH POLYNESIA,2024-06,3380871,15121,0.4472516106056694,0.004462544128063181
FRENCH POLYNESIA,2024-07,4154482,45391,1.092579050769747,0.010866535274733007
FRENCH POLYNESIA,2024-08,3175070,2709,0.08532095355377992,0.0008528457591856292
FRENCH POLYNESIA,2024-09,4290929,29569,0.6891048535177348,0.006867413776940648
FRENCH POLYNESIA,2024-10,4773446,16413,0.3438396495948629,0.0034324987260977895
FRENCH POLYNESIA,2024-11,3474164,9213,0.2651860994472339,0.00264835101505431
FRENCH POLYNESIA,2024-12,2994249,11285,0.3768891631925067,0.003761807154696987
FRENCH POLYNESIA,2025-01,2370991,9434,0.3978926955015856,0.003971031960633824
FRENCH POLYNESIA,2025-02,1928944,7736,0.4010484493069783,0.004002463937193668
FRENCH POLYNESIA,2025-03,2221227,25459,1.1461683114782957,0.01139649565731793
FRENCH POLYNESIA,2025-04,1831918,72909,3.979927049136479,0.039027685381701156
FRENCH POLYNESIA,2025-05,1930814,126501,6.551692705770727,0.06346005892279749
FRENCH POLYNESIA,2025-06,1967041,140978,7.167008720204612,0.06921826080678001
FRENCH POLYNESIA,2025-07,2349874,138022,5.873591520226191,0.05707566366282784
FRENCH POLYNESIA,2025-08,2050387,88004,4.292067790129376,0.04202512125817893
FRENCH POLYNESIA,2025-09,1991565,156452,7.8557315478028595,0.07562432913275258
GABON,2024-01,2882268,20727,0.7191211920612518,0.007165478452401835
GABON,2024-02,2181086,4229,0.19389423434014064,0.0019370650209841458
GABON,2024-03,5897594,14081,0.23875838180790337,0.0023847380685784
GABON,2024-04,11973633,10546,0.08807686021443951,0.0008803809530818499
GABON,2024-05,33054172,25633,0.07754845591049747,0.0007751840263165909
GABON,2024-06,4768849,18199,0.38162248374817487,0.0038089615245686806
GABON,2024-07,19323948,13709,0.07094305987575623,0.0007091790718239075
GABON,2024-08,2135425,21726,1.0174087125513658,0.010122679490895924
GABON,2024-09,10232383,11601,0.11337534961308622,0.0011331112829976245
GABON,2024-10,52287767,81634,0.15612447171438779,0.0015600272416305537
GABON,2024-11,24298970,40561,0.1669247708853503,0.0016678560633488927
GABON,2024-12,2603397,15382,0.5908434249559326,0.005891047902364524
GABON,2025-01,1458705,675,0.0462739210464076,0.00046263217969257575
GABON,2025-02,11858231,207,0.001745622934820548,1.7456076990007014e-05
GABON,2025-03,4322545,17535,0.4056637929738152,0.0040484319590402785
GABON,2025-04,17469349,5269,0.030161398687495452,0.0003015685105203885
GABON,2025-05,43192492,1659,0.0038409453198486442,3.8408715574326704e-05
GABON,2025-06,71503503,66066,0.09239547326793206,0.0009235281492475989
GABON,2025-07,53732482,10213,0.019007124964002222,0.00019005318838863253
GABON,2025-08,46411850,2873,0.006190229434939568,6.190037848143682e-05
GABON,2025-09,119716472,169957,0.14196626175218394,0.0014186558492828923
GEORGIA,2024-01,22123352,121948,0.5512184591195765,0.005497048099659963
GEORGIA,2024-02,4005019,154864,3.8667481976989375,0.0379386242986746
GEORGIA,2024-03,3596497,225618,6.2732709077749815,0.06084361814345905
GEORGIA,2024-04,24914051,107679,0.4322018928194375,0.00431270582900456
GEORGIA,2024-05,8187260,377438,4.610064905719374,0.045069583821638316
GEORGIA,2024-06,5181725,169028,3.262002518466341,0.03209928624909053
GEORGIA,2024-07,6978636,272074,3.8986701699300554,0.03824591290072505
GEORGIA,2024-08,38941715,83408,0.21418676604253306,0.0021395771319773684
GEORGIA,2024-09,11022938,108877,0.987731220115726,0.009828850406556282
GEORGIA,2024-10,5681507,66301,1.1669615121480974,0.011602050291969108
GEORGIA,2024-11,29701412,178774,0.6019040441579007,0.0060009983787335484
GEORGIA,2024-12,5069652,249875,4.928839297056287,0.0481122134323389
GEORGIA,2025-01,21099437,417616,1.9792755607649628,0.019599425875355233
GEORGIA,2025-02,4271934,123410,2.8888554926176293,0.028479146736026174
GEORGIA,2025-03,7412414,819721,11.058758995382611,0.10488923558125807
GEORGIA,2025-04,4338470,231179,5.328583579003658,0.05191464530961335
GEORGIA,2025-05,4759093,509453,10.70483388326305,0.10169731928861998
GEORGIA,2025-06,15854097,596020,3.7594067956062087,0.03690463692208728
GEORGIA,2025-07,4170659,349400,8.3775729447073,0.08045098995843213
GEORGIA,2025-08,7365362,538183,7.306945673545985,0.07052319290069826
GEORGIA,2025-09,15682506,616143,3.928855503068196,0.03853639736136277
GERMANY,2024-01,12431911787,158358526,1.2738067057843419,0.012657620318674886
GERMANY,2024-02,12318225780,167178435,1.357163263490694,0.013480362887799763
GERMANY,2024-03,14278864198,171448675,1.200716475922604,0.011935650641818884
GERMANY,2024-04,14351303758,198715171,1.3846489096102372,0.01375150228419091
GERMANY,2024-05,13829281957,192275982,1.3903540516264852,0.013807772948073912
GERMANY,2024-06,12960873676,191117207,1.4745704014837897,0.014638043187467998
GERMANY,2024-07,14333387358,188794268,1.317164347021061,0.013085651653668425
GERMANY,2024-08,13444576833,195618316,1.4549979402836293,0.014445144129723114
GERMANY,2024-09,13076452557,175253060,1.3402186811451757,0.01331317195299413
GERMANY,2024-10,12763978379,196311151,1.5380091157391955,0.015263016442535766
GERMANY,2024-11,12890896262,189481341,1.4698849261440128,0.014591868234493351
GERMANY,2024-12,13700249391,185635866,1.3549816554576617,0.0134588386911712
GERMANY,2025-01,13659214656,173415489,1.2695860879807233,0.012615944135156749
GERMANY,2025-02,12679430240,159213188,1.2556809334991064,0.012478626409739386
GERMANY,2025-03,15654355113,271641124,1.7352431450492547,0.01720359730118439
GERMANY,2025-04,13169150261,765022880,5.8092045791715945,0.05646732945497841
GERMANY,2025-05,13299877036,1516745964,11.404210429122646,0.10799493638441739
GERMANY,2025-06,11083232738,1287363931,11.61541908784556,0.10988901828495469
GERMANY,2025-07,12826729341,1384788029,10.796111714726795,0.1025214948819489
GERMANY,2025-08,11146165322,1443400002,12.94974513926378,0.12177280052022144
GERMANY,2025-09,11742210952,1463847341,12.466539282797243,0.11748556281836785
GHANA,2024-01,124780337,127874,0.10247928726142164,0.001024268130868804
GHANA,2024-02,181587224,99585,0.054841413292380084,0.0005482638088505921
GHANA,2024-03,225584204,166216,0.07368246404344872,0.0007365533184287574
GHANA,2024-04,41099509,7757,0.018873704792921005,0.00018871923933330551
GHANA,2024-05,106390128,43412,0.04080453780448502,0.00040796215016930857
GHANA,2024-06,23871452,61537,0.25778490558513156,0.002574532102155024
GHANA,2024-07,94138517,52611,0.05588679498743325,0.00055871184134163
GHANA,2024-08,102623232,44238,0.043107198182961146,0.00043097909699526
GHANA,2024-09,42070058,43491,0.10337756130500224,0.0010332416350182464
GHANA,2024-10,60835600,24764,0.04070642847280211,0.0004069814565389066
GHANA,2024-11,92493107,32907,0.03557778635331171,0.0003557145895962262
GHANA,2024-12,78434375,77464,0.09876281923582612,0.0009871408085113788
GHANA,2025-01,119157073,84217,0.07067729835894844,0.0007065233371862817
GHANA,2025-02,117698107,50616,0.043004939748096375,0.0004299569527417469
GHANA,2025-03,174769555,44266,0.025328210053518763,0.00025325003003910266
GHANA,2025-04,180143150,853485,0.4737815453987565,0.004726627330608442
GHANA,2025-05,107594816,2559003,2.378370162369161,0.02350527542223984
GHANA,2025-06,163738862,8008038,4.890737545250558,0.04774902756762639
GHANA,2025-07,72437625,3492053,4.820772354146067,0.04708177574407212
GHANA,2025-08,91977003,3864733,4.201847063879653,0.04115966931494858
GHANA,2025-09,68563182,5247809,7.653975277868522,0.07375196494231032
GREECE,2024-01,226855528,6489917,2.8608150117461544,0.02820657783250044
GREECE,2024-02,181811405,5242347,2.883398321463937,0.028426105851710425
GREECE,2024-03,211809120,5306821,2.5054733242836758,0.024746009450428194
GREECE,2024-04,194465329,4893579,2.5164274912984617,0.024852867956584205
GREECE,2024-05,186053621,4721352,2.5376297298723363,0.02505966453439163
GREECE,2024-06,185677121,4502391,2.4248496399295205,0.02395916944210146
GREECE,2024-07,163713066,4208601,2.570717843620374,0.025382304879619053
GREECE,2024-08,196539197,4491477,2.2852830725669446,0.022595616137360997
GREECE,2024-09,156731191,4218223,2.691374303408439,0.026557938163122595
GREECE,2024-10,180923233,5167027,2.8559223236962605,0.02815901059889379
GREECE,2024-11,194162545,7241675,3.729697197778284,0.03661826431302815
GREECE,2024-12,163986068,5308961,3.2374463664803526,0.0318614536327389
GREECE,2025-01,178862847,5625156,3.1449549721189443,0.03096514270745069
GREECE,2025-02,159160909,4668397,2.9331303957305246,0.02890937194840781
GREECE,2025-03,212646049,7180752,3.3768565340238226,0.03321092641117465
GREECE,2025-04,185331206,11397002,6.149532097686776,0.059678594216336533
GREECE,2025-05,172405541,17803058,10.326267877898426,0.09827186130994531
GREECE,2025-06,172996917,23975657,13.859008250418706,0.1297907272423755
GREECE,2025-07,210703149,29514730,14.00773084791438,0.13109607456249717
GREECE,2025-08,148350149,23902527,16.1122365977536,0.14938709421401664
GREECE,2025-09,163714118,23126459,14.126123808088439,0.13213400004691248
GREENLAND,2024-01,2069260,0,0.0,0.0
GREENLAND,2024-02,2768523,85,0.0030702291438431248,3.070182013272821e-05
GREENLAND,2024-03,3220874,0,0.0,0.0
GREENLAND,2024-04,1730103,0,0.0,0.0
GREENLAND,2024-05,2443813,0,0.0,0.0
GREENLAND,2024-06,2567388,0,0.0,0.0
GREENLAND,2024-07,1825103,0,0.0,0.0
GREENLAND,2024-08,1560998,36,0.002306216920201051,2.306190327427493e-05
GREENLAND,2024-09,1776057,0,0.0,0.0
GREENLAND,2024-10,2932911,846,0.028845062124285392,0.00028840902736073477
GREENLAND,2024-11,3071063,0,0.0,0.0
GREENLAND,2024-12,6619388,1136,0.0171617073965146,0.00017160234943973705
GREENLAND,2025-01,3740025,0,0.0,0.0
GREENLAND,2025-02,2968455,29,0.0009769391821671542,9.769344101474058e-06
GREENLAND,2025-03,1784516,32,0.0017932033111499142,1.7931872334515422e-05
GREENLAND,2025-04,1450285,18616,1.2836097732514644,0.012754413293676032
GREENLAND,2025-06,1257569,79974,6.3594124855176934,0.06165385654219049
GREENLAND,2025-07,2039249,165344,8.108082926606805,0.07796130854079768
GREENLAND,2025-08,2199675,218341,9.926057258458636,0.09463774703078894
GREENLAND,2025-09,3927619,344446,8.769842492359874,0.0840639270368165
GUATEMALA,2024-01,388509512,3561460,0.9166982763603482,0.00912522100265274
GUATEMALA,2024-02,428190608,4458957,1.0413486229478437,0.010359639381416746
GUATEMALA,2024-03,429606514,4357740,1.0143561277564799,0.010092460631029693
GUATEMALA,2024-04,472233298,4098659,0.8679309606837594,0.008641860928989376
GUATEMALA,2024-05,463961737,2628431,0.5665189153302959,0.005649202319769853
GUATEMALA,2024-06,396560425,3674009,0.9264688981508933,0.009222034998736433
GUATEMALA,2024-07,435246803,3890456,0.893850563217118,0.008898793659065186
GUATEMALA,2024-08,434207799,4275565,0.9846817606332308,0.009798653614452623
GUATEMALA,2024-09,431214490,4143454,0.9608800483490246,0.009562929569009788
GUATEMALA,2024-10,377492918,4044484,1.0714065899376688,0.010657076989248723
GUATEMALA,2024-11,337273931,2301146,0.6822780501230022,0.006799610663122687
GUATEMALA,2024-12,423021873,2454539,0.5802392634198374,0.0057856235898420035
GUATEMALA,2025-01,422182888,2638041,0.6248573959255308,0.006229132566283107
GUATEMALA,2025-02,373026202,3081596,0.8261071161966258,0.008227135283299667
GUATEMALA,2025-03,531966984,7000205,1.315909673070989,0.01307326795020683
GUATEMALA,2025-04,534798855,33510852,6.266066519532844,0.06077582468619036
GUATEMALA,2025-05,490271381,48470717,9.886507530000003,0.09427789745691699
GUATEMALA,2025-06,478561559,48712697,10.178982428465384,0.09693597047621448
GUATEMALA,2025-07,492278202,48767086,9.906407759245047,0.09445897908344016
GUATEMALA,2025-08,367809551,40511462,11.014249600060005,0.1044883818602218
GUATEMALA,2025-09,385296961,40995442,10.639959862024451,0.1011111385883786
GUYANA,2024-01,455422473,480692,0.10554859026467057,0.00105492926904621
GUYANA,2024-02,459244388,561786,0.12232833207751687,0.0012225357193571778
GUYANA,2024-03,366574798,255720,0.069759296436958,0.0006973497594963774
GUYANA,2024-04,478953655,436657,0.09116894618958488,0.0009112741254777703
GUYANA,2024-05,535087241,403055,0.07532510011764605,0.0007529674500222667
GUYANA,2024-06,720796195,782051,0.10849821425597288,0.0010843939748307703
GUYANA,2024-07,757215232,621382,0.08206147654462397,0.0008202782452393217
GUYANA,2024-08,391340318,612747,0.15657650689597488,0.0015645405368872147
GUYANA,2024-09,348513233,398931,0.11446652873579695,0.0011440106575549799
GUYANA,2024-10,354900351,408320,0.11505201357211393,0.0011498587946386731
GUYANA,2024-11,235527104,298790,0.12686013411008526,0.0012677973463136062
GUYANA,2024-12,271838464,229247,0.08433206862145895,0.0008429652911186794
GUYANA,2025-01,351366482,379874,0.10811332880636007,0.001080549284356319
GUYANA,2025-02,119981983,151713,0.12644648488598492,0.0012636660864499382
GUYANA,2025-03,352476963,470675,0.13353354953866872,0.001334444727838239
GUYANA,2025-04,683065727,821080,0.12020512339363794,0.001201329348789252
GUYANA,2025-05,458607983,546997,0.11927332717189094,0.0011920225304838522
GUYANA,2025-06,487712168,638943,0.13100821384468717,0.0013092247296111028
GUYANA,2025-07,538949237,327729,0.06080888096702139,0.0006079039985872299
GUYANA,2025-08,592508699,213750,0.03607541971295176,0.0003606891409798601
GUYANA,2025-09,245299932,234821,0.09572811459238399,0.0009568232445312824
HAITI,2024-01,40911363,26793,0.06549036266525757,0.0006546892708556277
HAITI,2024-02,39198130,145584,0.37140547265902735,0.0037071746553794666
HAITI,2024-03,58135844,77002,0.1324518484671866,0.001323642083851115
HAITI,2024-04,46746169,30162,0.06452293448902732,0.0006450212739340332
HAITI,2024-05,67049274,75053,0.11193708078032283,0.0011187447794289197
HAITI,2024-06,57618874,50431,0.08752513976583437,0.0008748685885070043
HAITI,2024-07,56639364,100587,0.17759203652074906,0.0017743452831734997
HAITI,2024-08,52525881,41696,0.07938181941203423,0.0007935032870992797
HAITI,2024-09,47913085,272551,0.5688446068542654,0.005672327954997263
HAITI,2024-10,55308904,461112,0.8337030146176825,0.008302469068645608
HAITI,2024-11,45471561,304125,0.6688246308500383,0.006665979219203554
HAITI,2024-12,48041191,345293,0.7187436298155057,0.007161729780362639
HAITI,2025-01,28974464,136428,0.4708559923662436,0.004697509330062946
HAITI,2025-02,46530810,34974,0.07516310160944974,0.000751348682967019
HAITI,2025-03,52075861,178062,0.34192809601362134,0.00341344851040215
HAITI,2025-04,48908752,1123119,2.296355875120265,0.022703864390929477
HAITI,2025-05,48852827,2115738,4.330840464974525,0.04239682229154912
HAITI,2025-06,45855641,2448207,5.338944013453002,0.05201300346263387
HAITI,2025-07,55897956,2957797,5.291422462746223,0.05156177174036963
HAITI,2025-08,43593717,3385763,7.7666306821232975,0.07479787616350018
HAITI,2025-09,51757655,4451501,8.600662066316566,0.08250731786808323
HONDURAS,2024-01,391100237,1887639,0.48264839072444743,0.004814873776211238
HONDURAS,2024-02,480894006,2342817,0.48717949709691327,0.0048599661805871115
HONDURAS,2024-03,487191345,1839256,0.3775223059432634,0.0037681147894445917
HONDURAS,2024-04,482380871,2049876,0.4249496866968425,0.004240493253363454
HONDURAS,2024-05,503216273,1756748,0.34910397263722825,0.003484960192341285
HONDURAS,2024-06,506089813,1593068,0.3147797009697961,0.0031428530689883733
HONDURAS,2024-07,459800380,2711513,0.5897152586085292,0.005879832441439301
HONDURAS,2024-08,493904550,2757817,0.5583704381747444,0.00556817329162518
HONDURAS,2024-09,462778126,2303303,0.49771215850422457,0.004964776659924051
HONDURAS,2024-10,440995889,2478978,0.562131770802063,0.00560557706286128
HONDURAS,2024-11,417496155,1766749,0.4231773104593023,0.004222844333614141
HONDURAS,2024-12,405459528,2494291,0.6151763191516367,0.006132918342873969
HONDURAS,2025-01,336909418,1803052,0.5351741161477415,0.00533747148385413
HONDURAS,2025-02,409164744,1508581,0.36869769991717566,0.0036801967600887777
HONDURAS,2025-03,604633130,2057717,0.34032488428148155,0.003397470896952382
HONDURAS,2025-04,505931735,18948213,3.745211396948642,0.03676781684739825
HONDURAS,2025-05,524278782,55067921,10.503557056024441,0.09987752500386882
HONDURAS,2025-06,539785962,64921558,12.02727795281197,0.11357220880285641
HONDURAS,2025-07,506672549,58223667,11.491379810276637,0.10877709080482834
HONDURAS,2025-08,440347846,49758648,11.299850436874852,0.10705772850881085
HONDURAS,2025-09,421854125,51342381,12.170648088364668,0.11485116938583158
HONG KONG,2024-01,300723708,4909210,1.6324652394882015,0.01619283787307658
HONG KONG,2024-02,216177081,2758875,1.2762106821120414,0.01268135743169827
HONG KONG,2024-03,560986513,4237492,0.7553643272703777,0.007525257364422867
HONG KONG,2024-04,553632657,4207929,0.7600579457869661,0.007571840583359601
HONG KONG,2024-05,792561416,5452076,0.6879058064063013,0.006855505296349758
HONG KONG,2024-06,331475012,4060064,1.2248476817311345,0.012174071179494123
HONG KONG,2024-07,305149960,4746289,1.5553955832076793,0.015434232908542924
HONG KONG,2024-08,254742699,4909532,1.9272513085841176,0.019089150367175706
HONG KONG,2024-09,416869897,6115784,1.4670725912358213,0.01456415189398272
HONG KONG,2024-10,513025505,6538512,1.2745003779100612,0.012664469767438093
HONG KONG,2024-11,325362496,5089845,1.564361308563357,0.015522513098502758
HONG KONG,2024-12,1377338808,5338606,0.3876029607959758,0.003868537159592701
HONG KONG,2025-01,2343019229,5132391,0.2190503149302152,0.0021881074950994474
HONG KONG,2025-02,194760371,4163392,2.1376997685016734,0.02115171459894361
HONG KONG,2025-03,243167793,14277125,5.871305909331504,0.05705407531833858
HONG KONG,2025-04,243665556,12842648,5.270604598706598,0.05136403557304654
HONG KONG,2025-05,236565622,15527908,6.563890335680305,0.06357452854298029
HONG KONG,2025-06,318515817,11080824,3.478892855107412,0.034197472152936004
HONG KONG,2025-07,257416207,17229392,6.693204052998886,0.06478727819183402
HONG KONG,2025-08,374448896,15085693,4.0287721932554446,0.03949733059552799
HONG KONG,2025-09,207828604,11650678,5.605906875070961,0.05454412003665215
HUNGARY,2024-01,840852691,9462319,1.1253242216239752,0.011190395532509759
HUNGARY,2024-02,895374490,10345347,1.155421236090834,0.011487972196278246
HUNGARY,2024-03,825611345,10778347,1.3054988966993908,0.012970507077560202
HUNGARY,2024-04,977342642,13513262,1.382653474767757,0.013731820266241467
HUNGARY,2024-05,839299930,13262466,1.5801819499734737,0.01567827058219718
HUNGARY,2024-06,913472811,13243749,1.4498241042885294,0.0143941464654578
HUNGARY,2024-07,1387170278,17699463,1.2759401841797535,0.012678686535031597
HUNGARY,2024-08,1184697311,18445251,1.556958965698201,0.015449627171427865
HUNGARY,2024-09,1102221095,14647492,1.3289068832419688,0.013201543722661047
HUNGARY,2024-10,1226335028,13433049,1.095381661070844,0.010894258095532123
HUNGARY,2024-11,1034446497,14250365,1.3775835716325113,0.013681811416280002
HUNGARY,2024-12,1467380118,15851710,1.0802729167140044,0.010744796535320851
HUNGARY,2025-01,904418462,11270904,1.2462045472928438,0.012385033343277998
HUNGARY,2025-02,1126687109,10040283,0.8911332099034428,0.008871860502166902
HUNGARY,2025-03,1222815494,13343950,1.0912480309151202,0.010853368842245721
HUNGARY,2025-04,960661991,28747204,2.9924369101015054,0.029485371488305694
HUNGARY,2025-05,1234171056,82332025,6.671038394535158,0.06457950524647821
HUNGARY,2025-06,953641749,92209448,9.669191611702393,0.09229829965904231
HUNGARY,2025-07,1125365334,99562335,8.847112310285542,0.08477407226647515
HUNGARY,2025-08,870652098,95885683,11.01308814625977,0.10447791960082586
HUNGARY,2025-09,940665615,74234276,7.89167530057958,0.07595753131241569
ICELAND,2024-01,61139841,142276,0.2327058717735298,0.00232435530977781
ICELAND,2024-02,55958128,129048,0.230615291490809,0.002303497825519191
ICELAND,2024-03,76615302,357870,0.4670999012703755,0.004660123749229289
ICELAND,2024-04,57327680,193127,0.33688263679953556,0.0033631645845932966
ICELAND,2024-05,69114811,290141,0.4197956932849024,0.004189170094240515
ICELAND,2024-06,64396769,266336,0.4135859673332369,0.004127330514562092
ICELAND,2024-07,115086718,357571,0.31069701718316445,0.003102153514236105
ICELAND,2024-08,60520666,240774,0.39783765763582307,0.003970483763063431
ICELAND,2024-09,108814269,224533,0.20634518070419605,0.0020613258144484645
ICELAND,2024-10,112880489,347515,0.30786099801534345,0.003073880764236625
ICELAND,2024-11,110102119,195943,0.17796478558237377,0.00177806615887605
ICELAND,2024-12,180552647,232664,0.12886213736871993,0.0012877918137474739
ICELAND,2025-01,74604457,180874,0.24244396015106712,0.002421505389409731
ICELAND,2025-02,111239653,191455,0.17211038944898543,0.0017196244924085925
ICELAND,2025-03,89480646,141043,0.15762402967005848,0.0015749993338300895
ICELAND,2025-04,75491862,1948271,2.5807695669236503,0.025480298059568116
ICELAND,2025-05,74762858,3392588,4.537798702130943,0.04437853008369669
ICELAND,2025-06,67415328,3516687,5.216450181774685,0.050849472640107175
ICELAND,2025-07,114481570,3308333,2.88983894962307,0.028488705130865
ICELAND,2025-08,168678743,3552590,2.1061278598691002,0.020842555597659244
ICELAND,2025-09,63929279,5310765,8.307249953499397,0.07980190902386296
INDIA,2024-01,6895350934,142936289,2.0729371190551213,0.020517441550244465
INDIA,2024-02,6801339843,160807391,2.364348712342384,0.02336830889052862
INDIA,2024-03,7567931188,186134142,2.459511554427733,0.02429752532858144
INDIA,2024-04,7950091040,188839926,2.375317780008718,0.023475460258553724
INDIA,2024-05,8312918075,185947920,2.2368549566152196,0.022122042789033267
INDIA,2024-06,7124891446,166928264,2.342888523497653,0.023158641765778917
INDIA,2024-07,6995843937,170168507,2.432422857519785,0.02403310596875133
INDIA,2024-08,6392335085,161651013,2.5288257084539243,0.024973799477573805
INDIA,2024-09,6988237880,187242941,2.6794013629083846,0.026441339874249476
INDIA,2024-10,8102413605,204158020,2.519718567242902,0.024884970354214945
INDIA,2024-11,6902284238,180736471,2.618502292400089,0.02584806472423341
INDIA,2024-12,7304445499,170676219,2.336607467649202,0.0230972672170484
INDIA,2025-01,8150677318,190775990,2.3406151729094864,0.023136428440843536
INDIA,2025-02,8348762789,179710614,2.1525418620921846,0.021297018588974256
INDIA,2025-03,11190013413,261837560,2.339921770744351,0.023129652983093697
INDIA,2025-04,10029196743,367863202,3.6679228798333687,0.03602255526151043
INDIA,2025-05,9433880053,539078411,5.71428095302708,0.055569806115876724
INDIA,2025-06,9153394762,719910596,7.864957370665185,0.07570986402432191
INDIA,2025-07,9170575229,778113714,8.484895380819518,0.08144076422137819
INDIA,2025-08,7888672709,870743317,11.037893814590502,0.1047013427824292
INDIA,2025-09,7431130470,1411531245,18.994838681657544,0.17390993375978142
INDONESIA,2024-01,2079209642,96377508,4.635295357099927,0.045310740437690775
INDONESIA,2024-02,2137850639,101999566,4.771126857005842,0.04660804085016113
INDONESIA,2024-03,2256710741,111472532,4.93960213751648,0.04821478093030151
INDONESIA,2024-04,2438651565,106581790,4.370521460699122,0.04277708810138021
INDONESIA,2024-05,2196181954,97377148,4.433928974903142,0.04338442684364155
INDONESIA,2024-06,1996291055,94720221,4.744810169977944,0.04635682667008748
INDONESIA,2024-07,2246205917,115471571,5.140738439253252,0.050129632768819245
INDONESIA,2024-08,2293207416,119551000,5.213265889769825,0.05081920797915957
INDONESIA,2024-09,2670387686,142769764,5.346405870147501,0.05208383759231342
INDONESIA,2024-10,2769231884,144752170,5.227159590222312,0.050951252004835565
INDONESIA,2024-11,2494701363,119952773,4.808301898538707,0.04696279935049191
INDONESIA,2024-12,2473474776,112631942,4.553591695895265,0.044529593154866584
INDONESIA,2025-01,2640439812,132006959,4.99943071605224,0.04878474240285083
INDONESIA,2025-02,2331039957,109532752,4.698879213592133,0.045918227089863276
INDONESIA,2025-03,2970520159,143530665,4.8318360865229195,0.04718731921876973
INDONESIA,2025-04,3142797657,203900625,6.4878699570699085,0.0628608955579048
INDONESIA,2025-05,2843969152,233364003,8.205574340913245,0.07886269795965324
INDONESIA,2025-06,3131135800,399151842,12.747829142383413,0.11998353848325154
INDONESIA,2025-07,3170378515,394233132,12.434891611041591,0.11720412688584608
INDONESIA,2025-08,2817187791,410325642,14.565079520465662,0.1359728556308221
INDONESIA,2025-09,3056096353,576531475,18.864963941141813,0.17281790600233596
IRAQ,2024-01,547542355,528441,0.09651143791424135,0.0009646489556938364
IRAQ,2024-02,350121451,458821,0.13104624086571606,0.0013096045022158774
IRAQ,2024-03,489835012,443029,0.09044453523056861,0.0009040365880594134
IRAQ,2024-04,820206611,658567,0.08029281783001868,0.0008026060039141604
IRAQ,2024-05,681571200,838662,0.12304833302815611,0.0012297269061164755
IRAQ,2024-06,764218943,571199,0.07474284761350125,0.0007471492905770399
IRAQ,2024-07,706860265,756929,0.10708325782041235,0.0010702596459720405
IRAQ,2024-08,637959196,591866,0.09277489903915423,0.0009273188972886947
IRAQ,2024-09,788858392,531330,0.06735429392503693,0.0006733162110066218
IRAQ,2024-10,549529270,507632,0.09237578919135644,0.0009233314901665763
IRAQ,2024-11,695080154,760740,0.10944637041097277,0.0010938652153529309
IRAQ,2024-12,508976932,502644,0.09875575264774476,0.0009870702123508292
IRAQ,2025-01,564061647,591462,0.10485768765625719,0.0010480275038356939
IRAQ,2025-02,367649067,317666,0.08640468003690052,0.0008636737268189295
IRAQ,2025-03,554955839,492629,0.08876904527893435,0.0008872966886292507
IRAQ,2025-04,535744454,541997,0.10116707619711543,0.0010111593679850077
IRAQ,2025-05,552637362,310108,0.056114193741392385,0.0005609845561496943
IRAQ,2025-06,562972740,507692,0.09018056540357532,0.0009013992716172178
IRAQ,2025-07,669758796,185042,0.02762815525606027,0.0002762433938406652
IRAQ,2025-08,723342234,26636,0.003682351001780438,3.682283204900278e-05
IRAQ,2025-09,359044891,99134,0.027610475036671668,0.00027606664046485107
IRELAND,2024-01,7260028319,13370372,0.18416418521411004,0.0018399481089786882
IRELAND,2024-02,6497287071,12427158,0.1912668759160634,0.0019108419373019946
IRELAND,2024-03,7977665851,12834305,0.1608779465035029,0.0016074867656112803
IRELAND,2024-04,10189642509,13775387,0.13519009119145145,0.001350987916636828
IRELAND,2024-05,7302668949,14683561,0.20107115771707973,0.0020086928023105525
IRELAND,2024-06,7475595728,11939650,0.1597150305397039,0.0015958762172744417
IRELAND,2024-07,8043899194,18497346,0.22995497026861425,0.0022969097845759283
IRELAND,2024-08,9455289034,15354039,0.16238571813922192,0.0016225401509062764
IRELAND,2024-09,10731598713,15151799,0.14118864677306164,0.0014108906932019292
IRELAND,2024-10,10217319036,16182864,0.158386597726672,0.0015826129844237573
IRELAND,2024-11,10657843228,19638343,0.18426188657388645,0.0018409233260993877
IRELAND,2024-12,7472269629,17993429,0.24080272652591672,0.0024051326136061545
IRELAND,2025-01,13637151666,14850637,0.10889837822237798,0.0010883912695036216
IRELAND,2025-02,15273663382,11613754,0.07603777633129456,0.0007600888226015925
IRELAND,2025-03,30726421709,14247027,0.046367348384816764,0.000463566020515671
IRELAND,2025-04,10865304454,65059113,0.5987785549446694,0.00596993000289001
IRELAND,2025-05,13407229806,82820207,0.617727958708788,0.006158278405796531
IRELAND,2025-06,6662194313,97385169,1.4617581599199447,0.014511774601929938
IRELAND,2025-07,4297674082,89745323,2.0882300818454667,0.020667254200991112
IRELAND,2025-08,5184326203,75864878,1.4633507813628603,0.014527471244413044
IRELAND,2025-09,19941957509,84749860,0.4249826525894038,0.004240821517278481
ISRAEL,2024-01,1827339505,2257078,0.1235171676540753,0.0012344094795703354
ISRAEL,2024-02,1590141807,2321648,0.14600257598283498,0.0014589609585175614
ISRAEL,2024-03,1973415502,2107679,0.10680361018061972,0.0010674661570271185
ISRAEL,2024-04,1738403804,2835244,0.1630946730256925,0.001629618180971041
ISRAEL,2024-05,2033687303,2542773,0.12503264372300602,0.001249545430071721
ISRAEL,2024-06,1868907732,2448945,0.13103616396189216,0.0013095038650537856
ISRAEL,2024-07,1698467022,2443230,0.14384912796970398,0.001437457642249726
ISRAEL,2024-08,1924718930,2283523,0.11864189437779366,0.0011857157049917795
ISRAEL,2024-09,2104702334,2183744,0.10375547956227049,0.0010370169076724084
ISRAEL,2024-10,1647572069,2645188,0.16055067027237885,0.0016042192546576674
ISRAEL,2024-11,1768327033,2710001,0.15325225195491313,0.0015313494053090539
ISRAEL,2024-12,2030548237,2788911,0.13734768518084706,0.0013725344952485025
ISRAEL,2025-01,1934784697,2348028,0.12135861957357624,0.001212850395253229
ISRAEL,2025-02,1682457133,3163930,0.18805412262471,0.0018787752222775226
ISRAEL,2025-03,2292008509,7428456,0.3241024616981472,0.003235783817351516
ISRAEL,2025-04,1897500363,34196987,1.8022124088521188,0.017861650788561265
ISRAEL,2025-05,1344012536,49894349,3.7123425313050804,0.036450943681816096
ISRAEL,2025-06,1265119928,63562537,5.024230161363801,0.0490209009892045
ISRAEL,2025-07,1647319326,86806498,5.269561075980481,0.05135412275928218
ISRAEL,2025-08,1681912477,91387752,5.433561689429099,0.052910821534458086
ISRAEL,2025-09,1524320376,96382459,6.322979113676822,0.06131124828089247
ITALY,2024-01,6421306384,142722115,2.2226336272572413,0.021982931325149516
ITALY,2024-02,5556656916,131524417,2.3669702662636007,0.023393918591422834
ITALY,2024-03,6384080169,138737162,2.1731738688634255,0.02149897071984094
ITALY,2024-04,6786661288,141308414,2.0821492042023357,0.020607687503155777
ITALY,2024-05,7034290754,150566463,2.140464024953496,0.021178778249807302
ITALY,2024-06,6391605896,139550547,2.1833409204302416,0.021598473802340538
ITALY,2024-07,6761637657,150393995,2.224224405818379,0.02199849310561877
ITALY,2024-08,6458410863,132407120,2.0501501500710577,0.020294174604955934
ITALY,2024-09,5246842477,121797145,2.3213417504700895,0.022948084473199497
ITALY,2024-10,6350982190,144705714,2.2784777168458725,0.02252908083611975
ITALY,2024-11,6523174336,142000126,2.1768562157894777,0.021535010322330114
ITALY,2024-12,6428624752,154495794,2.403247972312197,0.023748244593906998
ITALY,2025-01,6108876179,131216417,2.1479632776167943,0.02125219653165212
ITALY,2025-02,6282128810,129097711,2.054999426221571,0.020341692035667436
ITALY,2025-03,7229298640,178226990,2.4653427514235324,0.024354435916778515
ITALY,2025-04,6484393572,315709744,4.868762830239879,0.04753950461346476
ITALY,2025-05,6382771686,511879899,8.01971187725169,0.0771435418638175
ITALY,2025-06,6128228491,609433972,9.944700542661277,0.0948073310576397
ITALY,2025-07,7218371987,763687023,10.579768185615396,0.1005669585694837
ITALY,2025-08,5351695357,579658191,10.831300220439658,0.10283904139572442
ITALY,2025-09,5177553637,589982355,11.395002280301822,0.10791227766480982
JAMAICA,2024-01,22008335,20895,0.09494130292000735,0.0009489626217093493
JAMAICA,2024-02,28924784,13867,0.04794158532004941,0.00047930097013671895
JAMAICA,2024-03,39807069,33112,0.08318120583055236,0.0008314662943824675
JAMAICA,2024-04,22304270,16271,0.07295015707754614,0.0007292356138407206
JAMAICA,2024-05,31204280,14494,0.0464487563885467,0.00046437972292952793
JAMAICA,2024-06,26061542,7584,0.029100350240212187,0.0002909611690954779
JAMAICA,2024-07,28961518,17079,0.0589713564047299,0.0005895397513332746
JAMAICA,2024-08,23039510,29627,0.12859214453779616,0.0012850953565105426
JAMAICA,2024-09,40642987,10218,0.025140868706328104,0.00025137708919519035
JAMAICA,2024-10,34900583,15067,0.04317119860146749,0.0004316188252067011
JAMAICA,2024-11,29344942,2584,0.008805606090480601,8.805218419745169e-05
JAMAICA,2024-12,35604792,7780,0.021850991293531498,0.00021848604312142014
JAMAICA,2025-01,50641198,3255,0.006427573060179185,6.427366500553099e-05
JAMAICA,2025-02,30943952,51237,0.16558001382628826,0.0016544308125586884
JAMAICA,2025-03,24164898,43527,0.18012490679662707,0.0017996287642857295
JAMAICA,2025-04,31161074,885956,2.8431497579319633,0.028034823691763324
JAMAICA,2025-05,23785302,1608719,6.763500417190414,0.06544592573262989
JAMAICA,2025-06,27604416,1882944,6.821169482448025,0.0659859370235725
JAMAICA,2025-07,26354991,1751681,6.6464868077549335,0.06434931706231144
JAMAICA,2025-08,46510560,1762455,3.789365253826228,0.03719332529284717
JAMAICA,2025-09,24362246,1718869,7.055461963564443,0.06817685029213606
JAPAN,2024-01,12576234409,198577637,1.5789912190082176,0.015666548434024433
JAPAN,2024-02,11744552042,180019697,1.532793216431132,0.015211646188916747
JAPAN,2024-03,12193317836,188109213,1.5427237732179788,0.015309447804217018
JAPAN,2024-04,12739640286,200760866,1.5758754681686151,0.015635874782040062
JAPAN,2024-05,12246768382,187357346,1.529851305715663,0.015182670788516563
JAPAN,2024-06,11700486984,178327083,1.5240996656280712,0.015126019439831977
JAPAN,2024-07,13324853579,210579725,1.580353012898199,0.01567995459946714
JAPAN,2024-08,11674769886,185874626,1.5921052647289842,0.01579564204985801
JAPAN,2024-09,11638718146,172210876,1.4796378247134157,0.014687979803958662
JAPAN,2024-10,14000936108,200833099,1.4344262230098022,0.014242356651478143
JAPAN,2024-11,12077982858,185801363,1.5383476296038308,0.015266350300499939
JAPAN,2024-12,12452257277,193765413,1.5560665724269551,0.015440840011974282
JAPAN,2025-01,12814500499,191554320,1.4948247106077075,0.014837623120984213
JAPAN,2025-02,11127670547,163704438,1.4711474185775066,0.014604310197746651
JAPAN,2025-03,13458929708,252341262,1.874898431559592,0.018575388581612326
JAPAN,2025-04,13546499442,1270234732,9.376848516759418,0.08962905927152903
JAPAN,2025-05,12010487842,1686920214,14.045392961482673,0.13142636702489868
JAPAN,2025-06,11956415993,1826785112,15.278701519498059,0.1421825019296252
JAPAN,2025-07,12481357695,1808679654,14.491048956353142,0.13532645889668984
JAPAN,2025-08,11994163161,1916292032,15.97687146887396,0.1482206013496456
JAPAN,2025-09,10572933251,1694788300,16.029499664529755,0.1486742802404569
JORDAN,2024-01,216532824,317092,0.14644061539602882,0.0014633349569192484
JORDAN,2024-02,264414174,413447,0.15636340281818628,0.0015624128253386275
JORDAN,2024-03,293677392,259913,0.08850289708374964,0.00088463756361868
JORDAN,2024-04,281054366,120055,0.042715934894959076,0.0004270681423671318
JORDAN,2024-05,261995238,220036,0.08398473257746769,0.0008394948513453703
JORDAN,2024-06,258394170,132218,0.051169111129713174,0.0005115602420416283
JORDAN,2024-07,324665097,222786,0.06862024962295224,0.0006859671669461472
JORDAN,2024-08,313993626,238325,0.07590122227512987,0.0007587243186467677
JORDAN,2024-09,305061541,306839,0.10058265587794955,0.0010053210541845574
JORDAN,2024-10,344071202,348099,0.10117062921179902,0.0010111948622227305
JORDAN,2024-11,227610779,437143,0.192057248747433,0.0019187305461453332
JORDAN,2024-12,263946299,317734,0.12037827437012102,0.0012030587781940714
JORDAN,2025-01,265142340,270621,0.10206630898708972,0.001020142567454621
JORDAN,2025-02,295991747,319470,0.10793206338959174,0.001078738586153652
JORDAN,2025-03,275414891,277750,0.10084785139667701,0.0010079703411357609
JORDAN,2025-04,218231655,1973492,0.9043106051686224,0.009002462016599369
JORDAN,2025-05,210484904,14381563,6.83258643574743,0.06609281043903113
JORDAN,2025-06,234892552,20153198,8.579751817758785,0.08231475677798827
JORDAN,2025-07,295110469,25313539,8.577648595719593,0.08229538629339736
JORDAN,2025-08,258120726,22111315,8.566268715670667,0.08219057212038024
JORDAN,2025-09,337998217,36840146,10.899508975812141,0.10345428072823992
KAZAKHSTAN,2024-01,167097040,908814,0.5438839610803399,0.005424102533564941
KAZAKHSTAN,2024-02,171890332,1650889,0.9604315616773607,0.009558487376473612
KAZAKHSTAN,2024-03,136120059,1283259,0.9427405552329359,0.009383244894602598
KAZAKHSTAN,2024-04,223719217,1692659,0.7565997336741975,0.007537518734705195
KAZAKHSTAN,2024-05,187924921,788980,0.4198378777022341,0.004189590174844942
KAZAKHSTAN,2024-06,320804613,990712,0.30882099566317645,0.003083451231042278
KAZAKHSTAN,2024-07,197221521,1215266,0.6161934021389075,0.006143026935671287
KAZAKHSTAN,2024-08,159248424,852504,0.5353296306404891,0.005339018349156099
KAZAKHSTAN,2024-09,200942844,955270,0.47539388862237864,0.004742674604454422
KAZAKHSTAN,2024-10,162467124,1047456,0.6447187432209363,0.006426493218010649
KAZAKHSTAN,2024-11,165556768,1395945,0.8431820799980826,0.008396471565589501
KAZAKHSTAN,2024-12,255979472,896426,0.350194487470464,0.0034958273437624768
KAZAKHSTAN,2025-01,872053712,1924331,0.22066656829963704,0.002204234572053946
KAZAKHSTAN,2025-02,844322267,993994,0.11772684895920196,0.001176576052446732
KAZAKHSTAN,2025-03,1144779038,2311914,0.20195285930803358,0.0020174920866056303
KAZAKHSTAN,2025-04,130115500,2253533,1.7319481537557018,0.017171208872634233
KAZAKHSTAN,2025-05,186630394,1494409,0.8007318464965573,0.007975430004730718
KAZAKHSTAN,2025-06,124174971,1344049,1.0823831801015682,0.010765673421570601
KAZAKHSTAN,2025-07,136393503,1741158,1.276569603172374,0.012684901407345775
KAZAKHSTAN,2025-08,116576505,636888,0.5463262086987425,0.005448392603344676
KAZAKHSTAN,2025-09,290828034,1419462,0.48807605665690396,0.004868888269602759
KENYA,2024-01,37328451,86771,0.23245272084823448,0.0023218296746293113
KENYA,2024-02,42510519,188653,0.4437795737097446,0.00442797775767022
KENYA,2024-03,72959742,76047,0.10423145410793805,0.0010417717084469265
KENYA,2024-04,51357030,71079,0.1384016949578276,0.0013830600808998105
KENYA,2024-05,69747144,64262,0.09213567225060856,0.0009209325339336986
KENYA,2024-06,44687198,157429,0.35229105212638306,0.003516719607755706
KENYA,2024-07,64167187,148445,0.23134098117780977,0.002310737999171062
KENYA,2024-08,57872868,90653,0.15664162349790578,0.0015651906847160865
KENYA,2024-09,69035741,56102,0.08126515220572486,0.0008123214995925003
KENYA,2024-10,82639540,169493,0.20509915713470814,0.002048891159595087
KENYA,2024-11,70863685,191274,0.2699182239817193,0.002695545989234308
KENYA,2024-12,73907748,210060,0.28421918632942245,0.0028381604728506074
KENYA,2025-01,67468867,193777,0.28720950657137906,0.002867978480945437
KENYA,2025-02,65383436,124538,0.19047331804342618,0.0019029214763670488
KENYA,2025-03,63979582,80703,0.12613867968065187,0.0012605919168447834
KENYA,2025-04,80260524,425271,0.5298632239181493,0.005284643878407791
KENYA,2025-05,71677373,1137489,1.586956876893354,0.01574496371930106
KENYA,2025-06,57078569,1126839,1.974189296862015,0.01954954916541502
KENYA,2025-07,72073289,2812455,3.9022154240803415,0.038280034546939366
KENYA,2025-08,81280136,7688457,9.459207843845144,0.09038176275507644
KENYA,2025-09,93861410,8371511,8.919012616580126,0.0854344165595229
"KOREA, SOUTH",2024-01,10962869313,21983222,0.20052434606633351,0.0020032356436549743
"KOREA, SOUTH",2024-02,9632896603,16628833,0.17262546963102704,0.001724766431175629
"KOREA, SOUTH",2024-03,11639779295,17651224,0.15164569320985566,0.0015153082724004446
"KOREA, SOUTH",2024-04,11643114294,20252745,0.17394611517673383,0.0017379500413096
"KOREA, SOUTH",2024-05,12282228505,20819839,0.16951190080468218,0.0016936839153608105
"KOREA, SOUTH",2024-06,11347705347,18429089,0.1624036616783684,0.001622719295376634
"KOREA, SOUTH",2024-07,11200459581,18089643,0.16150804231896454,0.0016137775834083373
"KOREA, SOUTH",2024-08,10417185605,21808941,0.2093554039157393,0.002091365608765863
"KOREA, SOUTH",2024-09,11116279794,22561150,0.2029559386601384,0.002027502613374956
"KOREA, SOUTH",2024-10,10129748034,20912609,0.20644747460457907,0.0020623466464924447
"KOREA, SOUTH",2024-11,10144453526,23096629,0.2276774095401381,0.002274186172593334
"KOREA, SOUTH",2024-12,11036439546,26615955,0.24116432558765363,0.002408739911230517
"KOREA, SOUTH",2025-01,10673550154,26660450,0.2497805286464015,0.002494690955755911
"KOREA, SOUTH",2025-02,9012519184,33891850,0.37605301368088606,0.0037534770201290086
"KOREA, SOUTH",2025-03,12135686278,50859981,0.4190943951163336,0.004182186405291996
"KOREA, SOUTH",2025-04,9849023782,543488445,5.51819608754804,0.05371322681945634
"KOREA, SOUTH",2025-05,11463267843,1388909612,12.116175169440293,0.11436542600417227
"KOREA, SOUTH",2025-06,11391545330,1366841472,11.9987361890259,0.11331740121678359
"KOREA, SOUTH",2025-07,11115330568,1400839358,12.60276830662046,0.11869611473162982
"KOREA, SOUTH",2025-08,10161509622,1331112769,13.099557236240738,0.12309828232738809
"KOREA, SOUTH",2025-09,9753464822,1500225177,15.381458839284262,0.1430734865402682
KUWAIT,2024-01,62936908,103044,0.1637258697233744,0.0016359198503728106
KUWAIT,2024-02,85309298,162964,0.19102724300931417,0.0019084501800082378
KUWAIT,2024-03,97496318,117511,0.12052865422056247,0.0012045607675003332
KUWAIT,2024-04,139401020,144101,0.10337155352234868,0.0010331816192327634
KUWAIT,2024-05,305451820,465875,0.15251996206799487,0.001524037685044307
KUWAIT,2024-06,236699250,228133,0.09638095600218421,0.0009633453938091277
KUWAIT,2024-07,166212003,118596,0.07135224764724121,0.0007132680403336054
KUWAIT,2024-08,147639545,99462,0.06736812958885778,0.0006734544745088598
KUWAIT,2024-09,100986186,72974,0.07226136850044025,0.0007223527254432573
KUWAIT,2024-10,147283538,117440,0.07973735666235829,0.0007970558332114722
KUWAIT,2024-11,73149109,69799,0.095420164311229,0.0009537466821177815
KUWAIT,2024-12,106829545,90752,0.08495028224635796,0.0008491421991601174
KUWAIT,2025-01,124279742,151942,0.12225805875908562,0.001221833844518034
KUWAIT,2025-02,301221414,314488,0.10440426390137057,0.0010434980055450793
KUWAIT,2025-03,241745771,283265,0.11717474883976359,0.0011710615281052288
KUWAIT,2025-04,32576970,73581,0.22586815164209562,0.0022561345298246667
KUWAIT,2025-05,96001218,138794,0.1445752490348612,0.0014447083964300434
KUWAIT,2025-06,45599962,110063,0.24136642920886642,0.0024107560831179327
KUWAIT,2025-07,59125561,59852,0.10122863781368602,0.001011774361790162
KUWAIT,2025-08,80636831,65270,0.08094316107238887,0.000809104197624765
KUWAIT,2025-09,225097083,330818,0.14696680898348202,0.0014685891846466694
LAOS,2024-01,27906618,1112660,3.9870829206176115,0.0390965027531198
LAOS,2024-02,25299899,1048739,4.145229986886509,0.0406161812162605
LAOS,2024-03,26959477,1128059,4.1842762750924285,0.040991032473422596
LAOS,2024-04,28305555,1070567,3.782179858335228,0.03712409234003576
LAOS,2024-05,27829600,977501,3.5124507718400553,0.034521716794655245
LAOS,2024-06,25649331,778462,3.0350187301181464,0.029898732129882703
LAOS,2024-07,65570476,1705762,2.601417747829069,0.025681564858068967
LAOS,2024-08,99950854,1600782,1.6015691071534017,0.015888793005078596
LAOS,2024-09,98447963,4578193,4.6503684388066,0.04545478357432372
LAOS,2024-10,119766790,9372881,7.825943235182307,0.07534810434137956
LAOS,2024-11,146527051,10332146,7.051357363358115,0.06813850868097453
LAOS,2024-12,110624188,7613762,6.882547241838285,0.06656035624302968
LAOS,2025-01,88907424,1398667,1.5731723371042672,0.015609262488320643
LAOS,2025-02,107650557,965775,0.8971388787147659,0.008931384960659308
LAOS,2025-03,206344232,1356909,0.6575948292075351,0.0065544210671809105
LAOS,2025-04,245647159,8772058,3.5709991663286442,0.03508717382240035
LAOS,2025-05,293226260,43618713,14.875445671202844,0.1386782742989748
LAOS,2025-06,362829701,55513487,15.300149587257742,0.14236853866038865
LAOS,2025-07,257901486,36804791,14.27087201816278,0.13340151434962894
LAOS,2025-08,169863864,42092613,24.780204576059802,0.22138364018719278
LAOS,2025-09,134989860,34695508,25.702306825120047,0.22874628127042598
LATVIA,2024-01,62439805,497207,0.7962981306555971,0.007931444080511722
LATVIA,2024-02,45923044,517182,1.1261927671867744,0.011198984299365363
LATVIA,2024-03,65109547,569360,0.8744646925588347,0.008706633946640957
LATVIA,2024-04,57726464,501704,0.8691057189991752,0.008653507360747907
LATVIA,2024-05,52050980,591756,1.1368777302559914,0.011304638416578932
LATVIA,2024-06,49411641,413496,0.8368392379439492,0.00833357151218039
LATVIA,2024-07,51030219,515516,1.0102171029287568,0.010051485171835666
LATVIA,2024-08,45429480,473681,1.0426731716937987,0.010372748272799754
LATVIA,2024-09,50857042,532868,1.0477762351966913,0.010423251040436267
LATVIA,2024-10,41259222,506771,1.2282611630437434,0.012207792383701954
LATVIA,2024-11,58328559,534738,0.9167687478787193,0.009125919316162487
LATVIA,2024-12,51240659,435964,0.8508165361417386,0.008472174920173013
LATVIA,2025-01,45795857,440153,0.9611196925521015,0.009565303200445538
LATVIA,2025-02,45678113,500009,1.0946358489020769,0.010886880756354298
LATVIA,2025-03,48828330,639100,1.3088713048347138,0.013003796010939213
LATVIA,2025-04,68225683,1857616,2.7227517824922325,0.02686344275451295
LATVIA,2025-05,57404652,3675303,6.402448010659484,0.06205839827376154
LATVIA,2025-06,54183454,4558287,8.412691815475624,0.08077497933234955
LATVIA,2025-07,49520686,4300920,8.685097779138196,0.08328450379257034
LATVIA,2025-08,55512269,6273767,11.301586321395005,0.10707332485486744
LATVIA,2025-09,39772045,5013706,12.606105620166124,0.11872575222759273
LEBANON,2024-01,30155108,240494,0.7975232587460804,0.007943598501535686
LEBANON,2024-02,15220207,213092,1.4000598020775932,0.013903494932896339
LEBANON,2024-03,15087567,294154,1.9496450289168559,0.019308829210880736
LEBANON,2024-04,16503425,245938,1.4902239989577921,0.014792292573932091
LEBANON,2024-05,22546117,267488,1.1864038494965674,0.011794212526321382
LEBANON,2024-06,15685409,177135,1.1292979354252095,0.011229689702990176
LEBANON,2024-07,32081161,213827,0.6665188956222625,0.006643074793309016
LEBANON,2024-08,11829712,256798,2.1707882660203395,0.021475621824984727
LEBANON,2024-09,47621543,276014,0.5795990272721738,0.005779258142811364
LEBANON,2024-10,10529524,273292,2.595482948706893,0.025623719938348586
LEBANON,2024-11,17849329,176514,0.9889111237738964,0.009840533971987328
LEBANON,2024-12,21458982,258992,1.206916525676754,0.011996913645235757
LEBANON,2025-01,14129430,231058,1.635295974430674,0.016220690149559094
LEBANON,2025-02,13390885,256903,1.9184915709454602,0.019003205598152727
LEBANON,2025-03,32248511,312393,0.9687051907605904,0.00964043324343389
LEBANON,2025-04,17049507,506892,2.9730595729248943,0.02929721048498562
LEBANON,2025-05,10434510,711600,6.819678164092037,0.06597197603837289
LEBANON,2025-06,17427231,1111977,6.380686639202751,0.06185385789448374
LEBANON,2025-07,31429721,975739,3.104510536380517,0.030572953218308326
LEBANON,2025-08,12974946,966249,7.447036773794665,0.07182785899837506
LEBANON,2025-09,26590514,1605953,6.039571104191517,0.058642150763968295
LESOTHO,2024-01,13285502,15996,0.12040192384149277,0.0012032949885339265
LESOTHO,2024-02,29584360,46171,0.1560655697807896,0.0015594391402914789
LESOTHO,2024-03,12014567,9171,0.0763323389016017,0.0007630322058864147
LESOTHO,2024-04,22495059,29181,0.12972182024505913,0.0012963775418531557
LESOTHO,2024-05,21984587,11707,0.053250943490546356,0.0005323677020701477
LESOTHO,2024-06,15477143,15774,0.10191803487245676,0.0010186613370473548
LESOTHO,2024-07,19723554,12913,0.06546994522386787,0.0006544852300479657
LESOTHO,2024-08,10159854,10405,0.10241288900411365,0.0010236048278237462
LESOTHO,2024-09,17083764,13572,0.07944385089843198,0.0007941231097445216
LESOTHO,2024-10,14838525,28287,0.19063215515019183,0.0019045068265066299
LESOTHO,2024-11,10821101,22280,0.20589402132001172,0.0020568235007576295
LESOTHO,2024-12,49738312,14745,0.029645155629728647,0.00029640762321714314
LESOTHO,2025-01,15084750,19562,0.12968063773015795,0.0012959662501545318
LESOTHO,2025-02,13341776,4825,0.03616460057491597,0.0003615806275944466
LESOTHO,2025-03,28192723,30597,0.10852800561336343,0.0010846915654798078
LESOTHO,2025-04,15792087,6760,0.042806248471148875,0.0004279708921033875
LESOTHO,2025-05,15811270,61591,0.3895386012635291,0.00388781864206181
LESOTHO,2025-06,9456274,49241,0.5207230670346481,0.005193719926795226
LESOTHO,2025-07,15850456,457003,2.8832167352156937,0.0284243408788241
LESOTHO,2025-08,12390392,1201941,9.700588972487715,0.09258455021658128
LESOTHO,2025-09,16643356,2473156,14.859719397938735,0.13854136645307372
LIBERIA,2024-01,4091575,0,0.0,0.0
LIBERIA,2024-02,2229851,554,0.024844709355019683,0.00024841623568197605
LIBERIA,2024-03,7750097,72,0.0009290206303224334,9.290163149525025e-06
LIBERIA,2024-04,5804994,73,0.0012575379061545973,1.2575299992129588e-05
LIBERIA,2024-05,2996829,575,0.019186947269930983,0.0001918510681061816
LIBERIA,2024-06,4750326,126,0.002652449537147556,2.6524143603268507e-05
LIBERIA,2024-07,7718680,0,0.0,0.0
LIBERIA,2024-08,2115243,312,0.014750078359791285,0.00014748990642691288
LIBERIA,2024-09,10569998,495,0.004683066165197004,4.68295651307684e-05
LIBERIA,2024-10,6719677,0,0.0,0.0
LIBERIA,2024-11,6277980,0,0.0,0.0
LIBERIA,2024-12,11465473,0,0.0,0.0
LIBERIA,2025-01,6111830,0,0.0,0.0
LIBERIA,2025-02,6345127,0,0.0,0.0
LIBERIA,2025-03,10219083,0,0.0,0.0
LIBERIA,2025-04,2446728,2184,0.08926206754490078,0.0008922225265269125
LIBERIA,2025-05,4386345,3440,0.0784252036718498,0.0007839446717805037
LIBERIA,2025-06,2576571,7660,0.29729434973847024,0.0029685330400634536
LIBERIA,2025-07,8676964,240083,2.766900957523853,0.02729314006649182
LIBERIA,2025-08,5777056,576951,9.986937983637342,0.09519142715021063
LIBERIA,2025-09,3546986,104817,2.955100471216971,0.02912278944660404
LIBYA,2024-01,66502301,197903,0.29758819924140667,0.002971462820715908
LIBYA,2024-02,82317760,243327,0.2955947780891997,0.0029515875575321345
LIBYA,2024-03,169639921,252128,0.1486253934296515,0.0014851505520534097
LIBYA,2024-04,132891366,141958,0.10682259071669112,0.0010676557598671603
LIBYA,2024-05,232192138,329505,0.1419104896652444,0.0014180989189114198
LIBYA,2024-06,107999843,102620,0.09501865664749161,0.0009497354249758056
LIBYA,2024-07,157485272,126597,0.08038656465602702,0.000803542719619738
LIBYA,2024-08,154132828,164888,0.10697785938242825,0.0010692067884714635
LIBYA,2024-09,62398236,144937,0.23227739963674615,0.00232008052692255
LIBYA,2024-10,144158981,53299,0.03697237565795502,0.0003696554255933343
LIBYA,2024-11,84319250,37976,0.045038351266169944,0.00045028212044990535
LIBYA,2024-12,71202576,278408,0.39100832531676943,0.0039024587461532084
LIBYA,2025-01,167291847,308281,0.18427736050998347,0.0018410777808471755
LIBYA,2025-03,25898103,18863,0.07283545053473608,0.0007280893839317386
LIBYA,2025-04,97697312,143828,0.14721797054150274,0.0014710971112576923
LIBYA,2025-05,114922079,275506,0.23973287152245132,0.002394459707128884
LIBYA,2025-06,160491961,124882,0.0778119970756666,0.0007778173923635741
LIBYA,2025-07,151675231,26005,0.017145185689547426,0.0001714371607056265
LIBYA,2025-08,168396023,3127,0.0018569322150796875,1.856914974306863e-05
LIBYA,2025-09,130318809,2945,0.002259842629470317,2.259817095411453e-05
LIECHTENSTEIN,2024-01,22119346,471883,2.133349693069587,0.0211091233904076
LIECHTENSTEIN,2024-02,15956053,391395,2.4529562542816823,0.024233543861583478
LIECHTENSTEIN,2024-03,17832386,411101,2.305361716598104,0.02279189729299559
LIECHTENSTEIN,2024-04,20861780,526549,2.523988844671931,0.024926622716860414
LIECHTENSTEIN,2024-05,21073568,536284,2.5448182291674577,0.025129768040270412
LIECHTENSTEIN,2024-06,17027457,367816,2.1601346578059193,0.02137134384227287
LIECHTENSTEIN,2024-07,21962764,592640,2.698385321628917,0.02662620854073052
LIECHTENSTEIN,2024-08,22459837,603734,2.688060469895663,0.026525667809309213
LIECHTENSTEIN,2024-09,17457368,361085,2.0683816712805734,0.020472811214726914
LIECHTENSTEIN,2024-10,20861661,425523,2.039736912607294,0.020192129005120782
LIECHTENSTEIN,2024-11,20131227,427699,2.1245550507179716,0.02102301027406988
LIECHTENSTEIN,2024-12,25572715,384281,1.5026992636487757,0.014915205870673484
LIECHTENSTEIN,2025-01,14914596,341076,2.28686046876496,0.02261103755467364
LIECHTENSTEIN,2025-02,18444788,477595,2.5893222519011876,0.025563669713854296
LIECHTENSTEIN,2025-03,18652234,990010,5.30772882218827,0.051716628579774195
LIECHTENSTEIN,2025-04,20632349,2598347,12.59355878479954,0.11861432368339205
LIECHTENSTEIN,2025-05,20218439,2804532,13.871159885290849,0.1298974468305895
LIECHTENSTEIN,2025-06,22444712,4351011,19.385461484201713,0.17718724444279205
LIECHTENSTEIN,2025-07,17565655,2791425,15.891380082325423,0.1474831878413224
LIECHTENSTEIN,2025-08,18205868,3638420,19.984875206169793,0.18219550890166777
LIECHTENSTEIN,2025-09,20773868,4544192,21.874558941069616,0.19782212437830166
LITHUANIA,2024-01,127164345,1377308,1.0830929062702286,0.010772694661620116
LITHUANIA,2024-02,175878907,1988279,1.1304817808539145,0.011241395890254684
LITHUANIA,2024-03,179838577,2184495,1.2146976674531849,0.012073794187971075
LITHUANIA,2024-04,155594549,1944235,1.2495521292330105,0.012418096573791212
LITHUANIA,2024-05,211823831,2155382,1.0175351799769876,0.010123931427052958
LITHUANIA,2024-06,148493587,1861336,1.25347904754971,0.012456880371686697
LITHUANIA,2024-07,194302320,2050044,1.0550795276144926,0.010495524065905553
LITHUANIA,2024-08,115246101,1542491,1.3384322650533746,0.013295543889224144
LITHUANIA,2024-09,215264221,1992241,0.9254863584599133,0.009212299748069789
LITHUANIA,2024-10,157259527,1726713,1.0980021579233161,0.010920178793856898
LITHUANIA,2024-11,130055020,1969747,1.5145489962632737,0.015031942086236646
LITHUANIA,2024-12,218424439,1924888,0.8812603611631572,0.008773999257886354
LITHUANIA,2025-01,142969202,1660100,1.161159170490439,0.01154469453104302
LITHUANIA,2025-02,225463885,2431558,1.0784689530210125,0.01072694953373828
LITHUANIA,2025-03,182927636,3744871,2.047187118298517,0.02026513912793888
LITHUANIA,2025-04,146568890,7435674,5.0731597953699445,0.04948668150081231
LITHUANIA,2025-05,223237312,11595523,5.194258475930762,0.050638535601134425
LITHUANIA,2025-06,141399970,13029529,9.214661785288921,0.08814513374296551
LITHUANIA,2025-07,124192001,10699602,8.615371291102718,0.08264275192956828
LITHUANIA,2025-08,185090256,12234670,6.61011025885663,0.06400816419997116
LITHUANIA,2025-09,136113503,12716994,9.34293344871155,0.08931893580656469
LUXEMBOURG,2024-01,49226742,494697,1.0049354881133512,0.009999195878197371
LUXEMBOURG,2024-02,55886367,582068,1.0415205554513858,0.010361340985360127
LUXEMBOURG,2024-03,41220150,589441,1.429982666244543,0.014198548506024738
LUXEMBOURG,2024-04,73092990,627538,0.8585474475732898,0.008548828886876917
LUXEMBOURG,2024-05,82495160,478514,0.5800509993555986,0.005783751808249394
LUXEMBOURG,2024-06,52199602,555435,1.0640598370845815,0.010584385610677859
LUXEMBOURG,2024-07,69495570,641072,0.9224645542154701,0.009182358356730362
LUXEMBOURG,2024-08,53037773,632121,1.191831715860317,0.01184785333754684
LUXEMBOURG,2024-09,45195853,744110,1.6464121166160977,0.016330057020793022
LUXEMBOURG,2024-10,57060148,506973,0.8884887575125112,0.008845649209219689
LUXEMBOURG,2024-11,61537021,587905,0.9553679889704119,0.009508332086800598
LUXEMBOURG,2024-12,57822036,439309,0.7597605175992074,0.007568888732866415
LUXEMBOURG,2025-01,76838645,1200644,1.5625522808217143,0.015504701300846564
LUXEMBOURG,2025-02,64335729,417248,0.6485478698780269,0.006464538471306801
LUXEMBOURG,2025-03,123135570,3994321,3.2438401024171974,0.03192338404830566
LUXEMBOURG,2025-04,81750766,4155298,5.082885706538823,0.04957924044816588
LUXEMBOURG,2025-05,133420654,6991876,5.240474986728817,0.05107778354067988
LUXEMBOURG,2025-06,61973786,13661836,22.044539928543337,0.19921587350067582
LUXEMBOURG,2025-07,76212990,14157911,18.57676886840419,0.1703904033822214
LUXEMBOURG,2025-08,73727162,9325959,12.649285211873476,0.11910913565807797
LUXEMBOURG,2025-09,49334552,9047197,18.338459828316672,0.1683786363736396
MACAU,2024-01,11126025,790831,7.1079383697232394,0.06866690981796868
MACAU,2024-02,8909485,585122,6.567405411199413,0.06360751361452606
MACAU,2024-03,7499204,547784,7.304561924172219,0.07050097834752218
MACAU,2024-04,9881035,440803,4.461101493922449,0.043644581612393846
MACAU,2024-05,9080918,448295,4.936670499612484,0.048186844109551354
MACAU,2024-06,8564297,587126,6.855507229606821,0.06630733613912175
MACAU,2024-07,12572323,1159886,9.225709520826024,0.08824628478460186
MACAU,2024-08,6123180,572208,9.344948213183347,0.08933736174271209
MACAU,2024-09,9587583,867280,9.045866930174164,0.08659840525513673
MACAU,2024-10,10944263,1002699,9.16186864295933,0.08766162809101152
MACAU,2024-11,7263377,748514,10.305316659179333,0.09808194091549201
MACAU,2024-12,7110049,1076070,15.134494853692287,0.1409307794857345
MACAU,2025-01,7470769,600312,8.035478007685688,0.07728948726295722
MACAU,2025-02,6099306,401200,6.577797539588929,0.063705025810474
MACAU,2025-03,5783561,337919,5.842749821433543,0.056784314409242906
MACAU,2025-04,5736780,653414,11.389908624698872,0.10786655054996039
MACAU,2025-05,10847972,1913481,17.63906654626321,0.16245099283336925
MACAU,2025-06,9275046,1181733,12.740993413941021,0.11992290817468908
MACAU,2025-07,10547436,1019453,9.665410626810155,0.09226382279261064
MACAU,2025-08,10448918,1203666,11.519527667840823,0.10902952561200405
MACAU,2025-09,17787380,1007568,5.664510456289797,0.05509889323644162
MACEDONIA,2024-01,27006166,546381,2.0231713009540115,0.020029771114265526
MACEDONIA,2024-02,16577957,295613,1.783169059975243,0.01767457106019351
MACEDONIA,2024-03,16087122,173294,1.0772218921445365,0.010714611905534214
MACEDONIA,2024-04,10313532,208671,2.0232738891002615,0.02003077665147206
MACEDONIA,2024-05,12880160,267775,2.0789726214581186,0.020576569112777943
MACEDONIA,2024-06,11132143,232419,2.0878190299926978,0.020663227755631258
MACEDONIA,2024-07,15664987,311205,1.9866278854875525,0.01967151954004671
MACEDONIA,2024-08,13020311,254644,1.955744375076755,0.01936865446787415
MACEDONIA,2024-09,8430526,126563,1.5012467786707495,0.014900895952010638
MACEDONIA,2024-10,11349104,201221,1.7730122131227277,0.01757477702006738
MACEDONIA,2024-11,20134723,350944,1.7429790317949743,0.017279633809334373
MACEDONIA,2024-12,10854994,214844,1.9792180447082697,0.01959886187769398
MACEDONIA,2025-01,20017214,394003,1.9683208662304355,0.019491999313464035
MACEDONIA,2025-02,27123720,623388,2.298313063252386,0.022722996738241717
MACEDONIA,2025-03,24912335,406736,1.6326691175275219,0.016194843903672682
MACEDONIA,2025-04,17142635,1105321,6.447789385937459,0.06248443844659273
MACEDONIA,2025-05,27258818,3283371,12.045170117060836,0.11373190861817074
MACEDONIA,2025-06,29098954,3451703,11.861948714720123,0.11209532426844751
MACEDONIA,2025-07,36234088,3760610,10.378652279036249,0.0987465621193724
MACEDONIA,2025-08,20466842,2756907,13.470114246252548,0.12636930565533752
MACEDONIA,2025-09,24197843,3717427,15.362637901237727,0.1429103539760628
MADAGASCAR,2024-01,59840129,265818,0.4442136145796076,0.00443229898028761
MADAGASCAR,2024-02,54056628,611372,1.13098434478747,0.011246365338397063
MADAGASCAR,2024-03,66218165,698592,1.0549854409284825,0.010494593021862546
MADAGASCAR,2024-04,55569359,384420,0.6917841179344898,0.006894022701259111
MADAGASCAR,2024-05,77343793,388531,0.5023428318287934,0.005010852998814712
MADAGASCAR,2024-06,46565051,332591,0.7142502646459037,0.0071171157865627796
MADAGASCAR,2024-07,49281093,377583,0.766182276030282,0.0076326200653611545
MADAGASCAR,2024-08,75199906,225137,0.2993846827414917,0.002989374192700469
MADAGASCAR,2024-09,59632054,242575,0.4067862562641226,0.004059611179153811
MADAGASCAR,2024-10,77523167,256269,0.3305708601920249,0.003300256758739147
MADAGASCAR,2024-11,46604383,238244,0.5112051370790597,0.005099029197340188
MADAGASCAR,2024-12,63910851,252605,0.39524587147180995,0.003944668270631079
MADAGASCAR,2025-01,73309970,279212,0.3808649764827349,0.003801415221720708
MADAGASCAR,2025-02,48544512,625409,1.2883207065713216,0.012800924508823638
MADAGASCAR,2025-03,62044156,606433,0.9774216285575711,0.009726757630434311
MADAGASCAR,2025-04,58759967,1126680,1.9174278978066819,0.01899276903582789
MADAGASCAR,2025-05,65041482,1515045,2.3293519049888807,0.023026365708213214
MADAGASCAR,2025-06,55306323,2060084,3.7248616220608266,0.036571646145215
MADAGASCAR,2025-07,59605015,2522716,4.232388835066982,0.04145272838246879
MADAGASCAR,2025-08,46875330,3419596,7.295086775922431,0.07041267300020834
MADAGASCAR,2025-09,76816941,5531915,7.2014257896575185,0.06953936283681832
MALAWI,2024-01,4169594,442,0.010600552475852565,0.00010599990656992183
MALAWI,2024-02,2410145,413,0.017135898462540638,0.00017134430435164106
MALAWI,2024-04,2453104,173,0.007052289670556161,7.052041008299027e-05
MALAWI,2024-05,13607310,3327,0.024450093368931843,0.0002444710482072839
MALAWI,2024-06,2753526,263,0.009551389745366488,9.55093362917954e-05
MALAWI,2024-07,1613050,82,0.005083537398096773,5.083408190713236e-05
MALAWI,2024-08,1531123,1007,0.06576872008323302,0.000657471019386581
MALAWI,2024-09,4056432,20849,0.5139738568278724,0.005126575196929342
MALAWI,2024-10,2922792,2694,0.09217214225302382,0.0009212968981819597
MALAWI,2024-11,1967954,600,0.030488517516161457,0.00030483870712130236
MALAWI,2024-12,1503832,3148,0.20933189345618392,0.0020911309953186596
MALAWI,2025-01,5051040,18,0.0003563622541100447,3.563616191412724e-06
MALAWI,2025-02,5910167,0,0.0,0.0
MALAWI,2025-03,2893720,13468,0.46542167175815213,0.0046434193402155165
MALAWI,2025-04,6831626,13365,0.19563424578570315,0.00195443131211526
MALAWI,2025-05,3911310,45709,1.1686365949004298,0.01161860776152011
MALAWI,2025-06,3136683,177375,5.654858970447444,0.05500754821799634
MALAWI,2025-07,1624046,107463,6.616992375831719,0.06407271619071193
MALAWI,2025-08,2833540,120253,4.24391397333371,0.04156329383401616
MALAWI,2025-09,2654801,145316,5.473705938787879,0.05329150305667428
MALAYSIA,2024-01,3541072851,23566194,0.6655100019573136,0.006633052605875832
MALAYSIA,2024-02,3534434368,22365221,0.6327807697460688,0.006307871181093931
MALAYSIA,2024-03,4119412999,23795722,0.5776483689733581,0.00575986378020076
MALAYSIA,2024-04,4072078987,22796068,0.5598139936080764,0.005582528586621852
MALAYSIA,2024-05,4286100632,25430313,0.5933204836614765,0.005915672690494412
MALAYSIA,2024-06,4069942325,24197345,0.5945377862326341,0.005927773843930216
MALAYSIA,2024-07,4483941571,28997808,0.6467035205709195,0.006446213654457728
MALAYSIA,2024-08,4465148520,29069594,0.6510330814259231,0.006489230142658304
MALAYSIA,2024-09,5065895900,34098294,0.6730950393196986,0.006708398686319951
MALAYSIA,2024-10,5194333255,41505694,0.7990572025783509,0.007958816456411605
MALAYSIA,2024-11,4789670779,29108726,0.6077395992982506,0.0060590031049118495
MALAYSIA,2024-12,4866392638,27525578,0.565625917338896,0.0056403226054691025
MALAYSIA,2025-01,4657508968,30120380,0.6467057864396151,0.006446236167551459
MALAYSIA,2025-02,4330596139,26203122,0.605069629190837,0.0060324643361544545
MALAYSIA,2025-03,5638071301,41656621,0.7388452322802578,0.007361291411622151
MALAYSIA,2025-04,4730564488,102803498,2.1731761243458605,0.02149899279493487
MALAYSIA,2025-05,5033347231,195206664,3.87826738433099,0.038049521656299136
MALAYSIA,2025-06,5269325492,300206248,5.697242435597865,0.05540861795363274
MALAYSIA,2025-07,5086443523,323967159,6.369227487439459,0.06174613374501544
MALAYSIA,2025-08,4407315719,328120299,7.444901157987588,0.07180798281476666
MALAYSIA,2025-09,4910690836,401233859,8.170619417915235,0.0785396039750992
MALTA,2024-01,15350614,117945,0.7683406018808108,0.007654038984758093
MALTA,2024-02,13908749,178888,1.286154491680021,0.012779537659475879
MALTA,2024-03,10460375,153805,1.4703583762532413,0.014596534141082649
MALTA,2024-04,9969486,135889,1.3630492083543726,0.013538432527660172
MALTA,2024-05,17147000,151702,0.8847145273225637,0.008808238590476034
MALTA,2024-06,26903021,223843,0.8320366697851517,0.008285943258806253
MALTA,2024-07,23218692,138720,0.5974496754597546,0.005956720217630892
MALTA,2024-08,26005763,198764,0.7643075113773821,0.007614014794715191
MALTA,2024-09,21101709,134583,0.6377824658656794,0.0063575723995953695
MALTA,2024-10,17822009,152290,0.8545052356330872,0.008508750053237013
MALTA,2024-11,18559751,185049,0.9970446262991352,0.009921069299301855
MALTA,2024-12,19837376,166641,0.8400354966301995,0.008365268340988595
MALTA,2025-01,22506397,208499,0.9263988367396168,0.009221340815769774
MALTA,2025-02,24137416,224360,0.9295112616860064,0.009252178901661027
MALTA,2025-03,25391133,179502,0.7069475789048091,0.0070446041957026515
MALTA,2025-04,52297844,555916,1.0629807224940286,0.010573708023081706
MALTA,2025-05,31292400,784412,2.5067172859863738,0.024758144940508174
MALTA,2025-06,28490397,1041231,3.6546735378941895,0.035894741485432494
MALTA,2025-07,23168314,1078940,4.656963817047714,0.0455178045700262
MALTA,2025-08,16387335,793722,4.8435087218269475,0.04729865930338249
MALTA,2025-09,17930933,1058825,5.90501899705944,0.05737245923615964
MARSHALL ISLANDS,2024-01,1511098,5769,0.3817753712863097,0.0038104845864392035
MARSHALL ISLANDS,2024-02,1521353,1788,0.11752696448490257,0.0011745795561206086
MARSHALL ISLANDS,2024-03,1396848,4916,0.3519352141392621,0.0035131737134440513
MARSHALL ISLANDS,2024-04,1779005,1151,0.06469908741122145,0.0006467816657490266
MARSHALL ISLANDS,2024-05,1197566,3597,0.30035922863541553,0.0029990905151137423
MARSHALL ISLANDS,2024-06,1419514,0,0.0,0.0
MARSHALL ISLANDS,2024-07,2235450,1228,0.05493301125053121,0.0005491792859522433
MARSHALL ISLANDS,2024-08,2228325,0,0.0,0.0
MARSHALL ISLANDS,2024-09,1448606,2098,0.1448288906714455,0.001447241147852156
MARSHALL ISLANDS,2024-10,1501932,0,0.0,0.0
MARSHALL ISLANDS,2024-11,1399293,9683,0.6919923132610539,0.006896090348715662
MARSHALL ISLANDS,2024-12,2807594,380,0.013534720475966253,0.00013533804615312961
MARSHALL ISLANDS,2025-01,1911661,10701,0.5597749810243553,0.005582140632530258
MARSHALL ISLANDS,2025-02,1634940,866,0.05296830464726534,0.0005295428139248101
MARSHALL ISLANDS,2025-03,1858802,0,0.0,0.0
MARSHALL ISLANDS,2025-04,1547999,115759,7.477976406961504,0.07211576995785504
MARSHALL ISLANDS,2025-05,3435634,178600,5.198458275823327,0.05067845903534796
MARSHALL ISLANDS,2025-06,3034698,279414,9.207308272520033,0.08807780065582486
MARSHALL ISLANDS,2025-07,1968273,186172,9.458647250660858,0.09037664126159163
MARSHALL ISLANDS,2025-08,2349416,196827,8.37769896859475,0.08045215278032189
MARSHALL ISLANDS,2025-09,1439326,133288,9.260445514080896,0.08856425453002564
MAURITIUS,2024-01,17118776,114551,0.6691541498060376,0.006669252510790121
MAURITIUS,2024-02,21012526,179101,0.8523534961955549,0.008487414740683517
MAURITIUS,2024-03,14354993,66019,0.4599026972705595,0.004588483761474389
MAURITIUS,2024-04,12879347,74251,0.5765121477043829,0.005748566760382041
MAURITIUS,2024-05,26298378,132078,0.502228692583246,0.0050097173107586475
MAURITIUS,2024-06,18222670,66506,0.3649629829218221,0.0036429860901584826
MAURITIUS,2024-07,23242460,136484,0.5872183925453675,0.005855009853501663
MAURITIUS,2024-08,18594517,162177,0.8721764593293818,0.008683949720361041
MAURITIUS,2024-09,21287919,103758,0.4874032074248309,0.004862192435518528
MAURITIUS,2024-10,26751829,89685,0.33524810583979137,0.00334687402193538
MAURITIUS,2024-11,16609264,65309,0.3932082722027899,0.003924372290189574
MAURITIUS,2024-12,18078422,73832,0.4083984763714444,0.004075667934119856
MAURITIUS,2025-01,11047162,56928,0.5153178707798437,0.005139946521480516
MAURITIUS,2025-02,8715100,54213,0.6220582666865555,0.006201314706516764
MAURITIUS,2025-03,13379043,116275,0.8690830876319031,0.008653282997007895
MAURITIUS,2025-04,10437002,346417,3.3191236333958734,0.032652300141979215
MAURITIUS,2025-05,23968310,392070,1.6357849176683714,0.016225500900164173
MAURITIUS,2025-06,15741503,685187,4.352741920514197,0.04260672338074574
MAURITIUS,2025-07,28909238,520404,1.8001304634871387,0.017841199694181097
MAURITIUS,2025-08,10551521,940531,8.91370068827044,0.08538564584707894
MAURITIUS,2025-09,16009770,944734,5.900984211515843,0.05733436035810177
MEXICO,2024-01,37960125983,99433172,0.2619411011558022,0.002615986333656678
MEXICO,2024-02,40187070212,99500912,0.24759434184950532,0.0024728833206345544
MEXICO,2024-03,41530577463,107347618,0.25847851043159,0.0025814502925765375
MEXICO,2024-04,43033123395,107380896,0.24953079750766252,0.002492199863521356
MEXICO,2024-05,43886885597,107390526,0.24469844359915333,0.0024439954445938292
MEXICO,2024-06,42213048918,99130770,0.2348344233380636,0.002345591182293433
MEXICO,2024-07,41908873109,108063524,0.25785356652024405,0.002575216945847373
MEXICO,2024-08,43684988479,112592295,0.25773680827253675,0.0025740523656021257
MEXICO,2024-09,44173822603,98708670,0.22345512383457697,0.0022320583417068454
MEXICO,2024-10,45483345940,110143390,0.2421620215568512,0.0024186928184112195
MEXICO,2024-11,42242693041,99760425,0.23616019201989402,0.0023588177209694495
MEXICO,2024-12,39218619785,101082225,0.25774039360421613,0.0025740881267486406
MEXICO,2025-01,41678591417,117417682,0.2817218097061392,0.002813257175600735
MEXICO,2025-02,41638739522,112359245,0.2698430507019419,0.0026947962797572492
MEXICO,2025-03,47981831804,1805569577,3.763027606731511,0.03693953253360125
MEXICO,2025-04,41868767207,1716756179,4.100326552516639,0.04018492653969501
MEXICO,2025-05,46342030163,2009739824,4.336753950854313,0.04245350081796743
MEXICO,2025-06,44872766650,1790239957,3.9895912167920677,0.03912062369057571
MEXICO,2025-07,45365956017,2138045190,4.712884677661834,0.04605198714068694
MEXICO,2025-08,45146257797,2113064529,4.6804865610376565,0.045742539743273615
MEXICO,2025-09,44578393576,2090340700,4.689134202281781,0.04582514619990771
MOLDOVA,2024-01,12235956,405716,3.315768706589007,0.03261982811589331
MOLDOVA,2024-02,8452185,315635,3.7343598134683518,0.03666321297312883
MOLDOVA,2024-03,12963870,372108,2.8703465863202884,0.028299238317250685
MOLDOVA,2024-04,12212261,441312,3.613679727283916,0.035499178819941045
MOLDOVA,2024-05,14797150,540496,3.652703392207283,0.035875734485140066
MOLDOVA,2024-06,11447628,289972,2.5330312969638777,0.025014817232625466
MOLDOVA,2024-07,12731840,353586,2.777179103727348,0.027393149234442547
MOLDOVA,2024-08,10513202,271000,2.5777113385626946,0.025450484733327016
MOLDOVA,2024-09,6813128,260758,3.8272875542628877,0.03755863607447745
MOLDOVA,2024-10,11873905,306194,2.5787135740095612,0.02546025518479888
MOLDOVA,2024-11,9490844,259905,2.738481424834293,0.02701655818292974
MOLDOVA,2024-12,12702107,259682,2.044400980089366,0.020237836305365114
MOLDOVA,2025-01,8933206,233170,2.6101491446631813,0.02576666139499035
MOLDOVA,2025-02,8130556,216857,2.667185368380711,0.02632236059403315
MOLDOVA,2025-03,9411410,235614,2.5034931003962213,0.024726691037950426
MOLDOVA,2025-04,9383862,368104,3.9227345841189907,0.038477500347888806
MOLDOVA,2025-05,9593695,814552,8.490492974813145,0.08149236080140775
MOLDOVA,2025-06,7833461,1105825,14.116684821689926,0.132051290002635
MOLDOVA,2025-07,7135559,908739,12.735358224912721,0.11987292342916243
MOLDOVA,2025-08,8973730,1027055,11.445129282918028,0.10836216972967312
MOLDOVA,2025-09,7759988,1626479,20.959813339917535,0.1902881832864972
MONACO,2024-01,3387475,53210,1.5707865002693746,0.01558577336416793
MONACO,2024-02,2679505,33663,1.2563141326476346,0.012484879858067953
MONACO,2024-03,1308511,28271,2.1605473702551987,0.021375383692230143
MONACO,2024-04,4822467,56579,1.1732376810458216,0.011664086100224338
MONACO,2024-05,1265225,18723,1.479815843031872,0.014689734029398665
MONACO,2024-06,3064065,27036,0.8823572606977985,0.008784872373144506
MONACO,2024-07,79529052,59131,0.0743514458087593,0.0007432381881448834
MONACO,2024-08,5839736,39713,0.680047865177467,0.0067774596978367125
MONACO,2024-09,7730532,48578,0.6283914224790739,0.00626425276011506
MONACO,2024-10,3657984,50632,1.384150395409056,0.013746585214080606
MONACO,2024-11,3102821,80203,2.58484134276518,0.02551999063596053
MONACO,2024-12,5045297,58035,1.1502791609691163,0.011437137493027345
MONACO,2025-01,4404534,101421,2.3026499511639598,0.022765390359936626
MONACO,2025-02,2366557,21529,0.9097182108861102,0.009056052004872292
MONACO,2025-03,3245461,49138,1.5140530112671204,0.015027056222951867
MONACO,2025-04,5558094,128494,2.3118356760429024,0.02285517603524653
MONACO,2025-05,1435525,181807,12.664843872450845,0.11924724204905603
MONACO,2025-06,2170024,165074,7.607012641334842,0.07331563286251525
MONACO,2025-07,4903802,255287,5.205899422529702,0.050749190904125566
MONACO,2025-08,2868779,309141,10.776047928404383,0.10234039102477147
MONACO,2025-09,2877752,197493,6.8627525929962,0.06637513908116488
MONGOLIA,2024-01,2315423,55201,2.3840568224466976,0.023560819402282822
MONGOLIA,2024-02,3886284,30611,0.7876676022647857,0.007845816948763362
MONGOLIA,2024-03,3363811,20386,0.6060388053906715,0.006042097762533169
MONGOLIA,2024-04,1445758,10757,0.7440387672072366,0.007412844524472594
MONGOLIA,2024-05,1083116,11917,1.1002514966079349,0.010942427637692658
MONGOLIA,2024-07,2540489,22775,0.8964809530763566,0.00892486418325356
MONGOLIA,2024-08,1613039,15633,0.9691644157394831,0.009644981424315349
MONGOLIA,2024-09,2043179,33805,1.6545295346124838,0.01640991319789451
MONGOLIA,2024-10,2288787,39611,1.7306547092411835,0.01715849455072608
MONGOLIA,2024-11,2313375,50846,2.1979143026962773,0.021741083576165682
MONGOLIA,2024-12,3600097,49175,1.365935417851241,0.013566906102885587
MONGOLIA,2025-01,2203160,33366,1.5144610468599649,0.015031075713462724
MONGOLIA,2025-02,2843913,29059,1.0217963770340373,0.01016611328367308
MONGOLIA,2025-03,1336129,44457,3.327298486897597,0.0327314193778422
MONGOLIA,2025-04,4112578,80163,1.9492153097157061,0.019304614187800797
MONGOLIA,2025-05,3104357,158613,5.109367253830664,0.04983121498156551
MONGOLIA,2025-06,1827550,194682,10.652622363273235,0.1012255798510298
MONGOLIA,2025-07,2457009,334275,13.604956270001454,0.1275569484845732
MONGOLIA,2025-08,2320189,279396,12.041950030794906,0.1137031690256049
MONGOLIA,2025-09,5246801,351241,6.6943838731447975,0.06479833619344874
MOROCCO,2024-01,148071354,2991599,2.020376608428933,0.02000237801554824
MOROCCO,2024-02,151543164,4125779,2.7225107956700705,0.026861096759096575
MOROCCO,2024-03,157789743,5020279,3.1816256903340037,0.03132060557106666
MOROCCO,2024-04,163621425,4122364,2.519452449457643,0.02488237457913509
MOROCCO,2024-05,136540210,4998861,3.661090751215338,0.03595664911069392
MOROCCO,2024-06,220121442,4000843,1.81756168942415,0.01801241493383231
MOROCCO,2024-07,130665477,4354982,3.332924732674416,0.032785868615247994
MOROCCO,2024-08,168850426,4756957,2.817260881533103,0.027783060346011846
MOROCCO,2024-09,177880221,3954134,2.2229194329593285,0.021985727235334984
MOROCCO,2024-10,166984494,4243495,2.54125092596921,0.025094979688108778
MOROCCO,2024-11,149436479,4038912,2.702761753373485,0.026668822049053652
MOROCCO,2024-12,131668088,3102207,2.3560811485316018,0.023287539581662915
MOROCCO,2025-01,134851343,3090904,2.2920824748478776,0.02266208881155193
MOROCCO,2025-02,167632849,3775371,2.2521665786399656,0.022271797743489065
MOROCCO,2025-03,166444692,5011464,3.0108884457547016,0.02966450971989167
MOROCCO,2025-04,153858645,7897719,5.1331005807310985,0.05005698599011287
MOROCCO,2025-05,173487222,18066762,10.413886274575312,0.09906572141767987
MOROCCO,2025-06,128194826,14607313,11.394619779740564,0.10790884392711844
MOROCCO,2025-07,156720293,17574659,11.214028932424213,0.10628634733520122
MOROCCO,2025-08,152522971,19537762,12.809717691638726,0.12053229911376094
MOROCCO,2025-09,154573018,18913582,12.236017802279049,0.11543376986700654
MOZAMBIQUE,2024-01,30656869,1181655,3.8544542823339203,0.03782025491478319
MOZAMBIQUE,2024-02,2970964,275840,9.284528523401832,0.08878464861160529
MOZAMBIQUE,2024-03,23484792,89794,0.3823495647736629,0.003816204667031666
MOZAMBIQUE,2024-04,11557215,86,0.000744123908744451,7.441211401562276e-06
MOZAMBIQUE,2024-05,26292307,128600,0.48911645524297276,0.004879241669141034
MOZAMBIQUE,2024-06,7767429,311491,4.010220112729708,0.039318978639778956
MOZAMBIQUE,2024-07,13351576,213816,1.6014289249448903,0.015887413279288436
MOZAMBIQUE,2024-08,32355416,341317,1.0548991241528158,0.01049373886496812
MOZAMBIQUE,2024-09,7869014,21076,0.267835334897104,0.0026747729522602136
MOZAMBIQUE,2024-10,29711726,18333,0.06170291150369386,0.0006168388308424389
MOZAMBIQUE,2024-11,15600849,8478,0.05434319632220015,0.0005432843575460164
MOZAMBIQUE,2024-12,14375757,128429,0.8933720846839579,0.008894051252416416
MOZAMBIQUE,2025-01,62417966,244985,0.3924911619196307,0.003917229248775935
MOZAMBIQUE,2025-02,3887001,4,0.00010290709984381274,1.0290704689449307e-06
MOZAMBIQUE,2025-03,12609670,39628,0.31426674924879083,0.0031377396347166946
MOZAMBIQUE,2025-04,2353225,58578,2.489264732441649,0.024587872787707424
MOZAMBIQUE,2025-05,16147229,47037,0.2913007550707307,0.0029087729658040812
MOZAMBIQUE,2025-07,2421069,129714,5.357715951094331,0.05219119269158659
MOZAMBIQUE,2025-08,16963050,73355,0.43243992088686883,0.004315075863524146
MOZAMBIQUE,2025-09,3752198,224023,5.970447188554549,0.05799006914402454
NAMIBIA,2024-01,5287649,7563,0.14303143041453772,0.0014292923789744568
NAMIBIA,2024-02,9087295,3523,0.038768412382342604,0.00038760899375069074
NAMIBIA,2024-03,16909046,13212,0.07813569139264273,0.0007810518135308154
NAMIBIA,2024-04,14609937,4001,0.027385470587587064,0.0002738172145205387
NAMIBIA,2024-05,18955610,2292,0.012091407240389521,0.00012090676288665229
NAMIBIA,2024-06,18366351,8060,0.04388460179161337,0.00043874975316498534
NAMIBIA,2024-07,105668371,39721,0.03759024542925905,0.0003758318206653671
NAMIBIA,2024-08,13881463,7565,0.054497137657608566,0.0005448229336044405
NAMIBIA,2024-09,28996403,5659,0.019516213786930744,0.00019514309621671138
NAMIBIA,2024-10,13863819,3950,0.02849142793915587,0.00028487369902602553
NAMIBIA,2024-11,12779459,5829,0.045612259486101876,0.00045601860257120114
NAMIBIA,2024-12,16186373,8232,0.05085759484227875,0.0005084466675060499
NAMIBIA,2025-01,10982489,5020,0.04570912841342249,0.0004569868497360327
NAMIBIA,2025-02,20730576,9054,0.043674618592363275,0.00043665084006845557
NAMIBIA,2025-03,92673524,4698,0.005069409036393178,5.0692805461957306e-05
NAMIBIA,2025-04,6814322,26539,0.3894591420833943,0.0038870271331786312
NAMIBIA,2025-05,9779589,139922,1.4307554233618611,0.014206167103143126
NAMIBIA,2025-06,4963568,156801,3.1590380145895045,0.031101669803107468
NAMIBIA,2025-07,50239120,193854,0.385862650460438,0.0038512011004647384
NAMIBIA,2025-08,9981348,345214,3.458590963865803,0.034001259355408195
NAMIBIA,2025-09,13306440,489007,3.674964904211795,0.036090481626927594
NEPAL,2024-01,7315330,128676,1.7589910503012167,0.017436998561457664
NEPAL,2024-02,7849013,85726,1.0921882789594055,0.010862669782633845
NEPAL,2024-03,10069509,179628,1.7838804255500444,0.017681560065306096
NEPAL,2024-04,10650673,134247,1.2604555599444278,0.012525779456690398
NEPAL,2024-05,10748709,182750,1.700204182660448,0.016859124760183763
NEPAL,2024-06,10336804,110078,1.0649132942832233,0.010592830290185455
NEPAL,2024-07,10336902,191508,1.852663399536921,0.018357106559178944
NEPAL,2024-08,12894821,259156,2.0097681076767175,0.019898388472468356
NEPAL,2024-09,10580227,194144,1.8349700814547742,0.018183376639259185
NEPAL,2024-10,13390397,214120,1.5990563984025268,0.015864061695863855
NEPAL,2024-11,8091002,131002,1.619107250251576,0.016061394961297562
NEPAL,2024-12,8179751,146046,1.7854577724920966,0.01769705696632318
NEPAL,2025-01,9218439,109086,1.1833456835804848,0.011763988978351675
NEPAL,2025-02,9462283,87368,0.9233289682838698,0.009190923450441948
NEPAL,2025-03,9995608,135314,1.353734560218848,0.013446534383175853
NEPAL,2025-04,8184715,514974,6.2918989848760765,0.06101888747058531
NEPAL,2025-05,10924183,919048,8.412967816449065,0.08077752516547568
NEPAL,2025-06,9584316,977248,10.19632491249245,0.09709336092319444
NEPAL,2025-07,12345906,1161188,9.405449871398664,0.08989051876814184
NEPAL,2025-08,11360514,1212359,10.671691439313397,0.1013978978016401
NEPAL,2025-09,10593654,1195834,11.288210847739599,0.10695314438081506
NETHERLANDS,2024-01,2877894158,19479063,0.6768512645210352,0.006745709103041932
NETHERLANDS,2024-02,2957963652,19868613,0.6716990246504896,0.0066945317802921955
NETHERLANDS,2024-03,2363745964,20462577,0.8656842702915769,0.00861958709634425
NETHERLANDS,2024-04,2908656454,21088123,0.7250125043471359,0.00722396923274337
NETHERLANDS,2024-05,2824377055,20622042,0.730144792937358,0.007274921401555398
NETHERLANDS,2024-06,2881144913,17640714,0.6122813857922738,0.006104145595927999
NETHERLANDS,2024-07,2858067687,20951981,0.7330820433435031,0.007304080573206512
NETHERLANDS,2024-08,2651462162,20492348,0.7728697129338857,0.007698983748628099
NETHERLANDS,2024-09,3511122693,18638665,0.5308463027270235,0.005294422803501574
NETHERLANDS,2024-10,3081227841,18555898,0.6022241443196151,0.006004180223605189
NETHERLANDS,2024-11,2656322570,19324740,0.7274997478939464,0.007248662333058969
NETHERLANDS,2024-12,2483230438,18524989,0.7460036215938168,0.007432347765063026
NETHERLANDS,2025-01,3047488590,15865770,0.5206178639047834,0.0051926733447402364
NETHERLANDS,2025-02,2625652149,16327215,0.6218346556766229,0.0061990924178630755
NETHERLANDS,2025-03,4042003719,32231380,0.7974109436983425,0.007942484236951784
NETHERLANDS,2025-04,3321998094,78229716,2.354899484779777,0.023275994878509402
NETHERLANDS,2025-05,3768419686,132722333,3.5219626278111953,0.03461360350876853
NETHERLANDS,2025-06,2442477009,145152775,5.942851231153594,0.05772962340736964
NETHERLANDS,2025-07,3144392190,144325104,4.58992057221717,0.044876999357366554
NETHERLANDS,2025-08,2945533074,159373839,5.410695958798797,0.05269392465545375
NETHERLANDS,2025-09,1805857171,163056014,9.029286292321066,0.08644634173354764
NEW CALEDONIA,2024-01,2044041,3133,0.15327481200230328,0.001531574660548819
NEW CALEDONIA,2024-03,2595661,1373,0.05289596753967487,0.0005288198255421
NEW CALEDONIA,2024-04,5537938,3874,0.06995383480277316,0.0006992937851249907
NEW CALEDONIA,2024-05,3114685,114,0.0036600811960117957,3.660014216674316e-05
NEW CALEDONIA,2024-06,3844930,2909,0.07565807439927384,0.0007562946810590261
NEW CALEDONIA,2024-07,1602942,483,0.030132094611033958,0.00030127555807140614
NEW CALEDONIA,2024-08,4410784,1604,0.03636541712312369,0.000363588065079143
NEW CALEDONIA,2024-10,3156727,1068,0.03383251069858116,0.0003382678879521964
NEW CALEDONIA,2024-11,2477094,1565,0.06317887007921379,0.000631589206332055
NEW CALEDONIA,2024-12,4518268,7021,0.15539140219216743,0.001552707946790959
NEW CALEDONIA,2025-01,1143054,4745,0.4151159962696426,0.004142567668628971
NEW CALEDONIA,2025-02,1694172,219,0.012926668602715664,0.00012925833180903873
NEW CALEDONIA,2025-03,3495044,0,0.0,0.0
NEW CALEDONIA,2025-04,1491879,928,0.06220343606954719,0.0006218409775123632
NEW CALEDONIA,2025-05,1306515,128857,9.86264987390118,0.09406076209699651
NEW CALEDONIA,2025-06,2570502,0,0.0,0.0
NEW CALEDONIA,2025-07,4916234,0,0.0,0.0
NEW CALEDONIA,2025-08,1434224,0,0.0,0.0
NEW CALEDONIA,2025-09,4206133,0,0.0,0.0
NEW ZEALAND,2024-01,511383550,8068439,1.577766629372415,0.015654492820922645
NEW ZEALAND,2024-02,376232267,5079761,1.3501662259074658,0.013411327026061246
NEW ZEALAND,2024-03,461178161,6313506,1.3689950075498047,0.013597089255757923
NEW ZEALAND,2024-04,518968333,5088071,0.9804203217154677,0.009756453859401298
NEW ZEALAND,2024-05,498142013,4801870,0.9639560355653036,0.009593396224584924
NEW ZEALAND,2024-06,525091470,5036655,0.9591957378397329,0.009546246626486388
NEW ZEALAND,2024-07,531151836,4653276,0.8760726565576628,0.008722574067742883
NEW ZEALAND,2024-08,441663420,2982245,0.6752302465981901,0.006729607775350511
NEW ZEALAND,2024-09,438341571,5339878,1.2182002240440024,0.012108398806367087
NEW ZEALAND,2024-10,478077258,5856988,1.2251132849327044,0.012176695069370929
NEW ZEALAND,2024-11,373854224,4980060,1.332086059297808,0.013232918048918308
NEW ZEALAND,2024-12,458166035,4577267,0.9990411008969706,0.009940836757574257
NEW ZEALAND,2025-01,482697736,6868460,1.4229318863016172,0.014129032325186835
NEW ZEALAND,2025-02,422110442,4958469,1.17468522610014,0.011678393586395148
NEW ZEALAND,2025-03,503238224,8255351,1.6404459371909714,0.016271359872497684
NEW ZEALAND,2025-04,546696097,11051352,2.021479952142406,0.02001319289179062
NEW ZEALAND,2025-05,528140013,45463322,8.60819496363363,0.08257667873506708
NEW ZEALAND,2025-06,481284953,49601536,10.306064149900818,0.09808871745366285
NEW ZEALAND,2025-07,490478542,47884076,9.762725970588944,0.09315081341895493
NEW ZEALAND,2025-08,427018955,43628273,10.216940603959841,0.09728042490484001
NEW ZEALAND,2025-09,484995686,62302333,12.84595611846329,0.12085348250369499
NICARAGUA,2024-01,318357490,5061162,1.5897731823429062,0.015772686435863253
NICARAGUA,2024-02,373223663,5388833,1.4438615592280921,0.014335371397691105
NICARAGUA,2024-03,386179188,6004111,1.554747429838192,0.015427850623937395
NICARAGUA,2024-04,402591904,5577173,1.3853167300651927,0.013758089260253672
NICARAGUA,2024-05,405990550,3998936,0.9849825322288905,0.00980163199832738
NICARAGUA,2024-06,363195104,4610356,1.2693882569518338,0.012613990624435868
NICARAGUA,2024-07,400683429,6655790,1.6611093742037433,0.016474638564116906
NICARAGUA,2024-08,429274777,4862539,1.132733451981969,0.011263660651798749
NICARAGUA,2024-09,400112323,5232878,1.3078522452806334,0.012993737023346937
NICARAGUA,2024-10,428441740,5552421,1.2959570652476575,0.012876313959218738
NICARAGUA,2024-11,335751567,4316442,1.2856059134937707,0.012774121522644623
NICARAGUA,2024-12,376798129,4545323,1.206301902841986,0.011990840693681094
NICARAGUA,2025-01,323181314,3728144,1.1535765957062727,0.01146973632536413
NICARAGUA,2025-02,308135519,3627908,1.1773741669813793,0.01170497044347743
NICARAGUA,2025-03,444103640,4506707,1.0147872239912288,0.010096728294868658
NICARAGUA,2025-04,447345017,17034967,3.8080153690412066,0.037373001117360895
NICARAGUA,2025-05,414435907,40871184,9.86188293766737,0.09405378120848125
NICARAGUA,2025-06,443418083,47134441,10.629796755492265,0.10101927690158784
NICARAGUA,2025-07,449384807,48286270,10.74497162517557,0.10205981897345733
NICARAGUA,2025-08,468651834,63043035,13.451997928167717,0.12620963573203453
NICARAGUA,2025-09,457855011,74067930,16.177158318793634,0.1499460669794652
NIGERIA,2024-01,527949259,225907,0.04278952875658833,0.00042780376648401844
NIGERIA,2024-02,369215318,118624,0.03212867782479166,0.00032123517670327827
NIGERIA,2024-03,503324008,391258,0.07773481768825143,0.0007770461982733438
NIGERIA,2024-04,732203115,430945,0.05885593644326411,0.0005883862312993308
NIGERIA,2024-05,516744971,467994,0.09056575801683033,0.0009052477197854862
NIGERIA,2024-06,492519106,453583,0.09209449836043518,0.0009205211739565586
NIGERIA,2024-07,673124640,569779,0.08464687906834015,0.0008461107380159604
NIGERIA,2024-08,381646513,303083,0.07941458645005359,0.0007938306975214817
NIGERIA,2024-09,478417877,424486,0.08872703559110523,0.000886876964248123
NIGERIA,2024-10,398259476,317509,0.07972415451076424,0.0007969239168734248
NIGERIA,2024-11,258291868,262022,0.10144415386705091,0.0010139273405727102
NIGERIA,2024-12,412150100,695436,0.16873367251397003,0.0016859147718456622
NIGERIA,2025-01,356804022,420789,0.11793280738298403,0.0011786332127361192
NIGERIA,2025-02,286318861,330973,0.11559594741472515,0.0011552918674289936
NIGERIA,2025-03,474730165,1076533,0.2267673468779891,0.0022651061777520013
NIGERIA,2025-04,604200724,797865,0.13205296986701393,0.0013196585661475154
NIGERIA,2025-05,400122562,1112703,0.27809054166758035,0.0027770458529396054
NIGERIA,2025-06,638551050,1719580,0.269294052527202,0.002689321057487207
NIGERIA,2025-07,378760934,3537057,0.9338494766727976,0.009295160599494564
NIGERIA,2025-08,442217924,2084962,0.47147840167600263,0.004703704234801541
NIGERIA,2025-09,540261614,1574335,0.29140234271761534,0.0029097858910993907
NORWAY,2024-01,486151717,2262648,0.46542013961456397,0.00464340408975845
NORWAY,2024-02,407501731,2641125,0.6481260812116648,0.006460347754609065
NORWAY,2024-03,435675128,2227991,0.5113881552586587,0.0051008500690800426
NORWAY,2024-04,577734079,3110998,0.5384826883303867,0.005370380540520475
NORWAY,2024-05,672869328,3190613,0.47418018138582774,0.004730594885030455
NORWAY,2024-06,506145367,2709067,0.5352349693640482,0.005338076776463654
NORWAY,2024-07,616265351,3760212,0.6101611901266862,0.006083072442868881
NORWAY,2024-08,669215057,3780768,0.5649556088813465,0.005633657199816063
NORWAY,2024-09,572711264,3453688,0.6030417449585905,0.006012307253833412
NORWAY,2024-10,512497085,3414195,0.6661881793922789,0.006639789522527249
NORWAY,2024-11,505985606,2863589,0.5659427790125714,0.005643473395528856
NORWAY,2024-12,638097041,4115905,0.6450280655665978,0.006429566621902956
NORWAY,2025-01,549137041,3613868,0.6580994779406986,0.006559434573305224
NORWAY,2025-02,646419720,3748435,0.5798763379310272,0.005782015265321751
NORWAY,2025-03,649489071,4435117,0.6828624526616554,0.0068054150693589955
NORWAY,2025-04,737557211,17010672,2.30635288304435,0.022801585559849652
NORWAY,2025-05,593077907,29049324,4.8980620685976755,0.047818855159600555
NORWAY,2025-06,565511005,31353097,5.544206341307186,0.05395969661788086
NORWAY,2025-07,497008478,32738404,6.587091659229201,0.06379222703466335
NORWAY,2025-08,471505210,34134619,7.239499856215799,0.06989446358863319
NORWAY,2025-09,475114190,34701070,7.3037326037346935,0.0704932496580104
OMAN,2024-01,86026207,1807898,2.101566560989955,0.020797882463350178
OMAN,2024-02,152081518,1991654,1.3095963442448015,0.013010952707152575
OMAN,2024-03,139701980,2940508,2.1048434675013197,0.020829976524561956
OMAN,2024-04,115841574,2545554,2.1974442439810082,0.02173648407137641
OMAN,2024-05,132336565,3555099,2.686407192146781,0.0265095676799432
OMAN,2024-06,76820339,1848867,2.4067415271364525,0.023782359676214587
OMAN,2024-07,125496897,3557840,2.8350023666322204,0.027955599027210034
OMAN,2024-08,103462571,3350306,3.238181660882949,0.031868575968770754
OMAN,2024-09,90130006,3709265,4.115460726808339,0.04033029663401979
OMAN,2024-10,98765031,2386137,2.4159735240704783,0.02387250589791631
OMAN,2024-11,96044005,4001484,4.166302727588255,0.04081850069899899
OMAN,2024-12,107470083,2652960,2.46855676104763,0.02438580222203116
OMAN,2025-01,85217637,3416105,4.00868308516933,0.039304200871636
OMAN,2025-02,79027011,3481810,4.405848020748248,0.04311550341604458
OMAN,2025-03,121701548,6371737,5.235543100897944,0.05103091942878166
OMAN,2025-04,85636200,10047915,11.733256496668465,0.11094420627250895
OMAN,2025-05,116110334,13408130,11.54774905737503,0.1092825559094021
OMAN,2025-06,95709217,24558369,25.659356297941503,0.22840453840428712
OMAN,2025-07,98048077,23455601,23.92255077067957,0.21448659391996813
OMAN,2025-08,94511765,13658284,14.451411419520099,0.1349801925277165
OMAN,2025-09,113547550,17174182,15.125101334198757,0.14084918879718766
PAKISTAN,2024-01,367316103,34998142,9.528071792703301,0.09101069381666506
PAKISTAN,2024-02,370590243,34112716,9.204968734160657,0.08805637751614123
PAKISTAN,2024-03,427036938,41751302,9.77697671670735,0.09328063728191897
PAKISTAN,2024-04,409406196,37862808,9.248225446983708,0.08845240480748438
PAKISTAN,2024-05,398695756,36097785,9.053967707647232,0.08667269029519872
PAKISTAN,2024-06,441565956,43644845,9.884105512880618,0.09425603814564491
PAKISTAN,2024-07,482196161,45120329,9.357255957083407,0.0894499142792514
PAKISTAN,2024-08,402899876,38660643,9.595595656127728,0.0916270020990876
PAKISTAN,2024-09,452579821,44523601,9.83773445789577,0.09383394942037784
PAKISTAN,2024-10,487171793,49049314,10.068176094095005,0.09592977049195685
PAKISTAN,2024-11,435885937,41983147,9.631681923245896,0.09195621539628805
PAKISTAN,2024-12,443316917,41957957,9.464551292997465,0.09043057837175002
PAKISTAN,2025-01,421991379,40377427,9.568306133571511,0.09137796909251666
PAKISTAN,2025-02,409484722,41473173,10.128136844138472,0.0964743822588426
PAKISTAN,2025-03,443040236,43626473,9.847067930868473,0.09391892091478102
PAKISTAN,2025-04,477160346,51176009,10.725117757375422,0.10188052733268828
PAKISTAN,2025-05,477358148,64720272,13.558011373883577,0.12714363378567595
PAKISTAN,2025-06,350003267,66730406,19.06565232146819,0.17450485517324948
PAKISTAN,2025-07,477080365,91982582,19.280311819162794,0.17630609864306648
PAKISTAN,2025-08,487433466,99113562,20.33376222879206,0.1850990478985169
PAKISTAN,2025-09,528604116,129637223,24.524444489947935,0.21933185192896587
PANAMA,2024-01,36388586,52269,0.14364119562106645,0.0014353813033999888
PANAMA,2024-02,35409429,134483,0.37979431975590455,0.0037907492204175275
PANAMA,2024-03,41580180,49246,0.11843623572577128,0.001183661553443595
PANAMA,2024-04,46057851,80570,0.17493217388714033,0.0017477934576425008
PANAMA,2024-05,42137209,98399,0.23352044982381248,0.0023324821455569236
PANAMA,2024-06,70314266,83327,0.11850653464831733,0.001184363710813493
PANAMA,2024-07,51977099,99892,0.19218463885412304,0.0019200020044744918
PANAMA,2024-08,54055197,71572,0.13240540035401221,0.0013231782170118453
PANAMA,2024-09,40528365,47338,0.11680214585513135,0.0011673398521897709
PANAMA,2024-10,45022490,52164,0.11586209469978226,0.0011579502637435357
PANAMA,2024-11,46950625,95087,0.20252552548554997,0.0020232071902014526
PANAMA,2024-12,44484863,34643,0.07787592826800432,0.0007784562070083178
PANAMA,2025-01,48690776,55954,0.11491704301447157,0.001148510639232384
PANAMA,2025-02,43349906,108087,0.24933618079817751,0.0024902585387406415
PANAMA,2025-03,44047714,105463,0.2394289973822478,0.0023914282285715017
PANAMA,2025-04,54603806,1387170,2.5404273101402493,0.025086947611952105
PANAMA,2025-05,62745431,3525200,5.618257686364446,0.05466106509673279
PANAMA,2025-06,40488891,1722664,4.254658395064463,0.04166635853722458
PANAMA,2025-07,51477057,1644154,3.1939549302517434,0.031440089086464486
PANAMA,2025-08,49047673,1172606,2.390747467265165,0.023626165769909013
PANAMA,2025-09,62862132,2501921,3.9800129591532145,0.039028511598680565
PAPUA NEW GUINEA,2024-01,5772547,3825,0.06626191176962266,0.0006623996825779107
PAPUA NEW GUINEA,2024-02,12452267,2184,0.017538975031614727,0.0001753743713320738
PAPUA NEW GUINEA,2024-03,3367786,191,0.005671381732687291,5.671220915913828e-05
PAPUA NEW GUINEA,2024-04,7504920,0,0.0,0.0
PAPUA NEW GUINEA,2024-05,4490038,196,0.004365219180773081,4.3651239078531704e-05
PAPUA NEW GUINEA,2024-06,5286057,1480,0.027998184658243375,0.0002799426589796002
PAPUA NEW GUINEA,2024-07,7049483,287,0.004071220541988683,4.071137670054434e-05
PAPUA NEW GUINEA,2024-08,5196555,487,0.009371593295943177,9.371154189572617e-05
PAPUA NEW GUINEA,2024-09,6314363,706,0.011180858623427256,0.00011180233612016798
PAPUA NEW GUINEA,2024-10,4840813,7923,0.16367085446184348,0.0016353705968764787
PAPUA NEW GUINEA,2024-11,8334467,134,0.0016077812774350179,1.607768352770371e-05
PAPUA NEW GUINEA,2024-12,8523337,0,0.0,0.0
PAPUA NEW GUINEA,2025-01,5037472,0,0.0,0.0
PAPUA NEW GUINEA,2025-02,7346360,3840,0.05227078444290779,0.000522571280270463
PAPUA NEW GUINEA,2025-03,2844569,1777,0.062469920750735874,0.0006245041641821418
PAPUA NEW GUINEA,2025-04,5827588,8730,0.1498046876340606,0.0014969259234724013
PAPUA NEW GUINEA,2025-05,6461200,135953,2.1041447409150003,0.020823133274492974
PAPUA NEW GUINEA,2025-06,2964773,274549,9.260371704680258,0.08856357899346508
PAPUA NEW GUINEA,2025-07,5385782,494050,9.173226840596222,0.08776567180988303
PAPUA NEW GUINEA,2025-08,10801550,1181407,10.937383986557485,0.10379574792612198
PAPUA NEW GUINEA,2025-09,10968849,1368045,12.472092559574847,0.11753493874577745
PARAGUAY,2024-01,27483393,309405,1.125788944618301,0.011194991037444703
PARAGUAY,2024-02,22445818,230343,1.026217890566519,0.010209880242227113
PARAGUAY,2024-03,19535729,510323,2.612254705212178,0.025787181187270056
PARAGUAY,2024-04,25304329,656552,2.594623236205947,0.025615340270177096
PARAGUAY,2024-05,15484634,1001301,6.466416965360628,0.06265941577469042
PARAGUAY,2024-06,25732582,1830154,7.112205063603801,0.06870674448349307
PARAGUAY,2024-07,24491348,2214699,9.0427811486734,0.08657010684044938
PARAGUAY,2024-08,30990463,3704676,11.954245407692039,0.11292007869308286
PARAGUAY,2024-09,37178527,4322305,11.625810242562865,0.10998211179421352
PARAGUAY,2024-10,30430723,2516733,8.270368732284146,0.07946132700254832
PARAGUAY,2024-11,40500451,2588938,6.392368322021895,0.0619636620502121
PARAGUAY,2024-12,55994546,2405345,4.295677296856733,0.042059730259069304
PARAGUAY,2025-01,55018230,2966239,5.391374822490654,0.05251061396699004
PARAGUAY,2025-02,34928596,3761203,10.768262772428642,0.10227011022221494
PARAGUAY,2025-03,33322166,3890197,11.674502191724272,0.1104182235882575
PARAGUAY,2025-04,34111952,4544277,13.321656292199286,0.12506010492988248
PARAGUAY,2025-05,54060330,9542539,17.65164770544316,0.1625579342333472
PARAGUAY,2025-06,44792777,10833937,24.18679467004245,0.21661665475103603
PARAGUAY,2025-07,41508893,9888077,23.821586858507647,0.2136715278705546
PARAGUAY,2025-08,21707840,3985362,18.35909054056046,0.16855295767323797
PARAGUAY,2025-09,25602929,3043476,11.887218060089921,0.11232119635406437
PERU,2024-01,1030660305,520689,0.050519943134901275,0.0005050718610801048
PERU,2024-02,640129592,773363,0.12081350552529994,0.001207405847359121
PERU,2024-03,563394511,627017,0.11129270657732766,0.001112308221556172
PERU,2024-04,557345811,931520,0.16713501413577503,0.001669954990018181
PERU,2024-05,535248394,916998,0.1713219526259802,0.0017117536397053895
PERU,2024-06,591995051,819748,0.1384721035446629,0.0013837631934010188
PERU,2024-07,662885743,810614,0.12228562894284482,0.0012221092096615877
PERU,2024-08,791227862,1048180,0.1324751124600817,0.0013238744160247824
PERU,2024-09,833459968,1029487,0.12351966975335281,0.0012344344696957029
PERU,2024-10,950006744,1027266,0.10813249553100016,0.001080740744590339
PERU,2024-11,1039627406,551177,0.05301678243753417,0.0005300273350674208
PERU,2024-12,1166274531,774766,0.0664308427738443,0.000664087872567228
PERU,2025-01,1378414214,733269,0.053196564033690386,0.0005318241967755077
PERU,2025-02,947673414,861826,0.09094124487067229,0.0009089991837390169
PERU,2025-03,713120402,1175719,0.16486963445479996,0.0016473387367136189
PERU,2025-04,647108531,10871014,1.679936746190107,0.016659818805877028
PERU,2025-05,779916742,34697748,4.448904111357056,0.043527809966690104
PERU,2025-06,638746530,37383358,5.852612303036699,0.05687749058005096
PERU,2025-07,689560500,42705582,6.193159555978047,0.060089509784613394
PERU,2025-08,698378175,58830041,8.423808633481423,0.08087751574104941
PERU,2025-09,856470318,71714719,8.373287140582494,0.08041144405652725
PHILIPPINES,2024-01,1008094479,16351848,1.6220551089834903,0.016090403442629807
PHILIPPINES,2024-02,914944243,13228822,1.4458610020457827,0.014355081048751932
PHILIPPINES,2024-03,1153642515,14164813,1.2278338233746526,0.012203570829699145
PHILIPPINES,2024-04,1087292763,15732563,1.4469481942095848,0.01436579796048596
PHILIPPINES,2024-05,1090234195,14077250,1.2912133984203276,0.012829483088168612
PHILIPPINES,2024-06,1059208348,13324139,1.2579337224030263,0.012500874680877511
PHILIPPINES,2024-07,1172953560,19533214,1.6653015657329178,0.016515874638765436
PHILIPPINES,2024-08,1271999427,17903013,1.4074702094971934,0.013976573160538824
PHILIPPINES,2024-09,1490103319,17810347,1.1952424219786602,0.01188155811966492
PHILIPPINES,2024-10,1232655419,18796165,1.5248515286817557,0.01513342517179233
PHILIPPINES,2024-11,1442124274,14521684,1.0069648130754645,0.010019287020938527
PHILIPPINES,2024-12,1238593184,14093654,1.1378759533041318,0.01131450838828791
PHILIPPINES,2025-01,1160392677,15061027,1.2979250299077851,0.012895741640250737
PHILIPPINES,2025-02,1183325320,14013954,1.184285822600331,0.011773280375526763
PHILIPPINES,2025-03,1519499639,18847586,1.2403810778397952,0.012327513785262088
PHILIPPINES,2025-04,1216641737,31413175,2.5819576991874973,0.025491880399885897
PHILIPPINES,2025-05,1386239647,74044502,5.341392605545641,0.05203624808177625
PHILIPPINES,2025-06,1348226901,92552136,6.864729959871941,0.06639364270879551
PHILIPPINES,2025-07,1403192638,105336939,7.50694780939978,0.07238529027626116
PHILIPPINES,2025-08,1718539921,116616460,6.785787084430493,0.06565465194831274
PHILIPPINES,2025-09,1820792328,177292946,9.737131647228688,0.09291760758680521
POLAND,2024-01,1189745638,16692323,1.403016112591959,0.013932649426744537
POLAND,2024-02,1077398344,13190428,1.2242851563172628,0.012168513976991079
POLAND,2024-03,1127050784,14116570,1.2525229741555284,0.012447437951366866
POLAND,2024-04,1109398002,13916965,1.2544609756742648,0.012466578046992168
POLAND,2024-05,1043973014,14582082,1.3967872545027298,0.013871220786402981
POLAND,2024-06,1070016030,13511698,1.2627565962726746,0.01254850313664636
POLAND,2024-07,1248600824,17499940,1.401564027800129,0.013918329387316932
POLAND,2024-08,1147619801,15189702,1.3235831228046229,0.01314900293780899
POLAND,2024-09,1099588829,15849693,1.4414199728105823,0.014311302757529626
POLAND,2024-10,1168562904,17990776,1.5395641893489374,0.015278331512382854
POLAND,2024-11,1203453478,18125177,1.5060970225556156,0.0149486798774093
POLAND,2024-12,1210172135,19127215,1.5805367225712894,0.01568176311362879
POLAND,2025-01,1094213442,13294379,1.2149712743156011,0.012076497416839123
POLAND,2025-02,1169896556,15170253,1.2967174680698863,0.012883820675085776
POLAND,2025-03,1477209594,23956367,1.621731073051777,0.016087214799692176
POLAND,2025-04,1246133134,56610980,4.542931927207707,0.0444276328877891
POLAND,2025-05,1137592043,122860171,10.8000202494384,0.10255677108173965
POLAND,2025-06,1095710359,122368451,11.167956020027004,0.10587198901326916
POLAND,2025-07,1170399149,124925319,10.67373631523377,0.10141637458646621
POLAND,2025-08,1118504371,132540392,11.84978757673536,0.11198660276640797
POLAND,2025-09,1130826006,141441613,12.507813956305494,0.11785249063371285
PORTUGAL,2024-01,410904539,12939646,3.1490637780469983,0.031004977172390494
PORTUGAL,2024-02,502262044,13558930,2.6995728946621336,0.026637772171095135
PORTUGAL,2024-03,764854206,13695922,1.7906578655854315,0.017748144423986537
PORTUGAL,2024-04,592487311,13609104,2.296944381311822,0.02270961732800827
PORTUGAL,2024-05,489979850,13183900,2.690702485010353,0.0265513960304439
PORTUGAL,2024-06,534851348,12910626,2.41387182593396,0.023851984492620118
PORTUGAL,2024-07,892458443,14659372,1.6425831493870466,0.016292386833830927
PORTUGAL,2024-08,564549510,16604942,2.9412729452196316,0.0289884740549467
PORTUGAL,2024-09,464309802,13107181,2.822938680928386,0.0278382810607243
PORTUGAL,2024-10,622173011,12213551,1.9630473813657598,0.01944028108187302
PORTUGAL,2024-11,468688749,14100235,3.0084432430017642,0.029640772114949372
PORTUGAL,2024-12,476346260,14001211,2.9392927321398514,0.02896923753232179
PORTUGAL,2025-01,484520670,12209554,2.519924278978645,0.02488697690995107
PORTUGAL,2025-02,501433997,13240507,2.6405283804480453,0.02606268220596173
PORTUGAL,2025-03,871609604,16042906,1.8406068412252143,0.018238727014174474
PORTUGAL,2025-04,549330898,24573621,4.4733731689711,0.04376205073837281
PORTUGAL,2025-05,557220106,46794890,8.397918434048753,0.08063870019515482
PORTUGAL,2025-06,508889167,53121377,10.438692832303897,0.09929036500511926
PORTUGAL,2025-07,471417316,58703932,12.452646520943663,0.11736202723093804
PORTUGAL,2025-08,768610841,60069287,7.815305717240071,0.07524944494293385
PORTUGAL,2025-09,423277368,36925945,8.72381747563692,0.08364069614892078
QATAR,2024-01,137296798,1419867,1.034158859261962,0.0102884802015785
QATAR,2024-02,274980057,2837357,1.0318410109282943,0.010265538703896966
QATAR,2024-03,233681143,1140897,0.4882280980626665,0.004870401297781898
QATAR,2024-04,234344575,1556411,0.6641549094959848,0.00661959117720912
QATAR,2024-05,121744606,818115,0.6719928109176352,0.006697450036776594
QATAR,2024-06,161515674,1346234,0.8335005307286771,0.008300460969307236
QATAR,2024-07,73661750,800299,1.0864512450491606,0.010805917655650586
QATAR,2024-08,117892165,2330490,1.9767980340338986,0.019575131166327756
QATAR,2024-09,156123817,1344295,0.8610441544610711,0.0085735831198999
QATAR,2024-10,130931240,1094013,0.8355630023820136,0.008320914990536624
QATAR,2024-11,132925392,879255,0.6614650419838521,0.006592869615264436
QATAR,2024-12,60662425,1495665,2.465554253724608,0.02435650004965615
QATAR,2025-01,163461858,471771,0.2886122828727421,0.0028819659724473633
QATAR,2025-02,160189980,343547,0.21446222791213282,0.002142325859476981
QATAR,2025-03,384424077,4203553,1.0934676706006632,0.010875325394974555
QATAR,2025-04,359787237,6210316,1.7261079219438793,0.017113799184110975
QATAR,2025-05,162179778,781499,0.481872037092072,0.00480714750064054
QATAR,2025-06,66059121,1163684,1.7615796007942643,0.01746243628979054
QATAR,2025-07,105755722,2576248,2.4360365106296564,0.02406838375744942
QATAR,2025-08,145346954,2219082,1.526748197282483,0.015152106813339034
QATAR,2025-09,112202382,3176519,2.831062000091941,0.027917280925943356
ROMANIA,2024-01,309928439,7699665,2.484336392246986,0.024539785227469704
ROMANIA,2024-02,314590442,6437933,2.046449014493581,0.020257906136073724
ROMANIA,2024-03,310147225,6721174,2.1670914514872734,0.021439438474755393
ROMANIA,2024-04,392283258,6046641,1.5413966506824517,0.015296378121242534
ROMANIA,2024-05,383344834,7059248,1.8414877086878914,0.018247376448624068
ROMANIA,2024-06,326295317,7851498,2.4062551899879088,0.023777610591377785
ROMANIA,2024-07,337168368,7780507,2.307602888773955,0.022813803746286693
ROMANIA,2024-08,347843022,7461300,2.1450193127634454,0.02122337552354676
ROMANIA,2024-09,288004241,6884581,2.39044431293635,0.023623205006509017
ROMANIA,2024-10,308668414,7364939,2.386035844924515,0.02358014861635017
ROMANIA,2024-11,263659937,6275521,2.3801572098532358,0.023522730592552443
ROMANIA,2024-12,328412834,6992566,2.1291999812650437,0.021068492233969668
ROMANIA,2025-01,284527484,6419937,2.2563503917955425,0.02231271352751742
ROMANIA,2025-02,276968454,6159789,2.2240038210272135,0.021996335250859367
ROMANIA,2025-03,291476964,8315316,2.852820986566883,0.028128857897752307
ROMANIA,2025-04,347357908,21104053,6.0755930738735335,0.05898179616525667
ROMANIA,2025-05,319260959,39939480,12.509979336371035,0.11787173693449575
ROMANIA,2025-06,350977886,44980087,12.81564702341389,0.12058485820244336
ROMANIA,2025-07,344939853,49879181,14.460254611403222,0.1350574554478713
ROMANIA,2025-08,355682152,47702295,13.41149527232955,0.1258525694125743
ROMANIA,2025-09,348530350,50900505,14.604324989201084,0.13631535745128143
RUSSIA,2024-01,244003920,1657425,0.6792616282558084,0.006769650404850554
RUSSIA,2024-02,287858037,1407568,0.4889799203348281,0.004877882964778648
RUSSIA,2024-03,426928120,1364964,0.319717520598081,0.0031920751090429196
RUSSIA,2024-04,297471100,1834513,0.6167029334950521,0.006148091031705524
RUSSIA,2024-05,438457304,2995697,0.6832357387299904,0.00680912260574857
RUSSIA,2024-06,187022771,1430966,0.7651292900584817,0.007622170215522663
RUSSIA,2024-07,295267097,1264943,0.42840635236780206,0.004274913048376772
RUSSIA,2024-08,84384426,1374080,1.6283573464136618,0.016152417953262835
RUSSIA,2024-09,168075441,1440329,0.856953872279294,0.008533028660482793
RUSSIA,2024-10,314386125,946563,0.3010829437844943,0.0030063059682156183
RUSSIA,2024-11,137376980,1270960,0.9251622797356588,0.009209088673679477
RUSSIA,2024-12,126077739,1377073,1.0922411925550155,0.010863193201729454
RUSSIA,2025-01,196153374,1163369,0.5930915060375153,0.005913396417244179
RUSSIA,2025-02,339602303,983814,0.28969591528358984,0.002892771053221978
RUSSIA,2025-03,523450659,1338429,0.25569344063047594,0.002553671011200128
RUSSIA,2025-04,492119376,5365078,1.0901984887504206,0.010842986661459345
RUSSIA,2025-05,539646033,9165474,1.6984233070420809,0.01684161357399346
RUSSIA,2025-06,405271960,6080042,1.500237519516524,0.014890952584771496
RUSSIA,2025-07,355621326,5429875,1.5268699043093945,0.01515330558071929
RUSSIA,2025-08,205039618,616346,0.3005984921411627,0.003001475982346459
RUSSIA,2025-09,157871666,252580,0.15999071042931795,0.0015986286163816041
RWANDA,2024-01,4005936,623,0.015551920949311222,0.00015550711763451282
RWANDA,2024-02,2573984,33903,1.3171410544898492,0.01308542175645368
RWANDA,2024-03,1332518,741,0.05560900490650032,0.0005559354882908198
RWANDA,2024-04,1645118,398,0.024192793465271187,0.00024189867480901647
RWANDA,2024-06,1089390,1792,0.16449572696646747,0.0016436058093151982
RWANDA,2024-07,1015997,1400,0.13779568246756632,0.0013770083134087285
RWANDA,2024-09,3109062,22862,0.7353343226992578,0.007326439207839907
RWANDA,2024-10,5171582,11494,0.2222530745911019,0.002220064577866319
RWANDA,2024-11,3778593,8788,0.23257334145275768,0.0023230330825942066
RWANDA,2024-12,5672334,1057,0.01863430467951993,0.0001863256870861954
RWANDA,2025-01,5961162,1647,0.027628841490971057,0.00027625025429433274
RWANDA,2025-02,2324684,8,0.00034413279396253426,3.4413220182699333e-06
RWANDA,2025-03,1899616,7622,0.40123898724794904,0.00400436170383172
RWANDA,2025-04,1775610,6371,0.3588062693947432,0.0035816409534868963
RWANDA,2025-05,2597486,60559,2.3314466372484777,0.02304683599147792
RWANDA,2025-06,2772747,102710,3.7042687270061063,0.03637309259501961
RWANDA,2025-07,2607854,92322,3.5401521710954675,0.034789295168720195
RWANDA,2025-08,2978248,33818,1.135499797196204,0.011291013886362274
RWANDA,2025-09,4167761,196020,4.703244739801538,0.04595992223724401
SAN MARINO,2024-01,1896327,30866,1.6276728644374097,0.01614568278308811
SAN MARINO,2024-02,1491034,35866,2.405444812123667,0.023769697197130898
SAN MARINO,2024-03,1935837,19192,0.9914057846812516,0.009865235991923385
SAN MARINO,2024-04,2833490,39189,1.3830647011282904,0.013735876438697376
SAN MARINO,2024-05,2995746,56051,1.8710197727043614,0.01853731509390878
SAN MARINO,2024-06,1559636,26393,1.6922538335868111,0.0167809473375278
SAN MARINO,2024-07,1513667,57972,3.8299044637955375,0.037583840205452704
SAN MARINO,2024-08,2890285,99707,3.44972900596308,0.033915598634665464
SAN MARINO,2024-09,1140619,50627,4.438554854863894,0.04342872066230728
SAN MARINO,2024-10,1224302,39703,3.242909020813492,0.03191436573010688
SAN MARINO,2024-11,3586664,37271,1.0391550476989202,0.010337929466712805
SAN MARINO,2024-12,2152892,70360,3.2681620815163974,0.03215893432097207
SAN MARINO,2025-01,1385576,31942,2.305322840464904,0.022791517291987494
SAN MARINO,2025-02,1541819,20870,1.353595979813454,0.013445167087725564
SAN MARINO,2025-03,2212290,48377,2.186738628299183,0.02163172434348391
SAN MARINO,2025-04,1935954,94468,4.879661396913356,0.04764342498114755
SAN MARINO,2025-05,1428935,171745,12.019091141304537,0.11349912739971493
SAN MARINO,2025-06,1293381,160639,12.420083486613768,0.11707241421688869
SAN MARINO,2025-07,1817884,226551,12.462346332329236,0.11744828036389762
SAN MARINO,2025-08,1366260,192198,14.067454218084405,0.13161979108621993
SAN MARINO,2025-09,2562633,287401,11.215066691172712,0.1062956784772948
SAUDI ARABIA,2024-01,1061759972,3341215,0.3146864722830218,0.0031419237071298937
SAUDI ARABIA,2024-02,1079189817,2555906,0.23683562981580653,0.002365556162654786
SAUDI ARABIA,2024-03,1260756378,4132004,0.32774008302498553,0.00327204185795661
SAUDI ARABIA,2024-04,1465705731,3091645,0.2109321765352366,0.002107100269548613
SAUDI ARABIA,2024-05,1525399600,5055026,0.33139027963557877,0.0033084239214530354
SAUDI ARABIA,2024-06,968475164,4091995,0.42251935332024687,0.0042162924666835876
SAUDI ARABIA,2024-07,1045050542,4100142,0.39233911042744574,0.003915714677261955
SAUDI ARABIA,2024-08,1128434698,4410438,0.39084565618346484,0.0039008383892327114
SAUDI ARABIA,2024-09,1177502419,4998823,0.42452762043964853,0.004236290441756937
SAUDI ARABIA,2024-10,696736044,2129583,0.3056513321420759,0.003051851681073769
SAUDI ARABIA,2024-11,746196820,2971279,0.398189716219911,0.0039739903920410335
SAUDI ARABIA,2024-12,700616155,4354926,0.6215851531428076,0.00619661280850191
SAUDI ARABIA,2025-01,1118674427,2959319,0.264538003960289,0.002641887180429843
SAUDI ARABIA,2025-02,926570213,5631662,0.6077965728863767,0.006059569399038137
SAUDI ARABIA,2025-03,749026531,4270950,0.5702000961565405,0.005685806087045639
SAUDI ARABIA,2025-04,701772073,4979433,0.7095513189508184,0.007070458483314657
SAUDI ARABIA,2025-05,879363104,6052601,0.6882937176313461,0.006859357898851564
SAUDI ARABIA,2025-06,972594362,11883085,1.2217925030496937,0.012143888621968009
SAUDI ARABIA,2025-07,851411365,9223101,1.0832720091773733,0.010774466498465673
SAUDI ARABIA,2025-08,1053265803,10849448,1.0300769254159485,0.01024807786287945
SAUDI ARABIA,2025-09,750676218,10310037,1.3734332795927204,0.013640871626139112
SENEGAL,2024-01,21699173,4045,0.018641263425108415,0.0001863952615749373
SENEGAL,2024-02,28565928,5389,0.01886513191519631,0.00018863352672952838
SENEGAL,2024-03,18451273,17806,0.09650282666133658,0.0009645629261893963
SENEGAL,2024-04,15330740,10269,0.06698306800584969,0.000669606443616568
SENEGAL,2024-05,6342590,7432,0.11717610629096316,0.001171075086729848
SENEGAL,2024-06,13048126,7711,0.059096608968981446,0.0005907915379962683
SENEGAL,2024-07,7229927,6968,0.09637718333808903,0.000963307703493751
SENEGAL,2024-08,7529526,2976,0.03952440034073858,0.00039516591507155775
SENEGAL,2024-09,11633522,94883,0.8155999533073475,0.008122919116401551
SENEGAL,2024-10,11476400,2910,0.025356383534906417,0.0002535316934729958
SENEGAL,2024-11,12358827,2494,0.020179908659616323,0.0002017787278993526
SENEGAL,2024-12,81427059,109808,0.13485443456824348,0.0013476358764053183
SENEGAL,2025-01,32040793,33460,0.10442937539030324,0.0010437488585017267
SENEGAL,2025-02,6039316,43374,0.7181939146751056,0.007156271842537507
SENEGAL,2025-03,18967065,34266,0.18066052918572273,0.001804975343337428
SENEGAL,2025-04,10008597,27452,0.2742841978750868,0.00273908725187199
SENEGAL,2025-05,21573799,34284,0.15891498757358405,0.001587888513224631
SENEGAL,2025-06,19327816,622645,3.221496934780422,0.03170694899877508
SENEGAL,2025-07,77089064,843005,1.0935468097005303,0.01087610822566297
SENEGAL,2025-08,5550848,408636,7.3616859982474745,0.0710331912685238
SENEGAL,2025-09,14657696,899380,6.135889296653444,0.059550061593017366
SERBIA,2024-01,61158855,858946,1.404450753697073,0.013946797240208269
SERBIA,2024-02,58486956,703648,1.2030853512020698,0.011959058060634043
SERBIA,2024-03,63965653,607545,0.9497987927990041,0.009453165631562338
SERBIA,2024-04,63313255,559845,0.8842461187629668,0.008803595571469564
SERBIA,2024-05,59833115,582464,0.9734809895824412,0.009687731917505648
SERBIA,2024-06,56623471,704760,1.2446428796284847,0.0123696087679529
SERBIA,2024-07,62985387,744754,1.1824234722888978,0.011754874677099635
SERBIA,2024-08,75387338,944412,1.252746183981188,0.01244964243549301
SERBIA,2024-09,69184927,906680,1.3105166678863447,0.013020036935049478
SERBIA,2024-10,85871318,989417,1.152208936632369,0.011456215613928953
SERBIA,2024-11,77648501,900566,1.1597983069885665,0.011531242009674397
SERBIA,2024-12,79756594,803433,1.0073562068109378,0.010023161931722056
SERBIA,2025-01,66535347,1061893,1.595983259845327,0.01583381353072555
SERBIA,2025-02,71925703,771113,1.0720965772138509,0.010663903696665722
SERBIA,2025-03,82288427,990842,1.2041085680250032,0.011969168539447858
SERBIA,2025-04,91989474,2816874,3.0621699173972883,0.030162211584545726
SERBIA,2025-05,79805339,5676574,7.113025357864841,0.06871440272486297
SERBIA,2025-06,86352656,7249588,8.395327180208563,0.08061479489466475
SERBIA,2025-07,85539293,8281337,9.68132504906254,0.09240893023842031
SERBIA,2025-08,83458814,9967465,11.942974650945795,0.11281940074136187
SERBIA,2025-09,83699947,24325306,29.062510636954165,0.2551266795843354
SINGAPORE,2024-01,3270119691,2178251,0.06661074229163437,0.0006658856718348083
SINGAPORE,2024-02,3386098581,2063804,0.06094931823841073,0.0006093075168518412
SINGAPORE,2024-03,3388463615,2523476,0.07447257184138305,0.0007444485478181742
SINGAPORE,2024-04,4112511881,2482671,0.060368725290984755,0.0006035051070625822
SINGAPORE,2024-05,3521567340,2350584,0.06674823375662042,0.0006672596703095207
SINGAPORE,2024-06,4294480777,2172777,0.05059463792775058,0.0005058184315627901
SINGAPORE,2024-07,4917960555,3656497,0.0743498643209431,0.0007432223850164509
SINGAPORE,2024-08,3192003504,3241508,0.1015508910293477,0.00101499362993839
SINGAPORE,2024-09,2887442428,2858931,0.09901257155039628,0.0009896358643538602
SINGAPORE,2024-10,3233973786,3203697,0.09906378999944064,0.0009901475420879846
SINGAPORE,2024-11,3393555517,2955227,0.08708350239728818,0.0008704560671433544
SINGAPORE,2024-12,3586163210,3447888,0.09614420198125896,0.0009609801304633704
SINGAPORE,2025-01,4370793487,3344298,0.07651466512766861,0.0007648540758102862
SINGAPORE,2025-02,3878482091,2907230,0.07495793281464967,0.0007492985338715323
SINGAPORE,2025-03,2951430426,4162595,0.14103652802825717,0.0014093716493160152
SINGAPORE,2025-04,3583332879,32294029,0.9012288305465019,0.00897191999450248
SINGAPORE,2025-05,3138704914,68461882,2.181214350372027,0.021577662267233844
SINGAPORE,2025-06,2977438831,78204904,2.626583061447283,0.0259268073556337
SINGAPORE,2025-07,3395799260,80743801,2.377755421267157,0.023499270804793075
SINGAPORE,2025-08,2306413718,70147761,3.041421426370479,0.029960871171585194
SINGAPORE,2025-09,2712924585,71838866,2.6480229637492854,0.026135697318158648
SINT MAARTEN,2024-01,13777027,409,0.0029687101578591665,2.968666092531272e-05
SINT MAARTEN,2024-02,13743963,290,0.0021100173217870276,2.1099950612346702e-05
SINT MAARTEN,2024-03,7999232,212,0.002650254424424745,2.650219305802661e-05
SINT MAARTEN,2024-04,6192100,84,0.0013565672389011805,1.3565580376110265e-05
SINT MAARTEN,2024-05,9232420,229,0.0024803897569651294,2.4803589958070605e-05
SINT MAARTEN,2024-06,3890414,504,0.01295491945073198,0.00012954080373509176
SINT MAARTEN,2024-07,3777162,658,0.017420486598139027,0.00017418969407571207
SINT MAARTEN,2024-08,2826220,1696,0.06000948263051001,0.000599914841406559
SINT MAARTEN,2024-09,1698845,417,0.02454608866612316,0.00024543076606664245
SINT MAARTEN,2024-10,5139771,2235,0.0434844276136038,0.00043474975876302697
SINT MAARTEN,2024-11,13863333,0,0.0,0.0
SINT MAARTEN,2024-12,19303433,257,0.0013313693994223721,1.3313605367786464e-05
SINT MAARTEN,2025-01,12646921,873,0.006902865922859801,6.90262768603344e-05
SINT MAARTEN,2025-02,17183030,707,0.0041145246210941835,4.1144399768516926e-05
SINT MAARTEN,2025-03,13503549,250,0.0018513651485250286,1.8513480109719817e-05
SINT MAARTEN,2025-04,11460807,6170,0.05383565049127866,0.0005382116430388186
SINT MAARTEN,2025-05,9931970,7375,0.0742551578387772,0.0007422760233652627
SINT MAARTEN,2025-06,6131250,11499,0.1875474006116208,0.0018737175005864764
SINT MAARTEN,2025-07,3663230,13195,0.3602012431651848,0.0035955407210051947
SINT MAARTEN,2025-08,4917195,16595,0.33748915794472256,0.003369209413733803
SINT MAARTEN,2025-09,5331567,7920,0.14854919763739252,0.0014843897246237215
SLOVAKIA,2024-01,449604522,10840067,2.4110226809507043,0.02382416419284358
SLOVAKIA,2024-02,564340452,13450919,2.383475958941182,0.023555146007700905
SLOVAKIA,2024-03,571417415,13477867,2.3586727751375935,0.023312858974197725
SLOVAKIA,2024-04,894178726,21836270,2.4420475868042515,0.024127063300484013
SLOVAKIA,2024-05,628903359,15070201,2.3962665780578223,0.023680066754009226
SLOVAKIA,2024-06,724470453,17383038,2.399412968191817,0.02371079386838208
SLOVAKIA,2024-07,735925614,17898238,2.432071619673235,0.02402967699149057
SLOVAKIA,2024-08,566155371,13443337,2.3744960639082233,0.02346743372035989
SLOVAKIA,2024-09,604156155,14605733,2.417542696391134,0.02388782733895429
SLOVAKIA,2024-10,606661049,14259209,2.3504408307578686,0.02323243320087324
SLOVAKIA,2024-11,893226627,21935114,2.455716537881489,0.02426048546012453
SLOVAKIA,2024-12,942336567,22950367,2.435474521917815,0.024062897502098342
SLOVAKIA,2025-01,492569124,11620388,2.3591385317931537,0.02331740920509935
SLOVAKIA,2025-02,515430036,12294808,2.3853495414070127,0.023573445497003586
SLOVAKIA,2025-03,764986759,19888019,2.599786044139883,0.025665661406636245
SLOVAKIA,2025-04,465950461,73745771,15.826955260808296,0.1469271263360318
SLOVAKIA,2025-05,799418901,196461227,24.575504376271933,0.21974180694719453
SLOVAKIA,2025-06,610311443,146094383,23.937677177060564,0.21460864985871247
SLOVAKIA,2025-07,560841861,131662469,23.47586336819462,0.21087551266517088
SLOVAKIA,2025-08,298618087,62455353,20.91479241175368,0.18991591660274285
SLOVAKIA,2025-09,466932249,93292491,19.979877423287594,0.18215385459345657
SLOVENIA,2024-01,531691944,1910366,0.35929940665040433,0.0035865546831576815
SLOVENIA,2024-02,216494858,1699017,0.7847839970407058,0.007817205844404628
SLOVENIA,2024-03,469803661,1676516,0.35685460526881674,0.0035621938997046137
SLOVENIA,2024-04,545208052,1427673,0.2618583850261991,0.0026151613330351554
SLOVENIA,2024-05,551534498,2137822,0.3876134689221199,0.003868641835123187
SLOVENIA,2024-06,552331043,2018462,0.3654442431909445,0.0036477811810046957
SLOVENIA,2024-07,631666601,1749978,0.2770414008322723,0.0027665834845608354
SLOVENIA,2024-08,444415276,1961377,0.44133878962342415,0.004403677460004307
SLOVENIA,2024-09,626434628,1928861,0.3079109796593173,0.0030743790465349824
SLOVENIA,2024-10,536725006,2713773,0.5056170235526534,0.005043430730825975
SLOVENIA,2024-11,452233725,3021594,0.6681487542752368,0.006659265334878778
SLOVENIA,2024-12,733264346,3570565,0.48694103558663954,0.00485759312370156
SLOVENIA,2025-01,506461027,2091721,0.41300729740059544,0.004121567633030958
SLOVENIA,2025-02,395228942,2540614,0.6428208387633717,0.006407635573254673
SLOVENIA,2025-03,549216431,3965521,0.7220324768470009,0.00719438302063854
SLOVENIA,2025-04,233221186,7585889,3.252658615671391,0.03200879482586652
SLOVENIA,2025-05,199888603,12404268,6.205590420780519,0.06020656193127645
SLOVENIA,2025-06,153128928,13275416,8.6694370380494,0.08314040060071314
SLOVENIA,2025-07,166628118,15756961,9.456363781291703,0.09035577956409109
SLOVENIA,2025-08,125587084,13380049,10.65400085250805,0.10123803758243252
SLOVENIA,2025-09,375721390,15276826,4.065998478287329,0.03985511263213425
SOUTH AFRICA,2024-01,1159118825,2371777,0.20461896993174966,0.002044099104524634
SOUTH AFRICA,2024-02,976361578,2934247,0.30052872482042714,0.003000780399807084
SOUTH AFRICA,2024-03,972658517,3239141,0.33301934269702177,0.0033246606129973388
SOUTH AFRICA,2024-04,919711956,2285408,0.24849171363822087,0.00248183483491472
SOUTH AFRICA,2024-05,1014762019,6097884,0.6009176423462494,0.005991193329247751
SOUTH AFRICA,2024-06,1195104086,1817700,0.1520955388985257,0.001519799907812781
SOUTH AFRICA,2024-07,1691581028,3592427,0.21237096778316433,0.0021214577941016974
SOUTH AFRICA,2024-08,1343508778,2322474,0.17286630634876285,0.0017271706451721706
SOUTH AFRICA,2024-09,1324073107,4147191,0.3132146539397994,0.0031272515869014833
SOUTH AFRICA,2024-10,1309007340,1820350,0.13906339134813409,0.0013896678776384374
SOUTH AFRICA,2024-11,1324489124,3523508,0.266027703523823,0.0026567447614505284
SOUTH AFRICA,2024-12,1458087008,3739872,0.25649168941775524,0.002561633108733161
SOUTH AFRICA,2025-01,2253344219,2280790,0.1012180021484769,0.0010116681126869406
SOUTH AFRICA,2025-02,3336534415,6876761,0.206104902412643,0.0020589279764752894
SOUTH AFRICA,2025-03,1411452797,3494249,0.2475639998324365,0.0024725806498137747
SOUTH AFRICA,2025-04,841566153,7525380,0.8942113431218283,0.008902369489085083
SOUTH AFRICA,2025-05,825166891,12872122,1.5599416482162274,0.01547899629343815
SOUTH AFRICA,2025-06,829096686,24022137,2.89738668669579,0.028562059898662326
SOUTH AFRICA,2025-07,1987825684,21634269,1.0883383374173166,0.01082458558523872
SOUTH AFRICA,2025-08,1003977073,19044115,1.8968675194040014,0.018791013036030757
SOUTH AFRICA,2025-09,1088299532,27827826,2.557000640150969,0.025248561828302103
SPAIN,2024-01,1716520430,36223771,2.110302351600907,0.020883438613076424
SPAIN,2024-02,1573643677,36770319,2.336635639784673,0.023097542505943456
SPAIN,2024-03,1960776169,36690681,1.8712325037442863,0.01853940333076243
SPAIN,2024-04,1928487982,35174503,1.8239420379234699,0.018075077489201674
SPAIN,2024-05,1910635851,33895571,1.774046633860635,0.017584940966859596
SPAIN,2024-06,1884145442,33033116,1.7532147605832227,0.017380232534117634
SPAIN,2024-07,1989918411,35350135,1.77646152749727,0.017608668676100524
SPAIN,2024-08,1866481084,34494212,1.8480879498696274,0.018312183311348453
SPAIN,2024-09,1534329403,25941872,1.6907628798142769,0.016766285800919146
SPAIN,2024-10,1593038841,29179376,1.8316801354123418,0.01815106947420084
SPAIN,2024-11,1630490609,29923504,1.8352454061880463,0.01818608027201779
SPAIN,2024-12,1662040309,28436356,1.7109305861004842,0.016964590013717425
SPAIN,2025-01,1709707173,29071177,1.7003600066196833,0.01686065694825666
SPAIN,2025-02,1655076120,28551492,1.7250863362103248,0.017103756620956822
SPAIN,2025-03,2476957208,48625341,1.9631078341988055,0.01944087397132344
SPAIN,2025-04,2120193028,85022680,4.010138646677976,0.03931819538902199
SPAIN,2025-05,1554575475,142783536,9.1847284545641,0.08787101822570716
SPAIN,2025-06,1989310421,198584642,9.982586925783767,0.09515186659875759
SPAIN,2025-07,1819136360,188929711,10.385681642908837,0.0988102441802387
SPAIN,2025-08,1610346896,172309628,10.70015587498608,0.10165506181029693
SPAIN,2025-09,1483357497,158981432,10.717674756188595,0.10181330454250265
SRI LANKA,2024-01,260163071,24290914,9.336803223698109,0.08926287002645789
SRI LANKA,2024-02,213969344,21807060,10.191674934517723,0.09705116281822822
SRI LANKA,2024-03,264531009,28563385,10.797745454484694,0.10253624023435894
SRI LANKA,2024-04,245998986,24766699,10.067805320140629,0.09592640190176097
SRI LANKA,2024-05,277427601,23626234,8.516180046555641,0.08172910072746466
SRI LANKA,2024-06,192410762,18676125,9.706382743809309,0.09263736322682994
SRI LANKA,2024-07,267738999,31062714,11.601863798706441,0.10976756452491881
SRI LANKA,2024-08,236497653,27069637,11.446048895884815,0.1083704214063371
SRI LANKA,2024-09,261251938,27022433,10.343438294417552,0.09842748227715112
SRI LANKA,2024-10,303448300,36491271,12.025531532059992,0.11355661943572436
SRI LANKA,2024-11,264900616,27842177,10.51042365261997,0.09993966221867959
SRI LANKA,2024-12,225506474,24433439,10.834916872497416,0.10287167290904665
SRI LANKA,2025-01,346219074,28140453,8.127932604891665,0.0781449012535271
SRI LANKA,2025-02,237281843,27142253,11.43882425087199,0.10830559291516716
SRI LANKA,2025-03,291790375,27004860,9.254883750020884,0.08851334950583405
SRI LANKA,2025-04,301881530,36691394,12.154236133625002,0.11470484629888676
SRI LANKA,2025-05,204855097,35685660,17.419952211391646,0.16058665765920654
SRI LANKA,2025-06,204527877,39752429,19.43619108704678,0.1776120769741968
SRI LANKA,2025-07,249411960,53395020,21.408363897224493,0.19398958562841734
SRI LANKA,2025-08,256935617,57798638,22.495377898502877,0.20290311184404877
SRI LANKA,2025-09,287014633,78618007,27.39163720617687,0.24209591297171026
ST KITTS AND NEVIS,2024-01,1248267,4874,0.39046133559566987,0.0038970101385498806
ST KITTS AND NEVIS,2024-02,1645065,5263,0.31992656825110255,0.0031941589210828674
ST KITTS AND NEVIS,2024-03,1509543,4978,0.32976867833509876,0.0032922613386299694
ST KITTS AND NEVIS,2024-04,3692756,2660,0.07203292066954871,0.0007200698941319478
ST KITTS AND NEVIS,2024-05,1783348,4629,0.2595679586934238,0.0025923166288592653
ST KITTS AND NEVIS,2024-06,1417067,7356,0.5191003671668312,0.0051775768578237865
ST KITTS AND NEVIS,2024-07,1538784,954,0.061997005427662365,0.0006197779522367644
ST KITTS AND NEVIS,2024-08,1183101,6337,0.5356262905702894,0.005341969147578889
ST KITTS AND NEVIS,2024-09,1230868,4463,0.3625896521804125,0.003619338805962928
ST KITTS AND NEVIS,2024-10,1408427,8736,0.6202664390841698,0.006183507044981816
ST KITTS AND NEVIS,2024-11,1362379,3550,0.2605735995637044,0.0026023469516235935
ST KITTS AND NEVIS,2024-12,1458343,4148,0.2844324003338035,0.0028402865678579226
ST KITTS AND NEVIS,2025-01,2167509,2018,0.09310226624203174,0.0009305895296381239
ST KITTS AND NEVIS,2025-02,1173358,2799,0.23854612147358265,0.002382620518815381
ST KITTS AND NEVIS,2025-03,2104337,3213,0.15268466980336326,0.0015256822527495858
ST KITTS AND NEVIS,2025-04,1717122,68766,4.0047241838378405,0.039266136966198906
ST KITTS AND NEVIS,2025-05,2813834,93525,3.323756838534185,0.03269714277220685
ST KITTS AND NEVIS,2025-06,1361593,85135,6.2526026499842455,0.060649117045687755
ST KITTS AND NEVIS,2025-07,1884682,95512,5.067804542092512,0.04943571330148502
ST KITTS AND NEVIS,2025-08,1011088,46537,4.602665643346573,0.04499884948002855
ST KITTS AND NEVIS,2025-09,1165543,81651,7.005404348016333,0.06770915512371876
SURINAME,2024-01,5602875,15875,0.2833366798295518,0.0028293603805718223
SURINAME,2024-02,3822913,6396,0.16730697245791365,0.0016716717025358435
SURINAME,2024-03,5232909,8781,0.16780341488835368,0.0016766278226036755
SURINAME,2024-04,5627461,9461,0.16812200031239666,0.0016798083347697584
SURINAME,2024-05,16828191,9951,0.059132915712687126,0.0005911543909336735
SURINAME,2024-06,6361475,12571,0.19761140301581,0.0019741640852810388
SURINAME,2024-07,7376899,33034,0.4478033385030756,0.00446803682570621
SURINAME,2024-08,5568637,2488,0.04467879662473959,0.0004466881862232406
SURINAME,2024-09,16060797,12709,0.07913056867601277,0.0007909927694797796
SURINAME,2024-10,6320520,13225,0.20923911323751845,0.0020902051308321554
SURINAME,2024-11,5685372,5839,0.10270216267290866,0.0010264946008319987
SURINAME,2024-12,6308838,13252,0.21005452985161452,0.0020983422377870643
SURINAME,2025-01,6831490,11155,0.16328795035929206,0.0016315478053277389
SURINAME,2025-02,5270999,4731,0.08975528168379467,0.0008971502571694746
SURINAME,2025-03,7237057,15673,0.2165659328094279,0.002163317668147297
SURINAME,2025-04,5629946,185048,3.2868521296651867,0.032339903524466584
SURINAME,2025-05,6847704,307648,4.492717559053371,0.04394719455831157
SURINAME,2025-06,6431250,304198,4.729998056365403,0.0462154052384352
SURINAME,2025-07,3566738,325520,9.126546441033796,0.08733799935221441
SURINAME,2025-08,7954696,555760,6.986564917125683,0.06753307906811709
SURINAME,2025-09,6095245,433740,7.116038813862281,0.06874253575162372
SWEDEN,2024-01,1481265970,16806426,1.1345988053718672,0.011282105087379455
SWEDEN,2024-02,1428715882,17468253,1.222654078398493,0.012152400343216513
SWEDEN,2024-03,1768461292,22606294,1.2783030141662834,0.012702016878048143
SWEDEN,2024-04,1631428739,20493733,1.2561831546845148,0.01248358632838584
SWEDEN,2024-05,1625348742,19461477,1.1973723852059315,0.011902605955124521
SWEDEN,2024-06,1451679835,20566111,1.4167112130478825,0.014067696452567122
SWEDEN,2024-07,1436448069,19490862,1.356878986482873,0.013477558178223003
SWEDEN,2024-08,1463098986,18750390,1.2815530718985817,0.012734106728380544
SWEDEN,2024-09,1200929250,17886503,1.4893885713916952,0.014784060933763677
SWEDEN,2024-10,1469580292,22051962,1.5005619032893236,0.014894148471425365
SWEDEN,2024-11,1578728871,20640066,1.3073850981724398,0.01298912584884378
SWEDEN,2024-12,1448829839,22910415,1.5813047456154719,0.015689323815369194
SWEDEN,2025-01,1413012038,16791207,1.1883272433946526,0.011813220767990252
SWEDEN,2025-02,1323599184,15301984,1.1560889569118984,0.0114945731140454
SWEDEN,2025-03,1927082783,34353324,1.78265948422414,0.017669564564213824
SWEDEN,2025-04,1315092133,95907304,7.292820144944172,0.07039154756950848
SWEDEN,2025-05,1313315306,133669372,10.178010671871359,0.09692715063727624
SWEDEN,2025-06,1218249682,140425708,11.526841342528666,0.1090951054707833
SWEDEN,2025-07,1348798955,158586616,11.757617057169206,0.1111622067680983
SWEDEN,2025-08,958904765,127868506,13.3348493684876,0.1251765196453106
SWEDEN,2025-09,1162314521,174766283,15.036057783192746,0.1400754391707093
SWITZERLAND,2024-01,4207403934,33557391,0.797579493825705,0.007944156402782857
SWITZERLAND,2024-02,3150497893,30049645,0.9538062243039882,0.00949286211449706
SWITZERLAND,2024-03,3667622788,29251774,0.7975676805070608,0.007944039204340237
SWITZERLAND,2024-04,4376646989,29902547,0.6832295836322932,0.006809061472454231
SWITZERLAND,2024-05,4180917665,27478636,0.6572393479554446,0.006550889471970416
SWITZERLAND,2024-06,4457733394,28069363,0.6296779219183605,0.006277037335098761
SWITZERLAND,2024-07,5058342731,29444263,0.5820930800032814,0.005804054640644613
SWITZERLAND,2024-08,4030252161,27548884,0.6835523659433874,0.006812267386636991
SWITZERLAND,2024-09,4538311339,29586008,0.6519166665749109,0.006498008803379367
SWITZERLAND,2024-10,5729677942,31867047,0.5561751868531113,0.00554634243583205
SWITZERLAND,2024-11,5712624978,32259130,0.5646988927898078,0.005631104457485004
SWITZERLAND,2024-12,14215490277,34224167,0.24075263204515082,0.002404632872064582
SWITZERLAND,2025-01,23811099731,28835758,0.12110216800469038,0.0012102889847723814
SWITZERLAND,2025-02,19948209389,26173026,0.13120488906855238,0.0013111889066849294
SWITZERLAND,2025-03,18565358242,36134860,0.19463594253868424,0.001944467722105735
SWITZERLAND,2025-04,6171951252,177141329,2.8701025294488183,0.028296865843850154
SWITZERLAND,2025-05,3307050054,157806528,4.771821575821845,0.04661467165135203
SWITZERLAND,2025-06,4061817966,180196302,4.436346077257959,0.043407571375378484
SWITZERLAND,2025-07,10603428498,220519033,2.0796955724423842,0.020583651359058885
SWITZERLAND,2025-08,3328148398,247282899,7.43004425970311,0.0716696986767135
SWITZERLAND,2025-09,4141115529,318835997,7.6992780029248005,0.07417269437206706
TAIWAN,2024-01,8195654030,89690315,1.0943643383638535,0.010884195046073603
TAIWAN,2024-02,6795869681,88314266,1.2995285393260325,0.012911571152320424
TAIWAN,2024-03,7940317047,81030845,1.0204988606924073,0.010153269276529712
TAIWAN,2024-04,9094954119,91965906,1.0111750405411803,0.010060968698330232
TAIWAN,2024-05,8980007560,90053580,1.0028229864875524,0.00997828082382691
TAIWAN,2024-06,9863071118,91763928,0.9303788536263498,0.009260774883159413
TAIWAN,2024-07,12988461190,100549294,0.7741432378256966,0.007711621245688291
TAIWAN,2024-08,11771997536,94956874,0.8066334851805051,0.008033975868627351
TAIWAN,2024-09,10556497184,92042480,0.8719036096509795,0.008681244811465481
TAIWAN,2024-10,10701383839,80539983,0.7526127855210745,0.007497947857485242
TAIWAN,2024-11,9276912651,86583508,0.9333224452713454,0.009289939033289066
TAIWAN,2024-12,10089875683,93946822,0.9310998960897703,0.009267918816394119
TAIWAN,2025-01,11069846413,94556513,0.8541808935032421,0.008505534107150907
TAIWAN,2025-02,10588126201,87559730,0.8269615259377092,0.008235609339725804
TAIWAN,2025-03,12403091990,144443118,1.164573463749663,0.01157844499090885
TAIWAN,2025-04,14613447784,252976331,1.7311200938972062,0.017163069214998758
TAIWAN,2025-05,16386489287,419541508,2.560289154387924,0.025280626548351108
TAIWAN,2025-06,16921292655,563752424,3.3316155892701214,0.03277319935517781
TAIWAN,2025-07,19505753181,602192110,3.0872538189736667,0.030405568090186512
TAIWAN,2025-08,17735741905,612803949,3.4551920764433337,0.03396840617982141
TAIWAN,2025-09,14991279886,728142243,4.857105254101718,0.04742833495893765
TANZANIA,2024-01,19905894,30006,0.15073927350361657,0.0015062577590339073
TANZANIA,2024-02,17819433,55009,0.3087023027051422,0.0030822679549646673
TANZANIA,2024-03,16680396,23349,0.1399786911533755,0.0013988081231252395
TANZANIA,2024-04,25236434,41624,0.16493613955125355,0.0016480026927954074
TANZANIA,2024-05,31401402,7330,0.023342906791231806,0.00023340182758648496
TANZANIA,2024-06,14454714,19851,0.13733236091699913,0.001372381462784844
TANZANIA,2024-07,10864211,23285,0.2143275751916085,0.002140982212981319
TANZANIA,2024-08,7555049,1639,0.021694101520718132,0.0002169174869079157
TANZANIA,2024-09,18812484,325175,1.7285064534805716,0.017137377234126373
TANZANIA,2024-10,12239100,10846,0.08861762711310472,0.0008857838487591063
TANZANIA,2024-11,17362493,7875,0.04535638977651424,0.00045346106875230805
TANZANIA,2024-12,12441674,9010,0.07241790775099878,0.0007239169863681506
TANZANIA,2025-01,40961290,1505,0.0036742006904567706,3.674133193356516e-05
TANZANIA,2025-02,25527772,3796,0.014870079535339004,0.0001486897404860188
TANZANIA,2025-03,17654784,783,0.004435058508787193,4.434960162975097e-05
TANZANIA,2025-04,28947695,425518,1.4699546889657362,0.014592555756685697
TANZANIA,2025-05,22177772,467718,2.1089494472212986,0.020870189084761036
TANZANIA,2025-06,17740248,688582,3.8814677224354472,0.03808032972508173
TANZANIA,2025-07,17096406,320580,1.8751309485748058,0.018577670956892674
TANZANIA,2025-08,14700276,473512,3.2211095900512348,0.031703196433006724
TANZANIA,2025-09,12307330,514987,4.184392553055781,0.04099214855257217
THAILAND,2024-01,4800725019,64966008,1.3532540968891515,0.013441793911888896
THAILAND,2024-02,4348460906,65310985,1.5019333601432177,0.014907660195526442
THAILAND,2024-03,5038589811,78407127,1.5561323691963462,0.015441487897918443
THAILAND,2024-04,5278374426,73702290,1.3963065908504007,0.013866480352266732
THAILAND,2024-05,5075016993,68131226,1.3424827166879203,0.013335512641441881
THAILAND,2024-06,5106112026,69355339,1.3582807946015871,0.013491388501719779
THAILAND,2024-07,5533911701,104996755,1.8973333994654569,0.018795585099998777
THAILAND,2024-08,5139448651,92209842,1.7941582504586056,0.017782531908675216
THAILAND,2024-09,5977096837,106530828,1.7823172504173368,0.01766620216059908
THAILAND,2024-10,6185046942,103027971,1.6657589176952121,0.016520373232941928
THAILAND,2024-11,5200817790,92798931,1.7843142126307794,0.0176858219008203
THAILAND,2024-12,5666045502,85696242,1.5124524144705676,0.015011288855107656
THAILAND,2025-01,5632710962,78387647,1.3916504420132183,0.013820558997703788
THAILAND,2025-02,4794075444,68062429,1.4197196058977999,0.014097359692429819
THAILAND,2025-03,7066619319,109100346,1.5438831649903964,0.015320865512060085
THAILAND,2025-04,6954391770,190392088,2.737724509874715,0.02700919076093421
THAILAND,2025-05,6766074075,398502951,5.889721965540261,0.05722800775944919
THAILAND,2025-06,7606053200,547209501,7.194394866972533,0.06947377459292463
THAILAND,2025-07,8113254512,592166133,7.298749621673399,0.07044681047417137
THAILAND,2025-08,7468418476,612769099,8.204804015323363,0.0788555788409147
THAILAND,2025-09,8476487034,848570384,10.010873379459003,0.0954090238232666
TOGO,2024-01,10228637,9485,0.09272985247203512,0.000926868849047939
TOGO,2024-02,8594729,5478,0.06373673911068052,0.0006371643587773921
TOGO,2024-03,9859485,806,0.008174869174201288,8.174535049980566e-05
TOGO,2024-04,6284521,10378,0.16513589500297635,0.0016499969560599703
TOGO,2024-05,10846396,2562,0.023620749233201517,0.0002361795997345055
TOGO,2024-06,6067831,4892,0.08062188943627467,0.0008058940744821585
TOGO,2024-07,4844986,3729,0.07696616667210184,0.0007693656290698913
TOGO,2024-08,5709197,3686,0.06456249451542835,0.0006454166190315859
TOGO,2024-09,14021346,5464,0.038969154601847786,0.00038961563598831643
TOGO,2024-10,7537282,5264,0.06983949917224803,0.0006981512274294869
TOGO,2024-11,3455428,3130,0.09058212180951246,0.0009054112096331111
TOGO,2024-12,2523494,1284,0.0508818328872587,0.0005086889247202976
TOGO,2025-01,1738849,1196,0.0687811305064442,0.0006875748712770975
TOGO,2025-02,5047085,1259,0.024945092067995684,0.00024941981297216617
TOGO,2025-03,6520394,2835,0.04347896768201431,0.0004346951831775232
TOGO,2025-04,6575293,15449,0.23495530921587832,0.00234679720817869
TOGO,2025-05,8436992,15548,0.18428368783566465,0.0018411409377181744
TOGO,2025-06,10943499,316198,2.889368382086936,0.028484131612070397
TOGO,2025-07,9117054,108969,1.195221614350425,0.011881352501002656
TOGO,2025-08,7073035,108149,1.5290324450536439,0.015174605535257034
TOGO,2025-09,7050139,129569,1.8378219209578706,0.018211380767599008
TRINIDAD AND TOBAGO,2024-01,285908308,46271,0.016183859896789006,0.00016182550451460502
TRINIDAD AND TOBAGO,2024-02,322723223,25737,0.007974945143628539,7.974627161784125e-05
TRINIDAD AND TOBAGO,2024-03,316584255,12256,0.003871323291172519,3.871248357386342e-05
TRINIDAD AND TOBAGO,2024-04,285777884,19729,0.006903613297101745,6.90337500868591e-05
TRINIDAD AND TOBAGO,2024-05,186004921,31994,0.017200620192193733,0.00017199141055130153
TRINIDAD AND TOBAGO,2024-06,302292965,19739,0.006529758309129026,6.529545129691166e-05
TRINIDAD AND TOBAGO,2024-07,259976133,80646,0.03102053987394297,0.00031015729499249704
TRINIDAD AND TOBAGO,2024-08,226340430,9395,0.004150827141222627,4.1507409967766414e-05
TRINIDAD AND TOBAGO,2024-09,306072302,58976,0.019268649797654674,0.00019266793631764458
TRINIDAD AND TOBAGO,2024-10,234214499,18917,0.008076784349716966,8.076458195051561e-05
TRINIDAD AND TOBAGO,2024-11,278983350,85210,0.030543041367880913,0.00030538377930547145
TRINIDAD AND TOBAGO,2024-12,365082329,52838,0.014472899892122687,0.00014471852669007402
TRINIDAD AND TOBAGO,2025-01,243140189,52929,0.021768922783884155,0.00021766553697698425
TRINIDAD AND TOBAGO,2025-02,177657506,74329,0.041838367358371,0.00041829617553886753
TRINIDAD AND TOBAGO,2025-03,285843968,9444,0.0033039003992555824,3.3038458216684645e-05
TRINIDAD AND TOBAGO,2025-04,246734586,7859507,3.1854095234139566,0.03135727647711963
TRINIDAD AND TOBAGO,2025-05,232856320,10623664,4.562325815335397,0.04461312691498546
TRINIDAD AND TOBAGO,2025-06,191845667,9095386,4.740991100935315,0.04632036530592932
TRINIDAD AND TOBAGO,2025-07,232794151,12601569,5.4131811069428455,0.05271750024071242
TRINIDAD AND TOBAGO,2025-08,255547325,13963354,5.46409710999714,0.05320039725526264
TRINIDAD AND TOBAGO,2025-09,203717489,18415512,9.039730506397515,0.08654212988573685
TUNISIA,2024-01,107838682,2135601,1.980366377252274,0.0196101222707495
TUNISIA,2024-02,90161680,2205279,2.445916047704524,0.02416482501993409
TUNISIA,2024-03,92124349,2140581,2.3235778849302915,0.022969938272104206
TUNISIA,2024-04,99955329,1912402,1.913256670887452,0.01895184068464624
TUNISIA,2024-05,142192239,1795092,1.262440209553209,0.012545378718307746
TUNISIA,2024-06,124465470,2072822,1.6653791609833637,0.01651663788069399
TUNISIA,2024-07,98579405,2675156,2.7137067828721424,0.026775386333670236
TUNISIA,2024-08,92264953,1919184,2.0800790956886956,0.02058740844829877
TUNISIA,2024-09,71410932,1773093,2.4829433678305723,0.02452619257582242
TUNISIA,2024-10,60412992,1763965,2.9198437978373923,0.02878028371965005
TUNISIA,2024-11,64258300,1771388,2.7566680102025733,0.027193560759056358
TUNISIA,2024-12,79055225,1917577,2.425617029108449,0.023966661630832192
TUNISIA,2025-01,70872412,2227241,3.1426064630056616,0.030942373432395563
TUNISIA,2025-02,90835596,2454289,2.7019022366518075,0.02666045304023967
TUNISIA,2025-03,87551748,2535419,2.895909057121281,0.02854769957104141
TUNISIA,2025-04,103785869,4603229,4.435313828706295,0.043397687329336666
TUNISIA,2025-05,79617185,7846995,9.855906108712585,0.09399937661081803
TUNISIA,2025-06,123388623,9642157,7.814461954081456,0.07524161890696737
TUNISIA,2025-07,74669084,9589899,12.843198933577382,0.12082904903115699
TUNISIA,2025-08,71520786,10178753,14.23188078497907,0.13306023851742274
TUNISIA,2025-09,103193734,15006020,14.541599977378471,0.13576788960171415
TURKEY,2024-01,1390708867,43303904,3.1138008124888152,0.030663054587617537
TURKEY,2024-02,1238035477,38571699,3.1155568411873547,0.03068008444911311
TURKEY,2024-03,1423812268,53883489,3.784451799652565,0.03714598353997749
TURKEY,2024-04,1464565496,46515973,3.1760937374971454,0.03126699039395071
TURKEY,2024-05,1378144649,44028667,3.194778358857162,0.03144806848138882
TURKEY,2024-06,1490945371,41900151,2.810307595099673,0.02771543044125158
TURKEY,2024-07,1503923030,49609157,3.2986499980653927,0.032454121301527604
TURKEY,2024-08,1512344021,48058118,3.1777239393073256,0.03128279045840861
TURKEY,2024-09,1318152815,50580439,3.837221179852353,0.03765430601497518
TURKEY,2024-10,1354937756,46499473,3.431853071780516,0.033742785433533484
TURKEY,2024-11,1330084405,45739081,3.438810411434002,0.033810048133221915
TURKEY,2024-12,1344301278,41329098,3.074392524679278,0.030280799060260988
TURKEY,2025-01,1471223667,54203244,3.684228660522221,0.036179831475924726
TURKEY,2025-02,1379597185,56318033,4.082208460000591,0.04001086686114703
TURKEY,2025-03,1290894533,68090156,5.274649032850153,0.05140245424147334
TURKEY,2025-04,1293166781,72109252,5.5761757152652995,0.05426255107362831
TURKEY,2025-05,1358780375,149453557,10.999095935573841,0.10435187056651432
TURKEY,2025-06,1434752331,180469001,12.578407931508007,0.1184797522841602
TURKEY,2025-07,1322205383,177793572,13.446743923897639,0.12616332428730698
TURKEY,2025-08,1437265112,192275042,13.377841039531196,0.12555578091631883
TURKEY,2025-09,1398425239,243651670,17.423288939938818,0.1606150743045487
UGANDA,2024-01,6626010,16640,0.25113152560892604,0.0025081671733820873
UGANDA,2024-02,5946543,15426,0.25941122430292696,0.002590753341522221
UGANDA,2024-03,11815085,24263,0.20535611889377012,0.0020514555144208685
UGANDA,2024-04,6742072,6124,0.0908326105090542,0.0009079138265706208
UGANDA,2024-05,13570857,11827,0.08714998617994428,0.000871120326288974
UGANDA,2024-06,8741935,8858,0.10132768088529599,0.0010127637904311462
UGANDA,2024-07,12233093,10733,0.08773741849260853,0.0008769895171778231
UGANDA,2024-08,12288752,6576,0.05351235015565454,0.0005349803740339107
UGANDA,2024-09,15736157,2921,0.018562346575469475,0.00018560623985083036
UGANDA,2024-10,15620906,13946,0.08927779221000369,0.0008923796329291664
UGANDA,2024-11,15154723,7504,0.04951591658917157,0.0004950366150450469
UGANDA,2024-12,7606456,10043,0.13203257864109122,0.0013194549227846341
UGANDA,2025-01,8086872,11074,0.13693799036265195,0.001368443158042493
UGANDA,2025-02,11364473,3440,0.030269771418349092,0.00030265191047329075
UGANDA,2025-03,11901215,326,0.0027392161220514038,2.739178606211679e-05
UGANDA,2025-04,23947415,134686,0.5624239609995484,0.005608482627489354
UGANDA,2025-05,17498550,520067,2.972057684779596,0.029287480823426786
UGANDA,2025-06,22264028,2109909,9.476762246256607,0.09054212381810191
UGANDA,2025-07,27609235,2640191,9.562709723757285,0.09132689088440864
UGANDA,2025-08,14178873,1595145,11.250153661719093,0.10661111628624
UGANDA,2025-09,14365468,1452564,10.111497933795127,0.09632328402085488
UKRAINE,2024-01,132804840,1486892,1.1196067854153509,0.011133855809297134
UKRAINE,2024-02,65144209,720245,1.1056163104229264,0.010995490527255984
UKRAINE,2024-03,101315281,806432,0.7959628518426554,0.007928117774121703
UKRAINE,2024-04,88166248,1371955,1.556100016868133,0.015441169331893805
UKRAINE,2024-05,107981004,1522483,1.409954476807791,0.014001070733314577
UKRAINE,2024-06,99563166,1756481,1.7641875711344897,0.01748806420292023
UKRAINE,2024-07,87681963,1454345,1.6586592615404836,0.016450537487474746
UKRAINE,2024-08,66847700,1547487,2.3149442688379707,0.022885559084778406
UKRAINE,2024-09,121921544,1043240,0.8556650168406659,0.008520249534955162
UKRAINE,2024-10,104874436,1196644,1.1410254449425596,0.011345648478696858
UKRAINE,2024-11,100528060,1027522,1.0221245690009337,0.010169362002717534
UKRAINE,2024-12,102293211,1178694,1.152270017215512,0.011456819461984706
UKRAINE,2025-01,164460467,1361493,0.8278542708990361,0.008244463529077097
UKRAINE,2025-02,100729982,896599,0.8901014198533264,0.008861633683483604
UKRAINE,2025-03,110032669,1805855,1.6411989424704403,0.0162787683650836
UKRAINE,2025-04,155382596,7666129,4.933711494947607,0.048158645707881226
UKRAINE,2025-05,150376176,16529170,10.991880788350409,0.10428686659804272
UKRAINE,2025-06,88404657,13204493,14.936422410416682,0.13920894089294844
UKRAINE,2025-07,158516883,16665209,10.513207605779128,0.09996485367122658
UKRAINE,2025-08,111680726,11631422,10.414887524996926,0.09907478953325552
UKRAINE,2025-09,120358190,16823321,13.977711861569203,0.13083273330560025
UNITED ARAB EMIRATES,2024-01,472985062,12222427,2.5841042311818296,0.025512805225114926
UNITED ARAB EMIRATES,2024-02,413531647,12476647,3.0170960531105373,0.02972476956636654
UNITED ARAB EMIRATES,2024-03,501440437,10360957,2.0662388262875577,0.020451816784797572
UNITED ARAB EMIRATES,2024-04,574548526,15187438,2.643369065052653,0.026090357875024305
UNITED ARAB EMIRATES,2024-05,572524382,15658471,2.7349876253829133,0.02698255087806585
UNITED ARAB EMIRATES,2024-06,669011861,16399855,2.4513548945883334,0.02421791354434512
UNITED ARAB EMIRATES,2024-07,624578841,14358664,2.2989353877263348,0.02272908014824515
UNITED ARAB EMIRATES,2024-08,578747820,14086065,2.4338864896285917,0.0240473946247387
UNITED ARAB EMIRATES,2024-09,651339299,14091960,2.16353596683562,0.02140463718532624
UNITED ARAB EMIRATES,2024-10,984028582,15296621,1.5544895016067735,0.015425310825794134
UNITED ARAB EMIRATES,2024-11,712145737,10936466,1.5357061668403977,0.015240335526931381
UNITED ARAB EMIRATES,2024-12,656134803,12050128,1.8365323626949874,0.018198717825645062
UNITED ARAB EMIRATES,2025-01,654970198,15214815,2.322978212819387,0.0229640777081901
UNITED ARAB EMIRATES,2025-02,448842231,12241740,2.727403785674526,0.02690872870886255
UNITED ARAB EMIRATES,2025-03,885780997,37702768,4.256443537137657,0.04168348129046597
UNITED ARAB EMIRATES,2025-04,664808681,33577475,5.050697435161801,0.049272880359049885
UNITED ARAB EMIRATES,2025-05,640685774,49102699,7.664084484572932,0.07384586516343428
UNITED ARAB EMIRATES,2025-06,551895969,75246210,13.634129297291533,0.12781370913274712
UNITED ARAB EMIRATES,2025-07,527271096,92832683,17.606252970104016,0.16217201957737024
UNITED ARAB EMIRATES,2025-08,553294891,99470450,17.97783634333251,0.16532659323688378
UNITED ARAB EMIRATES,2025-09,742142281,82485993,11.114579388854413,0.10539172967035365
UNITED KINGDOM,2024-01,5236470714,44740689,0.8544054085967338,0.008507760240382098
UNITED KINGDOM,2024-02,5214270033,49695131,0.9530601730537571,0.009485472061216096
UNITED KINGDOM,2024-03,5768134291,60206245,1.043773288946126,0.010383635863448272
UNITED KINGDOM,2024-04,5677962571,52260135,0.9204029499404744,0.009161930542752491
UNITED KINGDOM,2024-05,5612623757,54621876,0.9731968213952737,0.009684917628206632
UNITED KINGDOM,2024-06,5702289657,52324198,0.9175997914411103,0.009134154222520703
UNITED KINGDOM,2024-07,5738988238,52342318,0.9120478354254469,0.009079137964182605
UNITED KINGDOM,2024-08,5846987344,53131579,0.9087000856008695,0.009045962486840756
UNITED KINGDOM,2024-09,5445353957,52279830,0.9600813907201442,0.009555018972475456
UNITED KINGDOM,2024-10,5961675796,56763253,0.9521358581438701,0.009476316131323628
UNITED KINGDOM,2024-11,6039106409,61567460,1.019479635401801,0.010143179933834255
UNITED KINGDOM,2024-12,5923648313,62695028,1.0583853849393776,0.01052823695147812
UNITED KINGDOM,2025-01,6044652850,48438812,0.8013497747848332,0.007981560182388691
UNITED KINGDOM,2025-02,5489178559,55341447,1.0081917796108626,0.01003143429301561
UNITED KINGDOM,2025-03,7039225673,87668834,1.2454329222071525,0.012377412040044562
UNITED KINGDOM,2025-04,4875463638,304479583,6.245141090312855,0.060578889856042144
UNITED KINGDOM,2025-05,4779266178,326615643,6.834012395113767,0.06610615795683841
UNITED KINGDOM,2025-06,5209628671,409728591,7.864832925248617,0.07570871030868165
UNITED KINGDOM,2025-07,5585882467,323857891,5.797792791260318,0.05635947113210488
UNITED KINGDOM,2025-08,5201741960,308254143,5.925979131037096,0.057570354107366224
UNITED KINGDOM,2025-09,5116029081,292077346,5.70906344306607,0.05552045007170882
URUGUAY,2024-01,115620520,7147266,6.181658757459315,0.059981203172546044
URUGUAY,2024-02,78102395,5614767,7.188981848764049,0.06942327610472504
URUGUAY,2024-03,79507381,4910333,6.175946104928296,0.05992740097849607
URUGUAY,2024-04,100211677,7300153,7.284732895947845,0.07031616923766017
URUGUAY,2024-05,104236201,8376077,8.035669872504275,0.07729126320408096
URUGUAY,2024-06,81893535,8015590,9.787817805153972,0.09337938798080984
URUGUAY,2024-07,122126784,11903560,9.746887300332089,0.09300650383680653
URUGUAY,2024-08,107493182,10453240,9.724560949363282,0.09280304820534395
URUGUAY,2024-09,95678128,6138070,6.415332457173493,0.06217948257885511
URUGUAY,2024-10,92942585,10697654,11.509959616466444,0.10894372483743604
URUGUAY,2024-11,142206337,16005637,11.255220644632736,0.10665666109998048
URUGUAY,2024-12,112527244,9579946,8.513445863830096,0.08170390432661183
URUGUAY,2025-01,124867087,13353676,10.694312104838323,0.1016022712396703
URUGUAY,2025-02,120262147,13971536,11.61756741296162,0.10990826566545882
URUGUAY,2025-03,139553421,15779367,11.30704420352404,0.10712236052897638
URUGUAY,2025-04,104913421,13925975,13.273778385322121,0.12463752000306966
URUGUAY,2025-05,180495859,32242303,17.86318155919577,0.164354287450646
URUGUAY,2025-06,144535655,29131754,20.15541009586873,0.18361580302809358
URUGUAY,2025-07,164354544,28798902,17.522425178582225,0.16145898196976335
URUGUAY,2025-08,110195746,17413792,15.802599131186062,0.14671682390052498
URUGUAY,2025-09,117831232,13706116,11.631989046842861,0.11003746309034954
UZBEKISTAN,2024-01,1344821,25353,1.8852323097274655,0.018676820379276947
UZBEKISTAN,2024-02,3107276,31025,0.998462962414668,0.00993511254345602
UZBEKISTAN,2024-03,1250204,33848,2.7073981526214923,0.026713964891558774
UZBEKISTAN,2024-04,2105550,15996,0.7597064899907388,0.007568352530490824
UZBEKISTAN,2024-05,3579073,45188,1.262561562728673,0.012546577120227529
UZBEKISTAN,2024-06,3045717,63225,2.0758658798568614,0.020546133962435164
UZBEKISTAN,2024-07,9232544,82917,0.8980948263013964,0.008940859392429435
UZBEKISTAN,2024-08,2708019,104522,3.859721811405312,0.037870973928493104
UZBEKISTAN,2024-09,7310331,94959,1.2989699098440275,0.012906056506493504
UZBEKISTAN,2024-10,2493833,149532,5.9960711082097315,0.05823184242016174
UZBEKISTAN,2024-11,2979261,233050,7.822409651252442,0.0753153326194268
UZBEKISTAN,2024-12,3280956,127037,3.871950736309783,0.0379887116308725
UZBEKISTAN,2025-01,223962181,236643,0.10566203585952755,0.0010560625282128892
UZBEKISTAN,2025-02,178882156,371109,0.2074600442539389,0.002072451430755215
UZBEKISTAN,2025-03,113777378,268570,0.23604868096011142,0.002357705236995641
UZBEKISTAN,2025-04,14897856,534025,3.5845761967359597,0.03521825434391622
UZBEKISTAN,2025-05,5954042,413722,6.948590554114331,0.0671780709038298
UZBEKISTAN,2025-06,4053415,355668,8.774527157964334,0.08410699563576682
UZBEKISTAN,2025-07,4791250,526043,10.979243412470648,0.10417300155420953
UZBEKISTAN,2025-08,8478555,783381,9.239557919952162,0.08837306373950773
UZBEKISTAN,2025-09,6803701,499817,7.346251694482165,0.07088942104784399
VENEZUELA,2024-01,322805055,646078,0.20014494506599345,0.0019994492191716374
VENEZUELA,2024-02,343731986,479762,0.1395744415825183,0.001394771269991362
VENEZUELA,2024-03,389689758,517505,0.13279923050992787,0.0013271113032076434
VENEZUELA,2024-04,495727437,605506,0.12214494393619775,0.001220704076882168
VENEZUELA,2024-05,549502225,663747,0.12079059370505735,0.0012071770056022277
VENEZUELA,2024-06,509753723,721574,0.14155345364687016,0.001414533611907586
VENEZUELA,2024-07,669408099,701585,0.10480676900205833,0.001047518850526304
VENEZUELA,2024-08,606820183,576579,0.0950164506970593,0.0009497133864119866
VENEZUELA,2024-09,422927234,615454,0.14552243282587946,0.001454166515448287
VENEZUELA,2024-10,624285588,760768,0.12186217568104422,0.001217879840000164
VENEZUELA,2024-11,468069932,1160713,0.24797854351387819,0.0024767158408128724
VENEZUELA,2024-12,618750968,621247,0.1004033984800166,0.0010035302798086076
VENEZUELA,2025-01,632060776,792453,0.12537607617657326,0.0012529754600603036
VENEZUELA,2025-02,466158606,1186257,0.2544749758411625,0.002541517365338163
VENEZUELA,2025-03,526876535,683583,0.12974254015696485,0.0012965844725165519
VENEZUELA,2025-04,393136954,1349651,0.3433030108891773,0.003427150713279701
VENEZUELA,2025-05,298881904,2297727,0.7687742112349498,0.007658342007102557
VENEZUELA,2025-06,221777874,2270665,1.0238464996738132,0.01018640694218169
VENEZUELA,2025-07,29990051,3316575,11.058917505675465,0.10489066284535835
VENEZUELA,2025-08,90256414,3344461,3.7055106133509805,0.036385067790681444
VENEZUELA,2025-09,151775455,2719626,1.791874713865954,0.01776009877257548
VIETNAM,2024-01,9522127460,426624701,4.48035066524934,0.04382883582506856
VIETNAM,2024-02,9549211747,402692621,4.217024731140879,0.04130531512098656
VIETNAM,2024-03,9960676194,382991276,3.8450328927538266,0.037729533558513176
VIETNAM,2024-04,10047287212,372529955,3.7077665556834885,0.03640682090469023
VIETNAM,2024-05,11332236633,404801143,3.572120456973165,0.03509800006318083
VIETNAM,2024-06,11475289195,432399879,3.7680957024456063,0.03698837432305712
VIETNAM,2024-07,12011485584,485611327,4.0428914775276645,0.03963304618548195
VIETNAM,2024-08,11892501947,510682251,4.294153183879231,0.042045116766417076
VIETNAM,2024-09,14017786519,551563831,3.934742694593037,0.03859304211857338
VIETNAM,2024-10,12819605348,511094352,3.9868181439745833,0.03909395650436769
VIETNAM,2024-11,12119227223,416887914,3.439888586368161,0.03382047139032274
VIETNAM,2024-12,11753711838,437578546,3.7228966647395527,0.03655270202803041
VIETNAM,2025-01,12987115069,480653058,3.7009994555858663,0.03634156715259322
VIETNAM,2025-02,11919306528,405580893,3.4027222309220577,0.033461102924615994
VIETNAM,2025-03,14774718430,506797888,3.430169518296532,0.033726508366695
VIETNAM,2025-04,14849592761,712266212,4.796537005854122,0.04685054151562098
VIETNAM,2025-05,15991388747,1111489854,6.950552397824214,0.06719641453702872
VIETNAM,2025-06,17715153828,1516564821,8.560833485978353,0.08214050716176075
VIETNAM,2025-07,17985402721,1640984314,9.123978703484713,0.08731446916783112
VIETNAM,2025-08,16450907627,1722283451,10.469230574082781,0.09956683985040789
VIETNAM,2025-09,17642058744,2343461606,13.283379451374985,0.12472227623986472
ZAMBIA,2024-01,23917099,531,0.002220168926005616,2.220144280620095e-05
ZAMBIA,2024-02,4753247,125,0.002629781284246327,2.6297467061045305e-05
ZAMBIA,2024-03,18532355,466,0.002514521225176185,2.5144896116211778e-05
ZAMBIA,2024-04,15094538,3030,0.020073486184207824,0.0002007147172954623
ZAMBIA,2024-05,24032289,166963,0.6947444748188573,0.006923422452128915
ZAMBIA,2024-06,13830628,264254,1.9106435369384527,0.018926199590088847
ZAMBIA,2024-07,5693132,269095,4.72666012310974,0.046183532933348724
ZAMBIA,2024-08,11361626,123839,1.089976029839391,0.010840786060816288
ZAMBIA,2024-09,26452813,16324,0.06170988317953179,0.0006169085046076479
ZAMBIA,2024-10,8481730,2389,0.02816642359518636,0.0002816245760279698
ZAMBIA,2024-11,10730205,799,0.007446269665863793,7.445992444965768e-05
ZAMBIA,2024-12,5662990,112700,1.9901147626960314,0.01970570850849036
ZAMBIA,2025-01,30731793,179191,0.5830801997136971,0.005813868662568288
ZAMBIA,2025-02,1816334,720,0.03964028642309179,0.0003963243173723136
ZAMBIA,2025-03,36240933,49544,0.1367072972431477,0.0013661393789389262
ZAMBIA,2025-04,36559894,156738,0.428715685007183,0.004277993174550477
ZAMBIA,2025-05,59221193,513364,0.8668585923285942,0.008631229462225002
ZAMBIA,2025-06,14041966,404726,2.8822602191174655,0.028415043730318983
ZAMBIA,2025-07,30503537,491558,1.61147869507723,0.0159863220568679
ZAMBIA,2025-08,64720925,45393,0.07013651303654884,0.000701119288785534
ZAMBIA,2025-09,22250532,268875,1.2083980733584256,0.012011552336825205
ZIMBABWE,2024-01,6331536,286539,4.525584313190354,0.04426168141533288
ZIMBABWE,2024-02,3056928,145895,4.77260177537711,0.04662211827811299
ZIMBABWE,2024-03,2336102,105969,4.53614611005855,0.04436272139865071
ZIMBABWE,2024-04,8495850,468009,5.508677766203499,0.0536230172534691
ZIMBABWE,2024-05,10170907,403236,3.9646021736311226,0.03888029150131988
ZIMBABWE,2024-06,3242101,127091,3.9200197649610544,0.03845137656824017
ZIMBABWE,2024-07,3322027,99602,2.9982296953035,0.02954161466960107
ZIMBABWE,2024-08,1534488,54834,3.5734394794876208,0.03511073528680694
ZIMBABWE,2024-09,3384906,115750,3.419592744968398,0.033624243097239284
ZIMBABWE,2024-10,10454771,289336,2.7675020332822213,0.027298988973045894
ZIMBABWE,2024-11,4277612,162564,3.800344678292468,0.03729910533830383
ZIMBABWE,2024-12,10254110,159304,1.5535624252129148,0.015416181927308129
ZIMBABWE,2025-01,12609259,418361,3.317887276326071,0.03264033367900751
ZIMBABWE,2025-02,6006711,266397,4.4349894642841985,0.04339458143618686
ZIMBABWE,2025-03,9272061,365915,3.9464257191578014,0.03870544310867953
ZIMBABWE,2025-04,7408946,390371,5.2689140938535655,0.051347976784049905
ZIMBABWE,2025-05,7664366,500859,6.534904517868798,0.06330248741754654
ZIMBABWE,2025-06,6706335,553432,8.252376297933223,0.07929513259752334
ZIMBABWE,2025-07,5867092,837247,14.2702210907891,0.13339581797910033
ZIMBABWE,2025-08,1390927,86198,6.197162036541099,0.06012719964292251
ZIMBABWE,2025-09,2691311,344305,12.793207473978295,0.12038593383345454
