WEO Country Code,ISO,WEO Subject Code,Country,Subject Descriptor,Subject Notes,Units,Scale,Country/Series-specific Notes,1980,1981,1982,1983,1984,1985,1986,1987,1988,1989,1990,1991,1992,1993,1994,1995,1996,1997,1998,1999,2000,2001,2002,2003,2004,2005,2006,2007,2008,2009,2010,2011,2012,2013,2014,2015,2016,2017,2018,2019,2020,2021,2022,2023,2024,2025,2026,2027,2028,2029,2030,Estimates Start After,Unnamed: 61
512,AFG,NGDP_R,Afghanistan,"Gross domestic product, constant prices","Expressed in billions of national currency units; the base year is country-specific. Expenditure-based GDP is total final expenditures at purchasers' prices (including the f.o.b. value of exports of goods and services), less the f.o.b. value of imports of goods and services. [SNA 1993]",National currency,Billions,"Source: National Statistics Office Latest actual data: FY2023/24 Notes: Historical data through 2020 are presented on a calendar year basis having been converted from original source data compiled in solar year (through 2015) and calendar year (2016-20). From 2021 onwards, data are compiled by the source and presented on the National accounts manual used: System of National Accounts (SNA) 2008 GDP valuation: Market prices Reporting in calendar year: No. Historical data through 2020 are presented on a calendar year basis. From 2021 onwards, data is presented on a solar year basis. Solar year (March 21   March 20) data are mapped to calendar year such that SY(t/t+1)=CY(t). Start/end months of reporting year: April/March Base year: 2016 Chain-weighted: No Primary domestic currency: Afghan afghani Data last updated: 02/13/2025",,,,,,,,,,,,,,,,,,,,,,,453.484,492.903,496.209,554.910,584.658,662.650,688.247,829.924,899.956,958.266,"1,092.118","1,154.178","1,185.306","1,197.012","1,222.917","1,255.288","1,270.216","1,319.902","1,288.869","1,101.445","1,032.712","1,056.123",,,,,,,,2024.0,
512,AFG,NGDPD,Afghanistan,"Gross domestic product, current prices","Values are based upon GDP in national currency converted to U.S. dollars using market exchange rates (yearly average). Exchange rate projections are provided by country economists for the group of other emerging market and developing countries. Exchanges rates for advanced economies are established in the WEO assumptions for each WEO exercise. Expenditure-based GDP is total final expenditures at purchasers' prices (including the f.o.b. value of exports of goods and services), less the f.o.b. value of imports of goods and services. [SNA 1993]",U.S. dollars,Billions,"See notes for:  Gross domestic product, current prices (National currency).",,,,,,,,,,,,,,,,,,,,,,,4.367,4.553,5.146,6.167,6.925,8.556,10.297,12.066,15.325,17.890,20.293,20.170,20.616,20.057,18.020,18.883,18.336,18.876,20.136,14.278,14.501,17.248,,,,,,,,2024.0,
512,AFG,PCPIPCH,Afghanistan,"Inflation, average consumer prices",Annual percentages of average consumer prices are year-on-year changes.,Percent change,Units,"See notes for:  Inflation, average consumer prices (Index).",,,,,,,,,,,,,,,,,,,,,,,,35.663,16.358,10.569,6.785,8.681,26.419,-6.811,2.179,11.804,6.441,7.386,4.674,-0.662,4.384,4.976,0.626,2.302,5.607,7.762,10.600,-7.714,,,,,,,,2024.0,
512,AFG,LP,Afghanistan,Population,"For census purposes, the total population of the country consists of all persons falling within the scope of the census. In the broadest sense, the total may comprise either all usual residents of the country or all persons present in the country at the time of the census. [Principles and Recommendations for Population and Housing Censuses, Revision 1, paragraph 2.42]",Persons,Millions,"Source: United Nations, Department of Economic and Social Affairs, Population Division Latest actual data: 2023 Primary domestic currency: Afghan afghani Data last updated: 02/13/2025",,,,,,,,,,,,,,,,,,,,,,,21.000,22.645,23.554,24.411,25.443,25.903,26.427,27.385,28.190,29.249,30.466,31.541,32.716,33.753,34.636,35.643,36.687,37.769,38.972,40.099,41.142,42.171,,,,,,,,2023.0,
914,ALB,NGDP_R,Albania,"Gross domestic product, constant prices","Expressed in billions of national currency units; the base year is country-specific. Expenditure-based GDP is total final expenditures at purchasers' prices (including the f.o.b. value of exports of goods and services), less the f.o.b. value of imports of goods and services. [SNA 1993]",National currency,Billions,"Source: IMF Staff Estimates. Official national accounts, including real GDP growth, rates available from 1996 onwards. Latest actual data: 2022 National accounts manual used: European System of Accounts (ESA) 2010 GDP valuation: Market prices Reporting in calendar year: Yes Start/end months of reporting year: January/December Base year: 2020. Instat changed the base year to calculate real GDP to 2020 and provided revised data only after 2019. They are still working on historical revision of the whole data series. To avoid discontinuity between 2018 and 2019, we followed the advice from the WEO Chain-weighted: Yes, from 1996 Primary domestic currency: Albanian lek Data last updated: 03/31/2025",636.847,673.148,692.669,700.288,714.294,703.580,742.980,737.036,726.718,797.936,718.143,517.063,479.834,525.898,575.333,626.537,683.552,608.880,662.640,748.059,800.021,866.369,905.672,955.744,"1,008.451","1,064.183","1,126.997","1,194.428","1,284.011","1,327.081","1,376.274","1,411.306","1,431.311","1,445.653","1,471.306","1,503.952","1,553.808","1,612.887","1,677.714","1,712.740","1,655.984","1,804.519","1,891.618","1,966.083","2,043.974","2,121.408","2,194.972","2,271.808","2,350.560","2,432.425","2,517.110",2022.0,
914,ALB,NGDPD,Albania,"Gross domestic product, current prices","Values are based upon GDP in national currency converted to U.S. dollars using market exchange rates (yearly average). Exchange rate projections are provided by country economists for the group of other emerging market and developing countries. Exchanges rates for advanced economies are established in the WEO assumptions for each WEO exercise. Expenditure-based GDP is total final expenditures at purchasers' prices (including the f.o.b. value of exports of goods and services), less the f.o.b. value of imports of goods and services. [SNA 1993]",U.S. dollars,Billions,"See notes for:  Gross domestic product, current prices (National currency).",1.969,2.256,2.323,2.347,2.317,2.366,2.617,2.597,2.560,2.812,2.247,1.349,0.853,1.478,2.389,2.916,3.238,2.251,2.585,3.264,3.529,3.974,4.408,5.628,7.263,8.148,9.002,10.804,13.035,12.187,12.079,13.052,12.470,12.936,13.404,11.525,12.003,13.209,15.337,15.582,15.271,18.086,19.185,23.388,27.259,28.372,29.743,31.382,33.354,35.462,37.683,2022.0,
914,ALB,PCPIPCH,Albania,"Inflation, average consumer prices",Annual percentages of average consumer prices are year-on-year changes.,Percent change,Units,"See notes for:  Inflation, average consumer prices (Index).",,,,,,,,,,,-0.180,35.717,225.996,85.005,22.565,7.794,12.734,33.167,20.646,0.389,0.039,3.120,5.202,2.363,2.867,2.363,2.370,2.960,3.310,2.231,3.615,3.443,2.036,1.925,1.613,1.868,1.287,1.985,2.029,1.411,1.621,2.043,6.726,4.769,2.225,2.374,2.665,2.955,2.974,2.999,2.999,2022.0,
914,ALB,LP,Albania,Population,"For census purposes, the total population of the country consists of all persons falling within the scope of the census. In the broadest sense, the total may comprise either all usual residents of the country or all persons present in the country at the time of the census. [Principles and Recommendations for Population and Housing Censuses, Revision 1, paragraph 2.42]",Persons,Millions,Source: National Statistics Office. INSTAT Latest actual data: 2021 Primary domestic currency: Albanian lek Data last updated: 03/31/2025,2.672,2.726,2.784,2.844,2.904,2.965,3.023,3.084,3.142,3.228,3.287,3.267,3.247,3.227,3.208,3.188,3.168,3.148,3.129,3.109,3.089,3.060,3.051,3.040,3.027,3.011,2.993,2.970,2.947,2.928,2.913,2.905,2.900,2.895,2.889,2.881,2.876,2.873,2.866,2.854,2.838,2.812,2.778,2.750,2.722,2.695,2.668,2.642,2.615,2.589,2.563,2021.0,
612,DZA,NGDP_R,Algeria,"Gross domestic product, constant prices","Expressed in billions of national currency units; the base year is country-specific. Expenditure-based GDP is total final expenditures at purchasers' prices (including the f.o.b. value of exports of goods and services), less the f.o.b. value of imports of goods and services. [SNA 1993]",National currency,Billions,"Source: National Statistics Office Latest actual data: 2023. From 2001 and onward, the nominal GDP and its components are computed according to the 2008 System of National Accounts (SNA) standard with base year 2001. Before 2001, these data are based on the 1968 SNA with base year 1989. National accounts manual used: System of National Accounts (SNA) 2008 GDP valuation: Market prices Reporting in calendar year: Yes Start/end months of reporting year: January/December Base year: 2001 Chain-weighted: Yes, from 2005 Primary domestic currency: Algerian dinar Data last updated: 04/10/2025","2,817.799","2,902.333","3,088.082","3,254.838","3,437.109","3,629.587","3,622.328","3,596.972","3,528.630","3,698.004","3,727.588","3,682.857","3,741.782","3,663.112","3,630.144","3,769.821","3,913.074","3,956.118","4,157.880","4,290.932","4,453.987","4,587.607","4,835.061","5,149.509","5,382.809","5,671.374","5,834.106","6,017.031","6,164.589","6,235.848","6,536.119","6,731.724","6,895.477","7,074.545","7,363.629","7,596.450","7,891.460","8,011.705","8,127.059","8,202.856","7,791.281","8,087.743","8,381.773","8,725.426","9,033.925","9,349.782","9,630.651","9,900.580","10,177.229","10,421.925","10,672.176",2023.0,
612,DZA,NGDPD,Algeria,"Gross domestic product, current prices","Values are based upon GDP in national currency converted to U.S. dollars using market exchange rates (yearly average). Exchange rate projections are provided by country economists for the group of other emerging market and developing countries. Exchanges rates for advanced economies are established in the WEO assumptions for each WEO exercise. Expenditure-based GDP is total final expenditures at purchasers' prices (including the f.o.b. value of exports of goods and services), less the f.o.b. value of imports of goods and services. [SNA 1993]",U.S. dollars,Billions,"See notes for:  Gross domestic product, current prices (National currency).",45.957,48.156,48.599,51.582,55.906,66.346,66.783,68.698,56.070,57.041,67.171,50.650,53.414,55.309,46.044,45.654,50.945,52.287,52.297,53.011,59.418,59.413,61.516,73.482,91.914,107.047,123.084,142.483,180.384,150.317,177.785,218.332,227.144,229.701,238.943,187.494,180.764,190.004,194.507,193.361,164.774,185.850,225.709,247.789,264.913,268.885,269.435,274.520,279.983,285.271,290.941,2023.0,
612,DZA,PCPIPCH,Algeria,"Inflation, average consumer prices",Annual percentages of average consumer prices are year-on-year changes.,Percent change,Units,"See notes for:  Inflation, average consumer prices (Index).",9.668,14.610,6.593,7.835,6.310,10.432,14.007,5.857,5.938,9.172,9.272,25.900,31.700,20.500,29.000,29.800,18.700,5.700,4.950,2.600,0.300,4.200,1.433,4.261,3.968,1.382,2.311,3.679,4.855,5.741,3.911,4.500,8.916,3.255,2.917,4.784,6.398,5.591,4.270,1.952,2.415,7.226,9.267,9.320,4.046,3.699,3.646,3.355,3.262,3.294,3.189,2024.0,
612,DZA,LP,Algeria,Population,"For census purposes, the total population of the country consists of all persons falling within the scope of the census. In the broadest sense, the total may comprise either all usual residents of the country or all persons present in the country at the time of the census. [Principles and Recommendations for Population and Housing Censuses, Revision 1, paragraph 2.42]",Persons,Millions,Source: National Statistics Office Latest actual data: 2023 Primary domestic currency: Algerian dinar Data last updated: 04/10/2025,18.666,19.246,19.864,20.516,21.175,22.200,22.800,23.400,24.100,24.700,25.022,25.643,26.271,26.894,27.496,28.060,28.566,29.045,29.507,29.965,30.506,30.954,31.414,31.885,32.366,32.855,33.351,33.858,34.591,35.268,35.978,36.717,37.495,38.297,39.114,39.963,40.836,41.721,42.578,43.424,43.851,44.577,45.291,45.973,46.626,47.251,47.851,48.425,49.006,49.594,50.685,2023.0,
171,AND,NGDP_R,Andorra,"Gross domestic product, constant prices","Expressed in billions of national currency units; the base year is country-specific. Expenditure-based GDP is total final expenditures at purchasers' prices (including the f.o.b. value of exports of goods and services), less the f.o.b. value of imports of goods and services. [SNA 1993]",National currency,Billions,Source: National Statistics Office Latest actual data: 2024 National accounts manual used: Other GDP valuation: Market prices Reporting in calendar year: Yes Start/end months of reporting year: January/December Base year: 2010 Chain-weighted: No Primary domestic currency: Euro Data last updated: 04/04/2025,,,,,,,,,,,,,,,,,,,,,1.992,2.153,2.251,2.447,2.646,2.789,2.923,2.968,2.803,2.655,2.602,2.602,2.473,2.385,2.445,2.480,2.572,2.581,2.622,2.674,2.375,2.572,2.818,2.891,2.989,3.045,3.094,3.140,3.188,3.235,3.284,2024.0,
171,AND,NGDPD,Andorra,"Gross domestic product, current prices","Values are based upon GDP in national currency converted to U.S. dollars using market exchange rates (yearly average). Exchange rate projections are provided by country economists for the group of other emerging market and developing countries. Exchanges rates for advanced economies are established in the WEO assumptions for each WEO exercise. Expenditure-based GDP is total final expenditures at purchasers' prices (including the f.o.b. value of exports of goods and services), less the f.o.b. value of imports of goods and services. [SNA 1993]",U.S. dollars,Billions,"See notes for:  Gross domestic product, current prices (National currency).",,,,,,,,,,,,,,,,,,,,,1.429,1.547,1.758,2.362,2.896,3.158,3.456,3.952,4.082,3.675,3.446,3.625,3.189,3.193,3.267,2.789,2.895,2.993,3.217,3.155,2.885,3.325,3.376,3.786,4.038,4.035,4.169,4.301,4.438,4.583,4.732,2024.0,
171,AND,PCPIPCH,Andorra,"Inflation, average consumer prices",Annual percentages of average consumer prices are year-on-year changes.,Percent change,Units,"See notes for:  Inflation, average consumer prices (Index).",,,,,,,,,,,,,,,,,,,,,,,3.127,3.056,2.906,3.527,3.682,2.659,4.347,-1.217,1.706,2.552,1.467,0.475,-0.096,-1.132,-0.422,2.586,0.996,0.530,0.092,1.677,6.203,5.607,3.074,2.240,1.775,1.700,1.700,1.700,1.700,2024.0,
171,AND,LP,Andorra,Population,"For census purposes, the total population of the country consists of all persons falling within the scope of the census. In the broadest sense, the total may comprise either all usual residents of the country or all persons present in the country at the time of the census. [Principles and Recommendations for Population and Housing Censuses, Revision 1, paragraph 2.42]",Persons,Millions,Source: National Statistics Office Latest actual data: 2024 Primary domestic currency: Euro Data last updated: 04/04/2025,,,,,,,,,,,,,,,,,,,,,,,,,,,,,,,0.070,0.070,0.070,0.070,0.071,0.072,0.073,0.075,0.076,0.078,0.078,0.080,0.082,0.085,0.087,0.089,0.091,0.093,0.096,0.098,0.100,2024.0,
614,AGO,NGDP_R,Angola,"Gross domestic product, constant prices","Expressed in billions of national currency units; the base year is country-specific. Expenditure-based GDP is total final expenditures at purchasers' prices (including the f.o.b. value of exports of goods and services), less the f.o.b. value of imports of goods and services. [SNA 1993]",National currency,Billions,"Source: National Statistics Office. Ministry of Planning Latest actual data: 2023. Starting from the year 2002, historical National Accounts data are provided by Angola's National Institute of Statistics (INE). Data for prior years are based on different sources and/or estimated by IMF staff, including using a ratio slicing method in or Notes: Starting from the year 2002, the composition of aggregate demand was revised taking into account updated information from the authorities    National Accounts statistics. Data for prior years are based on [old information] and/or estimated by IMF staff, i National accounts manual used: European System of Accounts (ESA) 1995 GDP valuation: Market prices Reporting in calendar year: Yes Start/end months of reporting year: January/December Base year: 2015. The Bureau of Statistics, Instituto Nacional De EstatÍsticas, has published rebased national accounts in May 2024. The base year was revised from 2002 to 2015 to reflect changes in the economic structure over that period. As a result, 2023 nominal GDP inc Chain-weighted: No Primary domestic currency: Angolan kwanza Data last updated: 04/08/2025","2,033.967","1,944.473","1,944.473","2,026.140","2,147.709","2,222.879","2,287.342","2,380.729","2,526.641","2,527.692","2,440.485","2,735.381","3,047.287","3,381.550","3,736.974","4,124.258","4,586.493","4,920.127","5,150.938","5,263.305","5,424.079","5,652.216","6,424.630","6,648.849","7,408.148","8,456.401","9,457.639","10,687.132","11,840.273","12,077.079","12,715.956","13,172.459","14,292.118","14,989.573","15,688.088","15,807.317","15,538.593","15,516.839","15,425.289","15,394.439","14,772.503","15,082.726","15,719.217","15,876.612","16,591.596","16,985.402","17,337.947","17,775.118","18,286.911","18,832.203","19,413.539",2023.0,
614,AGO,NGDPD,Angola,"Gross domestic product, current prices","Values are based upon GDP in national currency converted to U.S. dollars using market exchange rates (yearly average). Exchange rate projections are provided by country economists for the group of other emerging market and developing countries. Exchanges rates for advanced economies are established in the WEO assumptions for each WEO exercise. Expenditure-based GDP is total final expenditures at purchasers' prices (including the f.o.b. value of exports of goods and services), less the f.o.b. value of imports of goods and services. [SNA 1993]",U.S. dollars,Billions,"See notes for:  Gross domestic product, current prices (National currency).",8.730,8.170,8.170,8.514,9.025,11.119,10.411,11.900,12.909,15.017,16.529,16.022,12.354,8.966,6.529,8.148,10.510,12.344,10.464,9.895,12.646,12.378,17.312,20.342,26.998,41.397,58.654,73.038,98.790,81.705,95.547,125.552,143.573,153.761,164.448,131.661,114.764,139.835,114.189,94.671,66.521,84.375,142.442,109.764,115.946,113.343,109.384,112.743,118.534,125.036,132.281,2023.0,
614,AGO,PCPIPCH,Angola,"Inflation, average consumer prices",Annual percentages of average consumer prices are year-on-year changes.,Percent change,Units,"See notes for:  Inflation, average consumer prices (Index).",46.708,1.391,1.833,1.833,1.833,1.833,1.833,1.833,1.833,1.833,1.833,85.265,299.097,"1,379.476",949.771,"2,672.230","4,146.010",221.492,107.429,248.248,325.029,152.586,108.893,98.219,43.525,22.961,13.305,12.249,12.465,13.721,14.480,13.484,10.285,8.782,7.298,9.159,30.694,29.844,19.629,17.079,22.277,25.765,21.360,13.639,28.232,22.001,16.388,11.513,10.034,10.034,9.816,2024.0,
614,AGO,LP,Angola,Population,"For census purposes, the total population of the country consists of all persons falling within the scope of the census. In the broadest sense, the total may comprise either all usual residents of the country or all persons present in the country at the time of the census. [Principles and Recommendations for Population and Housing Censuses, Revision 1, paragraph 2.42]",Persons,Millions,Source: National Statistics Office Latest actual data: 2021 Primary domestic currency: Angolan kwanza Data last updated: 04/08/2025,8.272,8.495,8.720,8.948,9.185,10.350,10.646,10.918,11.214,11.521,11.829,12.229,12.633,13.038,13.462,13.912,14.383,14.871,15.367,15.871,16.394,16.942,17.516,18.124,18.771,19.451,20.162,20.910,21.692,22.508,23.364,24.259,25.188,26.147,27.128,28.128,29.155,30.209,31.274,32.354,33.428,34.504,35.589,36.684,37.968,39.297,40.672,42.096,43.569,45.094,46.673,2021.0,
311,ATG,NGDP_R,Antigua and Barbuda,"Gross domestic product, constant prices","Expressed in billions of national currency units; the base year is country-specific. Expenditure-based GDP is total final expenditures at purchasers' prices (including the f.o.b. value of exports of goods and services), less the f.o.b. value of imports of goods and services. [SNA 1993]",National currency,Billions,Source: Central Bank Latest actual data: 2022. Preliminary Notes: Historical values for expenditure based GDP components are not reported by authorities and are estimated by IMF staff using data from balance of payments and fiscal accounts.  GDP expenditure component estimates prior 2014 have been removed due to interna National accounts manual used: System of National Accounts (SNA) 1993 GDP valuation: Market prices. Nominal and real GDP are measured at market prices Reporting in calendar year: Yes Start/end months of reporting year: January/December Base year: 2018 Chain-weighted: No Primary domestic currency: Eastern Caribbean dollar Data last updated: 02/21/2025,1.292,1.341,1.340,1.412,1.556,1.674,1.867,1.991,2.094,2.204,2.271,2.320,2.347,2.471,2.636,2.521,2.688,2.835,2.969,3.079,3.270,3.121,3.153,3.345,3.538,3.767,4.245,4.641,4.640,4.085,3.765,3.691,3.815,3.792,3.876,3.931,4.093,4.204,4.486,4.628,3.755,4.062,4.432,4.540,4.735,4.880,5.004,5.131,5.259,5.390,5.524,2022.0,
311,ATG,NGDPD,Antigua and Barbuda,"Gross domestic product, current prices","Values are based upon GDP in national currency converted to U.S. dollars using market exchange rates (yearly average). Exchange rate projections are provided by country economists for the group of other emerging market and developing countries. Exchanges rates for advanced economies are established in the WEO assumptions for each WEO exercise. Expenditure-based GDP is total final expenditures at purchasers' prices (including the f.o.b. value of exports of goods and services), less the f.o.b. value of imports of goods and services. [SNA 1993]",U.S. dollars,Billions,"See notes for:  Gross domestic product, current prices (National currency).",0.132,0.149,0.166,0.185,0.212,0.246,0.298,0.347,0.411,0.455,0.479,0.504,0.525,0.566,0.625,0.616,0.679,0.734,0.790,0.836,0.901,0.878,0.898,0.948,1.026,1.144,1.304,1.487,1.558,1.387,1.298,1.287,1.365,1.325,1.379,1.437,1.490,1.535,1.662,1.726,1.412,1.602,1.867,2.006,2.225,2.373,2.493,2.606,2.723,2.846,2.974,2022.0,
311,ATG,PCPIPCH,Antigua and Barbuda,"Inflation, average consumer prices",Annual percentages of average consumer prices are year-on-year changes.,Percent change,Units,"See notes for:  Inflation, average consumer prices (Index).",18.999,11.465,4.170,2.346,3.844,0.996,0.500,3.602,6.800,4.362,6.591,4.518,3.000,3.100,6.485,2.737,2.965,0.362,3.262,1.135,-0.162,1.935,2.408,1.994,2.030,2.099,1.788,1.416,5.334,-0.550,3.370,3.457,3.377,1.059,1.089,0.969,-0.489,2.432,1.211,1.431,1.058,1.627,7.531,5.067,6.360,3.525,2.442,1.962,1.962,1.962,1.962,2023.0,
311,ATG,LP,Antigua and Barbuda,Population,"For census purposes, the total population of the country consists of all persons falling within the scope of the census. In the broadest sense, the total may comprise either all usual residents of the country or all persons present in the country at the time of the census. [Principles and Recommendations for Population and Housing Censuses, Revision 1, paragraph 2.42]",Persons,Millions,Source: Central Bank. Central Bank (ECCB) Latest actual data: 2022 Primary domestic currency: Eastern Caribbean dollar Data last updated: 02/21/2025,0.068,0.068,0.067,0.066,0.065,0.064,0.063,0.062,0.061,0.060,0.060,0.061,0.062,0.063,0.065,0.067,0.068,0.070,0.072,0.074,0.076,0.077,0.078,0.078,0.079,0.080,0.081,0.082,0.083,0.084,0.085,0.086,0.087,0.088,0.089,0.091,0.092,0.094,0.095,0.096,0.098,0.099,0.101,0.102,0.104,0.105,0.106,0.108,0.109,0.110,0.112,2022.0,
213,ARG,NGDP_R,Argentina,"Gross domestic product, constant prices","Expressed in billions of national currency units; the base year is country-specific. Expenditure-based GDP is total final expenditures at purchasers' prices (including the f.o.b. value of exports of goods and services), less the f.o.b. value of imports of goods and services. [SNA 1993]",National currency,Billions,Source: National Statistics Office Latest actual data: 2024 National accounts manual used: System of National Accounts (SNA) 2008 GDP valuation: Market prices Reporting in calendar year: Yes Start/end months of reporting year: January/December Base year: 2004 Chain-weighted: No Primary domestic currency: Argentine peso Data last updated: 04/08/2025,357.389,336.861,326.255,338.435,345.205,321.209,344.161,352.864,345.959,321.719,317.415,350.738,386.861,411.044,435.006,422.630,445.987,482.160,500.725,483.773,479.956,458.795,408.812,445.423,485.115,528.056,570.549,621.943,647.176,608.873,670.524,710.782,703.486,720.407,702.306,721.487,706.478,726.390,707.377,693.224,624.591,689.810,726.162,714.464,702.181,740.817,774.306,804.968,831.049,857.051,882.531,2024.0,
213,ARG,NGDPD,Argentina,"Gross domestic product, current prices","Values are based upon GDP in national currency converted to U.S. dollars using market exchange rates (yearly average). Exchange rate projections are provided by country economists for the group of other emerging market and developing countries. Exchanges rates for advanced economies are established in the WEO assumptions for each WEO exercise. Expenditure-based GDP is total final expenditures at purchasers' prices (including the f.o.b. value of exports of goods and services), less the f.o.b. value of imports of goods and services. [SNA 1993]",U.S. dollars,Billions,"See notes for:  Gross domestic product, current prices (National currency).",233.696,189.802,94.250,116.267,130.544,98.599,118.565,121.561,142.386,91.352,158.024,211.979,255.787,264.429,287.835,288.497,304.282,327.436,334.244,316.998,317.759,300.421,112.458,142.431,164.911,199.273,232.892,287.921,363.545,334.633,424.729,527.644,579.666,611.471,563.614,642.464,556.774,643.861,524.431,446.762,385.218,486.040,632.318,645.511,632.145,683.533,715.376,715.766,712.668,738.395,776.815,2024.0,
213,ARG,PCPIPCH,Argentina,"Inflation, average consumer prices",Annual percentages of average consumer prices are year-on-year changes.,Percent change,Units,"See notes for:  Inflation, average consumer prices (Index).",,,,,,,,,,,,,,,,,,,0.925,-1.167,-0.939,-1.065,25.869,13.443,4.416,9.642,10.898,8.830,8.585,6.270,10.461,9.775,10.043,10.619,,,,25.675,34.277,53.548,42.015,48.409,72.431,133.489,219.885,35.910,14.542,9.437,7.454,7.500,7.500,2024.0,
213,ARG,LP,Argentina,Population,"For census purposes, the total population of the country consists of all persons falling within the scope of the census. In the broadest sense, the total may comprise either all usual residents of the country or all persons present in the country at the time of the census. [Principles and Recommendations for Population and Housing Censuses, Revision 1, paragraph 2.42]",Persons,Millions,Source: National Statistics Office Latest actual data: 2010 Notes: Based on the National Census of 2010 Primary domestic currency: Argentine peso Data last updated: 04/08/2025,27.950,28.450,28.930,29.340,29.840,30.350,30.740,31.090,31.470,31.860,32.530,32.970,33.420,33.917,34.353,34.779,35.196,35.604,36.005,36.399,36.784,37.156,37.516,37.870,38.226,38.592,38.971,39.356,39.746,40.134,40.788,41.261,41.733,42.203,42.670,43.132,43.590,44.045,44.495,44.939,45.377,45.809,46.235,46.655,47.121,47.592,48.068,48.549,49.034,49.525,50.020,2010.0,
911,ARM,NGDP_R,Armenia,"Gross domestic product, constant prices","Expressed in billions of national currency units; the base year is country-specific. Expenditure-based GDP is total final expenditures at purchasers' prices (including the f.o.b. value of exports of goods and services), less the f.o.b. value of imports of goods and services. [SNA 1993]",National currency,Billions,Source: National Statistics Office Latest actual data: 2022 National accounts manual used: System of National Accounts (SNA) 2008 GDP valuation: Market prices Reporting in calendar year: Yes Start/end months of reporting year: January/December Base year: 2005 Chain-weighted: No Primary domestic currency: Armenian dram Data last updated: 04/08/2025,,,,,,,,,,,,,"1,005.093",863.837,910.484,983.622,"1,034.468","1,069.509","1,136.579","1,172.611","1,241.239","1,358.760","1,559.952","1,779.159","1,965.485","2,242.881","2,538.896","2,887.974","3,088.621","2,651.584","2,709.916","2,837.273","3,039.694","3,143.407","3,256.776","3,362.748","3,369.306","3,622.609","3,811.884","4,102.782","3,811.286","4,031.183","4,537.858","4,915.249","5,207.245","5,441.835","5,686.717","5,942.620","6,210.037","6,489.489","6,781.516",2022.0,
911,ARM,NGDPD,Armenia,"Gross domestic product, current prices","Values are based upon GDP in national currency converted to U.S. dollars using market exchange rates (yearly average). Exchange rate projections are provided by country economists for the group of other emerging market and developing countries. Exchanges rates for advanced economies are established in the WEO assumptions for each WEO exercise. Expenditure-based GDP is total final expenditures at purchasers' prices (including the f.o.b. value of exports of goods and services), less the f.o.b. value of imports of goods and services. [SNA 1993]",U.S. dollars,Billions,"See notes for:  Gross domestic product, current prices (National currency).",,,,,,,,,,,,,0.108,0.835,0.648,1.287,1.597,1.639,1.892,1.845,1.912,2.118,2.376,2.807,3.577,4.900,6.384,9.206,11.662,8.648,9.260,10.142,10.619,11.121,11.610,10.553,10.546,11.527,12.458,13.619,12.642,13.879,19.514,24.086,25.533,26.258,26.681,27.893,29.523,31.388,33.319,2022.0,
911,ARM,PCPIPCH,Armenia,"Inflation, average consumer prices",Annual percentages of average consumer prices are year-on-year changes.,Percent change,Units,"See notes for:  Inflation, average consumer prices (Index).",,,,,,,,,,,,,,"3,731.800","5,273.449",176.743,18.653,14.034,8.687,0.723,-0.774,3.160,1.038,4.682,6.889,0.569,2.899,4.409,9.115,3.516,8.152,7.494,2.492,5.714,3.020,3.696,-1.424,0.939,2.514,1.510,1.199,7.206,8.663,1.959,0.272,3.211,3.000,3.000,3.000,3.000,3.000,2022.0,
911,ARM,LP,Armenia,Population,"For census purposes, the total population of the country consists of all persons falling within the scope of the census. In the broadest sense, the total may comprise either all usual residents of the country or all persons present in the country at the time of the census. [Principles and Recommendations for Population and Housing Censuses, Revision 1, paragraph 2.42]",Persons,Millions,Source: National Statistics Office Latest actual data: 2020 Primary domestic currency: Armenian dram Data last updated: 04/08/2025,,,,,,,,,,,,,3.450,3.370,3.290,3.220,3.170,3.140,3.110,3.090,3.080,3.060,3.050,3.040,3.030,3.010,3.000,2.990,2.980,2.970,2.966,2.968,2.970,2.980,2.985,2.990,2.993,2.979,2.969,2.963,2.962,2.962,2.930,2.964,2.964,2.965,2.965,2.965,2.965,2.966,2.966,2020.0,
314,ABW,NGDP_R,Aruba,"Gross domestic product, constant prices","Expressed in billions of national currency units; the base year is country-specific. Expenditure-based GDP is total final expenditures at purchasers' prices (including the f.o.b. value of exports of goods and services), less the f.o.b. value of imports of goods and services. [SNA 1993]",National currency,Billions,"Source: National Statistics Office Latest actual data: 2023. The Central Bureau of Statistics (CBS) has compiled GDP at current prices by the production and expenditure approaches for 2009-2020. Total GDP at constant prices has been estimated and disseminated by the Central Bank of Aruba up to 2023. In 2025, the CB National accounts manual used: System of National Accounts (SNA) 1993 GDP valuation: Market prices Reporting in calendar year: Yes Start/end months of reporting year: January/December Base year: 2013 Chain-weighted: Yes, from 2000 Primary domestic currency: Aruban Florin Data last updated: 04/02/2025",,,,,,,1.674,1.943,2.305,2.584,2.686,2.901,3.071,3.295,3.566,3.655,3.701,3.960,4.039,4.095,4.409,4.594,4.550,4.601,4.936,4.917,4.973,5.127,5.221,4.611,4.485,4.636,4.588,4.883,4.805,4.775,4.858,5.200,5.324,5.206,3.841,4.768,5.174,5.395,5.745,5.871,6.023,6.173,6.271,6.353,6.435,2023.0,
314,ABW,NGDPD,Aruba,"Gross domestic product, current prices","Values are based upon GDP in national currency converted to U.S. dollars using market exchange rates (yearly average). Exchange rate projections are provided by country economists for the group of other emerging market and developing countries. Exchanges rates for advanced economies are established in the WEO assumptions for each WEO exercise. Expenditure-based GDP is total final expenditures at purchasers' prices (including the f.o.b. value of exports of goods and services), less the f.o.b. value of imports of goods and services. [SNA 1993]",U.S. dollars,Billions,"See notes for:  Gross domestic product, current prices (National currency).",,,,,,,,,,,,,,,,1.321,1.380,1.532,1.665,1.723,1.873,1.896,1.962,2.044,2.255,2.360,2.470,2.678,2.843,2.554,2.454,2.638,2.615,2.728,2.791,2.963,2.984,3.092,3.276,3.341,2.486,2.929,3.279,3.649,3.952,4.100,4.286,4.481,4.643,4.797,4.957,2023.0,
314,ABW,PCPIPCH,Aruba,"Inflation, average consumer prices",Annual percentages of average consumer prices are year-on-year changes.,Percent change,Units,"See notes for:  Inflation, average consumer prices (Index).",,,,,,,,3.639,3.121,3.989,5.838,5.553,3.870,5.219,6.284,3.413,3.169,3.006,1.865,2.274,4.074,2.884,3.316,3.655,2.530,3.397,3.610,5.389,8.960,-2.137,2.078,4.375,0.571,-2.372,0.423,0.473,-0.929,-1.028,3.625,3.938,-1.312,0.744,5.522,3.363,1.712,1.515,1.908,2.000,2.000,2.000,2.000,2024.0,
314,ABW,LP,Aruba,Population,"For census purposes, the total population of the country consists of all persons falling within the scope of the census. In the broadest sense, the total may comprise either all usual residents of the country or all persons present in the country at the time of the census. [Principles and Recommendations for Population and Housing Censuses, Revision 1, paragraph 2.42]",Persons,Millions,Source: National Statistics Office Latest actual data: 2023 Primary domestic currency: Aruban Florin Data last updated: 04/02/2025,,,,,,,0.081,0.085,0.088,0.089,0.090,0.091,0.092,0.092,0.094,0.096,0.099,0.100,0.100,0.101,0.102,0.102,0.103,0.105,0.106,0.107,0.109,0.109,0.109,0.109,0.109,0.108,0.107,0.107,0.108,0.108,0.108,0.108,0.108,0.108,0.109,0.109,0.109,0.109,0.109,0.109,0.108,0.108,0.108,0.108,0.108,2023.0,
193,AUS,NGDP_R,Australia,"Gross domestic product, constant prices","Expressed in billions of national currency units; the base year is country-specific. Expenditure-based GDP is total final expenditures at purchasers' prices (including the f.o.b. value of exports of goods and services), less the f.o.b. value of imports of goods and services. [SNA 1993]",National currency,Billions,"Source: National Statistics Office. Australian Bureau of Statistics (via Haver Analytics) Latest actual data: 2024. Data refer to calendar years National accounts manual used: System of National Accounts (SNA) 2008 GDP valuation: Market prices Reporting in calendar year: Yes. Annual CY data are reconstructed from quarterly data Start/end months of reporting year: January/December Base year: 2022. The base period is 2022Q3-2023Q2 Chain-weighted: Yes, from before 1980. Annually-reweighted Primary domestic currency: Australian dollar Data last updated: 04/10/2025",713.275,742.713,743.179,739.659,786.598,829.518,849.825,891.404,929.318,972.376,986.901,977.211,"1,002.533","1,041.842","1,092.628","1,124.872","1,169.560","1,224.680","1,281.889","1,338.764","1,380.251","1,416.147","1,475.047","1,519.528","1,582.030","1,629.954","1,672.660","1,745.241","1,790.517","1,825.693","1,869.858","1,921.941","1,994.764","2,039.027","2,091.528","2,140.476","2,198.144","2,250.465","2,313.275","2,358.070","2,311.974","2,437.087","2,538.031","2,590.206","2,617.099","2,659.868","2,715.141","2,777.494","2,842.123","2,907.289","2,973.347",2024.0,
193,AUS,NGDPD,Australia,"Gross domestic product, current prices","Values are based upon GDP in national currency converted to U.S. dollars using market exchange rates (yearly average). Exchange rate projections are provided by country economists for the group of other emerging market and developing countries. Exchanges rates for advanced economies are established in the WEO assumptions for each WEO exercise. Expenditure-based GDP is total final expenditures at purchasers' prices (including the f.o.b. value of exports of goods and services), less the f.o.b. value of imports of goods and services. [SNA 1993]",U.S. dollars,Billions,"See notes for:  Gross domestic product, current prices (National currency).",162.924,188.410,187.049,179.478,197.136,174.385,181.477,213.100,271.088,308.402,324.128,324.436,318.005,309.303,353.372,379.227,424.663,426.401,381.498,411.968,400.278,378.114,425.516,541.155,658.742,736.505,783.447,950.093,"1,056.559","1,000.828","1,254.623","1,515.507","1,570.139","1,519.900","1,456.939","1,233.921","1,262.655","1,381.110","1,417.162","1,386.277","1,362.613","1,655.843","1,725.461","1,742.461","1,796.805","1,771.681","1,841.002","1,914.821","1,995.441","2,083.608","2,181.788",2024.0,
193,AUS,PCPIPCH,Australia,"Inflation, average consumer prices",Annual percentages of average consumer prices are year-on-year changes.,Percent change,Units,"See notes for:  Inflation, average consumer prices (Index).",10.136,9.488,11.352,10.039,3.960,6.735,9.050,8.533,7.270,7.580,7.233,3.307,0.969,1.752,1.927,4.626,2.653,0.225,0.859,1.408,4.457,4.407,3.049,2.731,2.342,2.659,3.554,2.356,4.348,1.770,2.863,3.356,1.686,2.450,2.513,1.485,1.277,1.995,1.933,1.566,0.869,2.842,6.615,5.616,3.198,2.550,3.530,2.648,2.549,2.526,2.498,2024.0,
193,AUS,LP,Australia,Population,"For census purposes, the total population of the country consists of all persons falling within the scope of the census. In the broadest sense, the total may comprise either all usual residents of the country or all persons present in the country at the time of the census. [Principles and Recommendations for Population and Housing Censuses, Revision 1, paragraph 2.42]",Persons,Millions,Source: National Statistics Office. Australian Bureau of Statistics (via Haver Analytics) Latest actual data: 2023 Primary domestic currency: Australian dollar Data last updated: 04/10/2025,14.802,15.039,15.289,15.483,15.677,15.901,16.139,16.395,16.687,16.937,17.170,17.379,17.557,17.719,17.893,18.120,18.330,18.510,18.706,18.919,19.141,19.386,19.605,19.827,20.046,20.312,20.628,21.016,21.476,21.866,22.172,22.522,22.928,23.298,23.640,23.985,24.385,24.759,25.146,25.520,25.631,25.771,26.313,26.951,27.122,27.448,27.777,28.111,28.448,28.789,29.135,2023.0,
122,AUT,NGDP_R,Austria,"Gross domestic product, constant prices","Expressed in billions of national currency units; the base year is country-specific. Expenditure-based GDP is total final expenditures at purchasers' prices (including the f.o.b. value of exports of goods and services), less the f.o.b. value of imports of goods and services. [SNA 1993]",National currency,Billions,"Source: National Statistics Office Latest actual data: 2024 National accounts manual used: European System of Accounts (ESA) 2010 GDP valuation: Market prices Reporting in calendar year: Yes Start/end months of reporting year: January/December Base year: 2020 Chain-weighted: Yes, from 1995 Primary domestic currency: Euro Data last updated: 04/11/2025",191.861,191.670,195.327,200.804,201.470,205.990,210.811,214.354,216.414,224.826,234.596,242.670,247.750,249.055,255.038,261.842,268.122,273.875,283.442,294.104,303.485,307.482,312.046,315.608,323.704,331.215,342.044,354.957,360.116,347.201,353.482,363.830,366.115,365.197,367.958,372.754,380.646,389.295,398.966,405.968,380.318,398.555,419.591,415.584,410.707,409.635,412.811,419.512,424.467,429.022,432.751,2024.0,
122,AUT,NGDPD,Austria,"Gross domestic product, current prices","Values are based upon GDP in national currency converted to U.S. dollars using market exchange rates (yearly average). Exchange rate projections are provided by country economists for the group of other emerging market and developing countries. Exchanges rates for advanced economies are established in the WEO assumptions for each WEO exercise. Expenditure-based GDP is total final expenditures at purchasers' prices (including the f.o.b. value of exports of goods and services), less the f.o.b. value of imports of goods and services. [SNA 1993]",U.S. dollars,Billions,"See notes for:  Gross domestic product, current prices (National currency).",80.481,69.738,69.727,70.644,66.640,68.248,96.842,121.104,132.860,132.534,165.953,173.481,194.436,189.342,202.854,239.914,236.044,211.978,217.363,216.637,196.268,196.479,212.687,260.714,299.075,314.126,333.924,386.806,429.187,398.857,390.146,428.879,407.008,426.587,438.669,379.584,393.579,414.780,452.787,443.033,434.050,480.786,472.339,512.509,521.269,534.301,551.918,572.442,591.248,609.827,628.259,2024.0,
122,AUT,PCPIPCH,Austria,"Inflation, average consumer prices",Annual percentages of average consumer prices are year-on-year changes.,Percent change,Units,"See notes for:  Inflation, average consumer prices (Index).",6.325,6.807,5.440,3.335,5.665,3.190,1.737,1.408,1.868,2.249,2.777,3.116,3.426,3.234,2.711,1.611,1.771,1.167,0.817,0.516,1.956,2.302,1.681,1.302,1.964,2.102,1.686,2.200,3.230,0.406,1.691,3.542,2.569,2.118,1.465,0.810,0.973,2.228,2.122,1.493,1.392,2.760,8.619,7.712,2.918,3.183,1.694,2.157,2.066,2.072,2.072,2024.0,
122,AUT,LP,Austria,Population,"For census purposes, the total population of the country consists of all persons falling within the scope of the census. In the broadest sense, the total may comprise either all usual residents of the country or all persons present in the country at the time of the census. [Principles and Recommendations for Population and Housing Censuses, Revision 1, paragraph 2.42]",Persons,Millions,Source: National Statistics Office. Note: mid-year population Latest actual data: 2024 Primary domestic currency: Euro Data last updated: 04/11/2025,7.540,7.556,7.565,7.543,7.544,7.549,7.557,7.567,7.576,7.594,7.645,7.711,7.799,7.883,7.929,7.948,7.959,7.968,7.977,7.992,8.012,8.042,8.082,8.118,8.169,8.225,8.268,8.295,8.322,8.341,8.361,8.389,8.426,8.477,8.544,8.630,8.740,8.815,8.885,8.859,8.901,8.932,8.978,9.105,9.159,9.182,9.205,9.228,9.254,9.279,9.305,2024.0,
912,AZE,NGDP_R,Azerbaijan,"Gross domestic product, constant prices","Expressed in billions of national currency units; the base year is country-specific. Expenditure-based GDP is total final expenditures at purchasers' prices (including the f.o.b. value of exports of goods and services), less the f.o.b. value of imports of goods and services. [SNA 1993]",National currency,Billions,"Source: National Statistics Office Latest actual data: 2024 Notes: Data prior to 2001 cannot be confirmed at this time. National accounts manual used: System of National Accounts (SNA) 1993 GDP valuation: Market prices Reporting in calendar year: Yes Start/end months of reporting year: January/December Base year: 2005 Chain-weighted: Yes, from 1994 Primary domestic currency: Azerbaijan manat Data last updated: 03/13/2025",,,,,,,,,,,,,9.384,7.217,5.797,5.042,5.169,5.629,5.967,6.647,7.061,7.518,8.228,9.068,9.907,12.523,16.839,21.049,23.315,25.474,26.748,26.775,27.365,28.964,29.765,30.087,29.165,29.210,29.639,30.374,29.099,30.733,32.182,32.618,33.955,35.150,36.028,36.885,37.763,38.688,39.648,2024.0,
912,AZE,NGDPD,Azerbaijan,"Gross domestic product, current prices","Values are based upon GDP in national currency converted to U.S. dollars using market exchange rates (yearly average). Exchange rate projections are provided by country economists for the group of other emerging market and developing countries. Exchanges rates for advanced economies are established in the WEO assumptions for each WEO exercise. Expenditure-based GDP is total final expenditures at purchasers' prices (including the f.o.b. value of exports of goods and services), less the f.o.b. value of imports of goods and services. [SNA 1993]",U.S. dollars,Billions,"See notes for:  Gross domestic product, current prices (National currency).",,,,,,,,,,,,,1.193,1.309,2.258,2.417,3.177,4.317,4.280,4.581,5.273,5.475,6.232,7.276,8.682,13.239,20.983,33.050,48.852,44.297,52.909,65.952,69.684,74.164,75.235,52.997,37.830,41.375,47.113,48.174,42.693,54.825,78.807,72.428,74.316,78.870,81.872,85.792,90.327,95.373,100.895,2024.0,
912,AZE,PCPIPCH,Azerbaijan,"Inflation, average consumer prices",Annual percentages of average consumer prices are year-on-year changes.,Percent change,Units,"See notes for:  Inflation, average consumer prices (Index).",,,,,,,,,,,,,,"1,129.700","1,664.000",411.760,19.795,3.674,-0.773,-8.525,1.805,1.768,2.758,2.121,6.709,9.577,8.300,16.713,20.807,1.460,5.725,7.875,1.075,2.408,1.367,4.040,12.448,12.937,2.262,2.595,2.763,6.664,13.859,8.813,2.200,5.700,4.500,4.000,4.000,4.000,4.000,2024.0,
912,AZE,LP,Azerbaijan,Population,"For census purposes, the total population of the country consists of all persons falling within the scope of the census. In the broadest sense, the total may comprise either all usual residents of the country or all persons present in the country at the time of the census. [Principles and Recommendations for Population and Housing Censuses, Revision 1, paragraph 2.42]",Persons,Millions,Source: National Statistics Office Latest actual data: 2023 Notes: Data prior to 2005 cannot be confirmed at this time. Primary domestic currency: Azerbaijan manat Data last updated: 03/13/2025,,,,,,,,,,,,,7.459,7.487,7.597,7.644,7.726,7.800,7.877,7.953,8.033,8.114,8.191,8.269,8.349,8.447,8.553,8.666,8.779,8.922,8.997,9.111,9.235,9.356,9.477,9.593,9.705,9.810,9.898,9.951,9.974,10.026,10.063,10.127,10.249,10.372,10.496,10.622,10.749,10.878,11.009,2023.0,
313,BHS,NGDP_R,The Bahamas,"Gross domestic product, constant prices","Expressed in billions of national currency units; the base year is country-specific. Expenditure-based GDP is total final expenditures at purchasers' prices (including the f.o.b. value of exports of goods and services), less the f.o.b. value of imports of goods and services. [SNA 1993]",National currency,Billions,Source: National Statistics Office Latest actual data: 2023 Notes: Real GDP by Expenditure (components government consumption and export of G&S): Data for components Government final consumption expenditure and Export of G&S before 2012 are based on growth rates from 2018 National Accounts release. National accounts manual used: System of National Accounts (SNA) 1993 GDP valuation: Market prices Reporting in calendar year: Yes Start/end months of reporting year: January/December Base year: 2018 Chain-weighted: No Primary domestic currency: Bahamian dollar Data last updated: 03/14/2025,6.459,6.272,6.667,7.121,7.291,7.590,7.788,8.076,8.258,8.448,8.537,8.180,7.867,7.891,8.140,8.496,8.855,9.293,9.731,10.426,10.859,11.144,11.445,11.301,11.400,11.787,12.084,12.259,11.974,11.474,11.651,11.722,12.084,11.738,11.955,12.074,11.958,12.293,12.616,12.445,9.779,11.285,12.501,12.831,13.088,13.324,13.550,13.767,13.980,14.190,14.403,2023.0,
313,BHS,NGDPD,The Bahamas,"Gross domestic product, current prices","Values are based upon GDP in national currency converted to U.S. dollars using market exchange rates (yearly average). Exchange rate projections are provided by country economists for the group of other emerging market and developing countries. Exchanges rates for advanced economies are established in the WEO assumptions for each WEO exercise. Expenditure-based GDP is total final expenditures at purchasers' prices (including the f.o.b. value of exports of goods and services), less the f.o.b. value of imports of goods and services. [SNA 1993]",U.S. dollars,Billions,"See notes for:  Gross domestic product, current prices (National currency).",2.598,2.692,3.031,3.373,3.603,3.923,4.241,4.669,4.855,5.473,5.218,5.128,5.125,5.097,5.372,5.653,5.950,6.332,6.833,7.684,8.076,8.318,8.881,8.870,9.055,9.836,10.167,10.618,10.526,9.982,10.096,10.070,10.720,10.396,10.974,11.672,11.745,12.237,12.616,13.016,9.958,11.369,13.136,14.338,14.761,15.178,15.636,16.153,16.703,17.280,17.887,2023.0,
313,BHS,PCPIPCH,The Bahamas,"Inflation, average consumer prices",Annual percentages of average consumer prices are year-on-year changes.,Percent change,Units,"See notes for:  Inflation, average consumer prices (Index).",12.231,11.046,6.101,4.000,3.966,4.624,5.414,5.994,4.051,5.405,4.628,7.304,5.577,2.748,1.367,2.023,1.262,0.561,1.207,1.119,1.732,2.362,1.498,3.657,1.160,1.819,1.958,2.407,4.434,1.666,1.621,3.064,1.912,0.445,1.183,1.878,-0.330,1.500,2.268,2.491,0.039,2.905,5.605,3.059,0.413,0.896,1.261,1.783,1.884,1.959,1.953,2023.0,
313,BHS,LP,The Bahamas,Population,"For census purposes, the total population of the country consists of all persons falling within the scope of the census. In the broadest sense, the total may comprise either all usual residents of the country or all persons present in the country at the time of the census. [Principles and Recommendations for Population and Housing Censuses, Revision 1, paragraph 2.42]",Persons,Millions,Source: National Statistics Office Latest actual data: 2020 Primary domestic currency: Bahamian dollar Data last updated: 03/14/2025,0.211,0.215,0.220,0.225,0.230,0.234,0.238,0.242,0.247,0.251,0.255,0.259,0.264,0.269,0.273,0.279,0.284,0.288,0.293,0.298,0.304,0.308,0.313,0.318,0.323,0.328,0.332,0.337,0.342,0.347,0.351,0.355,0.359,0.362,0.366,0.370,0.373,0.377,0.381,0.385,0.389,0.394,0.399,0.404,0.408,0.413,0.417,0.421,0.425,0.429,0.434,2020.0,
419,BHR,NGDP_R,Bahrain,"Gross domestic product, constant prices","Expressed in billions of national currency units; the base year is country-specific. Expenditure-based GDP is total final expenditures at purchasers' prices (including the f.o.b. value of exports of goods and services), less the f.o.b. value of imports of goods and services. [SNA 1993]",National currency,Billions,Source: National Statistics Office. Prior to 1990 data are IMF staff estimates Latest actual data: 2023 National accounts manual used: System of National Accounts (SNA) 2008 GDP valuation: Market prices Reporting in calendar year: Yes Start/end months of reporting year: January/December Base year: 2010 Chain-weighted: No Primary domestic currency: Bahrain dinar Data last updated: 04/09/2025,2.890,2.970,3.160,3.381,3.523,3.490,3.507,3.464,3.670,3.707,3.837,3.925,4.204,4.524,4.669,4.759,4.914,5.029,5.273,5.588,5.980,6.129,6.334,6.733,7.203,7.691,8.188,8.867,9.421,9.660,10.079,10.273,10.664,11.228,11.712,12.006,12.464,13.082,13.350,13.624,12.819,13.376,14.203,14.754,15.163,15.581,16.047,16.536,17.030,17.553,18.106,2023.0,
419,BHR,NGDPD,Bahrain,"Gross domestic product, current prices","Values are based upon GDP in national currency converted to U.S. dollars using market exchange rates (yearly average). Exchange rate projections are provided by country economists for the group of other emerging market and developing countries. Exchanges rates for advanced economies are established in the WEO assumptions for each WEO exercise. Expenditure-based GDP is total final expenditures at purchasers' prices (including the f.o.b. value of exports of goods and services), less the f.o.b. value of imports of goods and services. [SNA 1993]",U.S. dollars,Billions,"See notes for:  Gross domestic product, current prices (National currency).",3.745,4.228,4.445,4.554,4.727,4.460,3.490,3.780,4.672,4.873,5.176,5.430,5.673,6.241,6.683,7.075,7.357,7.629,7.293,7.905,9.448,9.579,10.001,11.546,13.709,16.647,19.291,22.653,26.803,23.913,26.806,29.915,31.963,33.823,34.773,32.523,33.885,37.205,39.568,40.447,35.838,40.840,46.458,46.192,46.943,47.829,49.628,52.050,54.672,57.428,60.365,2023.0,
419,BHR,PCPIPCH,Bahrain,"Inflation, average consumer prices",Annual percentages of average consumer prices are year-on-year changes.,Percent change,Units,"See notes for:  Inflation, average consumer prices (Index).",3.800,11.400,8.700,3.200,0.000,-2.400,-2.500,-1.700,0.200,1.200,1.299,0.899,-0.302,2.599,3.999,3.139,-0.185,4.602,-0.418,-1.259,-0.730,-1.175,-0.496,1.679,2.248,2.618,2.041,3.252,3.533,2.785,1.962,-0.336,2.756,3.302,2.646,1.849,2.789,1.386,2.091,1.007,-2.325,-0.611,3.635,0.075,0.920,1.000,1.500,1.900,2.034,2.034,2.034,2024.0,
419,BHR,LP,Bahrain,Population,"For census purposes, the total population of the country consists of all persons falling within the scope of the census. In the broadest sense, the total may comprise either all usual residents of the country or all persons present in the country at the time of the census. [Principles and Recommendations for Population and Housing Censuses, Revision 1, paragraph 2.42]",Persons,Millions,"Source: National Statistics Office. For data prior to 1990, the source is IFS - International Financial Statistics Latest actual data: 2023 Primary domestic currency: Bahrain dinar Data last updated: 04/09/2025",0.353,0.367,0.380,0.393,0.406,0.420,0.435,0.450,0.467,0.484,0.488,0.508,0.516,0.530,0.544,0.559,0.574,0.589,0.605,0.621,0.638,0.661,0.711,0.765,0.824,0.889,0.960,1.039,1.107,1.178,1.235,1.195,1.209,1.253,1.315,1.370,1.424,1.501,1.503,1.484,1.472,1.505,1.529,1.577,1.617,1.657,1.699,1.742,1.786,1.831,1.877,2023.0,
513,BGD,NGDP_R,Bangladesh,"Gross domestic product, constant prices","Expressed in billions of national currency units; the base year is country-specific. Expenditure-based GDP is total final expenditures at purchasers' prices (including the f.o.b. value of exports of goods and services), less the f.o.b. value of imports of goods and services. [SNA 1993]",National currency,Billions,Source: National Statistics Office. Bangladesh Bureau of Statistics Latest actual data: FY2023/24. FY2024 National accounts manual used: System of National Accounts (SNA) 2008 GDP valuation: Market prices Reporting in calendar year: No. Fiscal year data are mapped to calendar year as follows: FY(t-1/t) = CY(t) Start/end months of reporting year: July/June. Authorities report July/June Base year: FY2015/16. The base year is in fiscal year Chain-weighted: No Primary domestic currency: Bangladesh taka Data last updated: 04/09/2025,"3,662.163","3,801.398","3,891.737","4,048.033","4,257.748","4,394.987","4,581.712","4,752.713","4,855.334","4,982.172","5,278.177","5,454.418","5,729.316","5,991.372","6,236.101","6,543.227","6,845.660","7,153.020","7,523.334","7,874.688","8,291.521","8,712.498","9,046.464","9,475.227","9,971.683","10,623.427","11,332.215","12,132.105","12,861.700","13,510.591","14,263.375","15,185.413","16,175.725","17,148.463","18,187.855","19,379.632","20,758.210","22,126.230","23,745.740","25,617.349","26,500.650","28,339.444","30,351.500","32,104.329","33,460.178","34,718.281","36,985.384","39,123.140","41,517.476","44,643.742","47,599.157",2024.0,
513,BGD,NGDPD,Bangladesh,"Gross domestic product, current prices","Values are based upon GDP in national currency converted to U.S. dollars using market exchange rates (yearly average). Exchange rate projections are provided by country economists for the group of other emerging market and developing countries. Exchanges rates for advanced economies are established in the WEO assumptions for each WEO exercise. Expenditure-based GDP is total final expenditures at purchasers' prices (including the f.o.b. value of exports of goods and services), less the f.o.b. value of imports of goods and services. [SNA 1993]",U.S. dollars,Billions,"See notes for:  Gross domestic product, current prices (National currency).",24.775,26.355,24.678,23.904,26.817,28.819,29.639,32.449,34.914,38.070,41.068,42.488,43.292,43.684,46.438,51.842,55.445,57.599,59.879,61.526,61.687,62.537,65.036,71.755,77.152,79.530,86.028,95.374,109.765,122.760,138.094,154.097,159.749,179.676,207.102,233.687,265.236,293.755,321.379,351.238,373.902,416.265,460.201,451.534,451.096,467.218,513.121,557.136,606.807,672.750,740.875,2024.0,
513,BGD,PCPIPCH,Bangladesh,"Inflation, average consumer prices",Annual percentages of average consumer prices are year-on-year changes.,Percent change,Units,"See notes for:  Inflation, average consumer prices (Index).",7.692,14.935,13.653,11.102,9.993,10.441,10.313,10.518,10.222,9.182,9.665,9.348,5.862,3.296,4.588,8.857,6.838,2.661,6.657,8.904,3.623,1.812,2.407,3.881,8.139,6.486,7.163,7.205,9.937,6.655,7.316,8.787,8.889,6.777,7.349,6.405,5.916,5.440,5.783,5.475,5.648,5.558,6.150,9.016,9.730,9.980,5.180,4.820,5.240,5.580,5.630,2024.0,
513,BGD,LP,Bangladesh,Population,"For census purposes, the total population of the country consists of all persons falling within the scope of the census. In the broadest sense, the total may comprise either all usual residents of the country or all persons present in the country at the time of the census. [Principles and Recommendations for Population and Housing Censuses, Revision 1, paragraph 2.42]",Persons,Millions,Source: International Financial Institution Latest actual data: 2022 Primary domestic currency: Bangladesh taka Data last updated: 04/09/2025,79.639,81.768,83.932,86.142,88.417,90.764,93.188,95.671,98.186,100.695,103.172,105.599,107.984,110.351,112.738,115.170,117.650,120.161,122.683,125.190,127.658,130.089,132.478,134.792,136.986,139.036,140.921,142.660,144.304,145.925,147.575,149.274,151.008,152.765,154.520,156.256,157.971,159.671,161.356,163.046,164.689,166.657,168.520,170.279,172.019,173.736,175.423,177.070,178.681,180.245,181.767,2022.0,
316,BRB,NGDP_R,Barbados,"Gross domestic product, constant prices","Expressed in billions of national currency units; the base year is country-specific. Expenditure-based GDP is total final expenditures at purchasers' prices (including the f.o.b. value of exports of goods and services), less the f.o.b. value of imports of goods and services. [SNA 1993]",National currency,Billions,Source: National Statistics Office. The National Statistics Office is the primary source of National Accounts Data. Partial data is published on the central bank website. Expenditure side not available. Latest actual data: 2023 National accounts manual used: System of National Accounts (SNA) 2008 GDP valuation: Factor costs Reporting in calendar year: Yes Start/end months of reporting year: January/December Base year: 2016. The Barbados Statistical Services (BSS) began compiling constant price GDP by industry using 2016 as base year. Chain-weighted: No Primary domestic currency: Barbados dollar Data last updated: 03/28/2025,8.129,7.975,7.584,7.622,7.896,7.983,8.390,8.608,8.910,9.230,8.926,8.578,8.089,8.154,8.317,8.485,8.821,9.240,9.585,9.616,10.045,9.807,9.884,10.099,10.241,10.647,11.251,11.504,11.585,11.025,10.779,10.708,10.661,10.547,10.563,10.474,10.662,10.675,10.550,10.619,9.020,8.997,10.602,11.036,11.477,11.821,12.093,12.335,12.582,12.833,13.090,2023.0,
316,BRB,NGDPD,Barbados,"Gross domestic product, current prices","Values are based upon GDP in national currency converted to U.S. dollars using market exchange rates (yearly average). Exchange rate projections are provided by country economists for the group of other emerging market and developing countries. Exchanges rates for advanced economies are established in the WEO assumptions for each WEO exercise. Expenditure-based GDP is total final expenditures at purchasers' prices (including the f.o.b. value of exports of goods and services), less the f.o.b. value of imports of goods and services. [SNA 1993]",U.S. dollars,Billions,"See notes for:  Gross domestic product, current prices (National currency).",1.048,1.154,1.205,1.280,1.395,1.460,1.603,1.765,1.877,2.077,2.084,2.092,2.015,2.136,2.227,2.348,2.515,2.667,3.057,3.210,3.312,3.306,3.364,3.479,3.754,4.213,4.702,5.273,5.401,5.064,5.138,5.302,5.233,5.338,5.366,5.288,5.331,5.517,5.630,5.788,5.168,5.275,6.257,6.721,7.167,7.552,7.942,8.341,8.755,9.190,9.645,2023.0,
316,BRB,PCPIPCH,Barbados,"Inflation, average consumer prices",Annual percentages of average consumer prices are year-on-year changes.,Percent change,Units,"See notes for:  Inflation, average consumer prices (Index).",18.498,14.589,10.287,5.275,4.648,4.858,0.199,3.567,4.719,6.334,3.036,6.300,5.996,1.184,0.700,2.838,2.386,7.711,-1.269,1.560,2.436,2.801,0.183,1.558,1.430,6.057,7.321,4.031,8.108,3.645,5.824,9.432,4.533,1.818,1.766,-1.113,1.511,4.424,3.015,1.690,0.647,1.426,4.474,3.187,1.416,2.011,2.415,2.427,2.427,2.420,2.415,2023.0,
316,BRB,LP,Barbados,Population,"For census purposes, the total population of the country consists of all persons falling within the scope of the census. In the broadest sense, the total may comprise either all usual residents of the country or all persons present in the country at the time of the census. [Principles and Recommendations for Population and Housing Censuses, Revision 1, paragraph 2.42]",Persons,Millions,Source: National Statistics Office Latest actual data: 2020 Primary domestic currency: Barbados dollar Data last updated: 03/28/2025,0.252,0.253,0.254,0.255,0.255,0.256,0.257,0.258,0.259,0.259,0.260,0.261,0.262,0.263,0.264,0.265,0.266,0.267,0.268,0.269,0.270,0.271,0.271,0.272,0.273,0.274,0.275,0.276,0.277,0.278,0.280,0.281,0.282,0.283,0.283,0.284,0.285,0.286,0.286,0.287,0.288,0.289,0.289,0.290,0.291,0.292,0.292,0.293,0.294,0.295,0.295,2020.0,
913,BLR,NGDP_R,Belarus,"Gross domestic product, constant prices","Expressed in billions of national currency units; the base year is country-specific. Expenditure-based GDP is total final expenditures at purchasers' prices (including the f.o.b. value of exports of goods and services), less the f.o.b. value of imports of goods and services. [SNA 1993]",National currency,Billions,"Source: National Statistics Office. Formally, the National Statistical Committee of the Republic of Belarus Latest actual data: 2023 Notes: The national accounts have been updated from 2014 onwards. Prior to 2014 the data are adjusted to produce smooth series with the use of a splicing technique. These estimates continue to serve as proxies for historical series when complete information is u National accounts manual used: System of National Accounts (SNA) 2008 GDP valuation: Market prices Reporting in calendar year: Yes Start/end months of reporting year: January/December Base year: 2022 Chain-weighted: Yes, from 2005 Primary domestic currency: Belarusian ruble Data last updated: 03/11/2025",,,,,,,,,,,,,89.135,82.361,72.724,64.663,66.458,74.057,80.309,83.002,87.783,91.939,96.590,103.402,115.242,126.144,138.760,150.722,166.113,166.397,179.450,188.828,191.854,193.636,198.570,190.966,186.141,190.855,196.865,199.713,198.369,202.879,193.741,201.736,209.805,215.591,219.868,222.879,224.978,226.855,228.722,2023.0,
913,BLR,NGDPD,Belarus,"Gross domestic product, current prices","Values are based upon GDP in national currency converted to U.S. dollars using market exchange rates (yearly average). Exchange rate projections are provided by country economists for the group of other emerging market and developing countries. Exchanges rates for advanced economies are established in the WEO assumptions for each WEO exercise. Expenditure-based GDP is total final expenditures at purchasers' prices (including the f.o.b. value of exports of goods and services), less the f.o.b. value of imports of goods and services. [SNA 1993]",U.S. dollars,Billions,"See notes for:  Gross domestic product, current prices (National currency).",,,,,,,,,,,,,12.800,11.408,15.687,10.532,14.494,14.091,15.215,12.133,10.785,12.778,15.092,18.420,23.928,31.239,38.219,46.815,62.798,50.855,57.220,61.368,65.669,75.496,78.736,56.329,47.703,54.723,60.011,64.414,61.312,68.207,73.735,71.792,71.180,71.561,74.691,77.757,81.144,84.515,87.879,2023.0,
913,BLR,PCPIPCH,Belarus,"Inflation, average consumer prices",Annual percentages of average consumer prices are year-on-year changes.,Percent change,Units,"See notes for:  Inflation, average consumer prices (Index).",,,,,,,,,,,,,,"1,190.316","2,220.897",709.297,52.688,63.820,73.018,293.733,168.601,61.133,42.568,28.398,18.094,10.336,6.992,8.429,14.828,12.950,7.743,53.228,59.218,18.303,18.107,13.523,11.829,6.032,4.867,5.600,5.536,9.453,15.239,5.017,5.750,5.463,5.769,5.654,5.261,5.104,4.948,2023.0,
913,BLR,LP,Belarus,Population,"For census purposes, the total population of the country consists of all persons falling within the scope of the census. In the broadest sense, the total may comprise either all usual residents of the country or all persons present in the country at the time of the census. [Principles and Recommendations for Population and Housing Censuses, Revision 1, paragraph 2.42]",Persons,Millions,"Source: National Statistics Office. Formally, the National Statistical Committee of the Republic of Belarus Latest actual data: 2023 Primary domestic currency: Belarusian ruble Data last updated: 03/11/2025",,,,,,,,,,,,,10.217,10.240,10.228,10.177,10.142,10.093,10.045,10.019,9.990,9.929,9.866,9.797,9.730,9.664,9.605,9.561,9.528,9.505,9.484,9.462,9.447,9.443,9.449,9.461,9.469,9.459,9.439,9.420,9.380,9.303,9.228,9.178,9.132,9.087,9.041,8.996,8.951,8.906,8.862,2023.0,
124,BEL,NGDP_R,Belgium,"Gross domestic product, constant prices","Expressed in billions of national currency units; the base year is country-specific. Expenditure-based GDP is total final expenditures at purchasers' prices (including the f.o.b. value of exports of goods and services), less the f.o.b. value of imports of goods and services. [SNA 1993]",National currency,Billions,"Source: Central Bank. Data before 1995 were spliced with older series. Data from 1995 reflect current official series, following benchmark national account revision 1995-2018 released in Sept 2019. Latest actual data: 2024 National accounts manual used: European System of Accounts (ESA) 2010 GDP valuation: Market prices Reporting in calendar year: Yes Start/end months of reporting year: January/December Base year: 2020 Chain-weighted: Yes, from 1995. Data before 1995 are spliced with older series. Primary domestic currency: Euro Data last updated: 04/08/2025",238.444,237.778,239.193,239.939,245.857,249.918,254.473,260.343,272.639,282.098,290.948,296.282,300.817,297.923,307.537,314.871,319.032,331.134,337.631,349.592,362.585,366.573,372.829,376.699,390.152,399.210,409.400,424.453,426.350,418.222,429.557,437.851,438.797,440.138,447.909,454.511,459.935,466.718,475.483,487.098,463.751,492.515,513.366,519.791,524.967,529.371,534.499,540.852,547.712,554.926,562.372,2024.0,
124,BEL,NGDPD,Belgium,"Gross domestic product, current prices","Values are based upon GDP in national currency converted to U.S. dollars using market exchange rates (yearly average). Exchange rate projections are provided by country economists for the group of other emerging market and developing countries. Exchanges rates for advanced economies are established in the WEO assumptions for each WEO exercise. Expenditure-based GDP is total final expenditures at purchasers' prices (including the f.o.b. value of exports of goods and services), less the f.o.b. value of imports of goods and services. [SNA 1993]",U.S. dollars,Billions,"See notes for:  Gross domestic product, current prices (National currency).",123.479,102.245,89.959,85.037,81.237,84.468,117.063,145.412,158.098,159.817,200.150,205.370,228.733,218.721,238.623,288.302,279.292,253.022,258.876,258.503,236.897,236.748,258.200,318.004,369.047,385.927,408.281,470.978,517.271,484.488,481.949,527.106,498.731,524.106,538.127,461.091,474.141,500.733,542.885,536.787,529.269,598.892,593.906,644.968,664.965,684.864,706.834,725.385,746.660,768.493,791.414,2024.0,
124,BEL,PCPIPCH,Belgium,"Inflation, average consumer prices",Annual percentages of average consumer prices are year-on-year changes.,Percent change,Units,"See notes for:  Inflation, average consumer prices (Index).",6.656,7.626,8.723,7.663,6.348,4.868,1.296,1.554,1.162,3.105,3.453,3.167,2.260,2.487,2.394,1.265,1.760,1.499,0.901,1.134,2.682,2.438,1.552,1.517,1.857,2.539,2.331,1.819,4.490,-0.004,2.329,3.344,2.620,1.252,0.495,0.623,1.772,2.225,2.308,1.250,0.424,3.217,10.331,2.294,4.322,3.203,2.123,2.119,2.000,1.925,1.885,2024.0,
124,BEL,LP,Belgium,Population,"For census purposes, the total population of the country consists of all persons falling within the scope of the census. In the broadest sense, the total may comprise either all usual residents of the country or all persons present in the country at the time of the census. [Principles and Recommendations for Population and Housing Censuses, Revision 1, paragraph 2.42]",Persons,Millions,Source: National Statistics Office Latest actual data: 2024 Primary domestic currency: Euro Data last updated: 04/08/2025,9.855,9.863,9.855,9.858,9.853,9.858,9.859,9.865,9.876,9.928,9.948,9.987,10.022,10.068,10.101,10.131,10.143,10.170,10.192,10.214,10.239,10.263,10.310,10.356,10.396,10.446,10.511,10.585,10.667,10.753,10.840,11.001,11.076,11.138,11.181,11.237,11.311,11.352,11.399,11.456,11.522,11.555,11.618,11.743,11.817,11.855,11.888,11.929,11.969,12.007,12.045,2024.0,
339,BLZ,NGDP_R,Belize,"Gross domestic product, constant prices","Expressed in billions of national currency units; the base year is country-specific. Expenditure-based GDP is total final expenditures at purchasers' prices (including the f.o.b. value of exports of goods and services), less the f.o.b. value of imports of goods and services. [SNA 1993]",National currency,Billions,Source: National Statistics Office Latest actual data: 2023. National accounts data in real and nominal terms from the production and expenditure sides are available at annual frequency and are published once a year. Real GDP from the supply side is also published at quarterly frequency. National accounts manual used: System of National Accounts (SNA) 2008 GDP valuation: Market prices Reporting in calendar year: Yes Start/end months of reporting year: January/December Base year: 2014 Chain-weighted: No Primary domestic currency: Belize dollar Data last updated: 03/31/2025,0.751,0.753,0.696,0.738,0.822,0.811,0.869,1.061,1.176,1.358,1.510,1.688,1.903,2.020,2.019,2.034,2.057,2.144,2.227,2.437,2.735,2.872,3.027,3.320,3.478,3.555,3.716,3.840,3.776,3.761,3.803,3.794,3.936,4.111,4.277,4.400,4.402,4.322,4.370,4.557,3.923,4.619,5.065,5.123,5.543,5.721,5.864,6.003,6.136,6.264,6.390,2023.0,
339,BLZ,NGDPD,Belize,"Gross domestic product, current prices","Values are based upon GDP in national currency converted to U.S. dollars using market exchange rates (yearly average). Exchange rate projections are provided by country economists for the group of other emerging market and developing countries. Exchanges rates for advanced economies are established in the WEO assumptions for each WEO exercise. Expenditure-based GDP is total final expenditures at purchasers' prices (including the f.o.b. value of exports of goods and services), less the f.o.b. value of imports of goods and services. [SNA 1993]",U.S. dollars,Billions,"See notes for:  Gross domestic product, current prices (National currency).",0.229,0.238,0.238,0.251,0.280,0.278,0.303,0.354,0.418,0.482,0.547,0.597,0.696,0.753,0.772,0.819,0.851,0.873,0.929,1.000,1.139,1.173,1.245,1.309,1.401,1.475,1.591,1.707,1.739,1.688,1.746,1.827,1.909,2.033,2.138,2.193,2.240,2.266,2.293,2.388,2.043,2.421,2.847,3.067,3.427,3.611,3.755,3.893,4.029,4.165,4.302,2023.0,
339,BLZ,PCPIPCH,Belize,"Inflation, average consumer prices",Annual percentages of average consumer prices are year-on-year changes.,Percent change,Units,"See notes for:  Inflation, average consumer prices (Index).",7.051,11.224,6.839,4.996,3.383,4.153,0.794,2.021,5.321,0.000,2.047,2.253,2.397,1.473,2.569,2.890,6.425,1.026,-0.847,-1.207,0.614,1.149,2.195,2.621,3.067,3.651,4.240,2.318,6.394,-1.104,0.918,1.656,1.247,0.510,1.201,-0.862,0.661,1.150,0.270,0.186,0.122,3.239,6.274,4.399,3.280,2.079,1.467,1.260,1.260,1.260,1.260,2024.0,
339,BLZ,LP,Belize,Population,"For census purposes, the total population of the country consists of all persons falling within the scope of the census. In the broadest sense, the total may comprise either all usual residents of the country or all persons present in the country at the time of the census. [Principles and Recommendations for Population and Housing Censuses, Revision 1, paragraph 2.42]",Persons,Millions,Source: National Statistics Office Latest actual data: 2022 Primary domestic currency: Belize dollar Data last updated: 03/31/2025,0.150,0.150,0.153,0.157,0.162,0.166,0.171,0.176,0.179,0.184,0.189,0.194,0.199,0.205,0.211,0.217,0.222,0.230,0.239,0.243,0.250,0.256,0.263,0.269,0.276,0.284,0.291,0.299,0.307,0.315,0.322,0.328,0.334,0.342,0.349,0.357,0.364,0.371,0.379,0.386,0.393,0.399,0.397,0.404,0.411,0.417,0.424,0.431,0.437,0.444,0.451,2022.0,
638,BEN,NGDP_R,Benin,"Gross domestic product, constant prices","Expressed in billions of national currency units; the base year is country-specific. Expenditure-based GDP is total final expenditures at purchasers' prices (including the f.o.b. value of exports of goods and services), less the f.o.b. value of imports of goods and services. [SNA 1993]",National currency,Billions,Source: National Statistics Office Latest actual data: 2023 National accounts manual used: System of National Accounts (SNA) 2008 GDP valuation: Market prices Reporting in calendar year: Yes Start/end months of reporting year: January/December Base year: 2015 Chain-weighted: No Primary domestic currency: CFA franc Data last updated: 03/11/2025,"2,015.293","2,054.165","2,088.717","2,046.943","2,055.131","2,144.061","2,202.973","2,157.274","2,231.216","2,167.648","2,362.219","2,462.042","2,534.862","2,682.801","2,737.004","2,902.461","3,027.972","3,201.617","3,328.433","3,473.488","3,676.955","3,873.052","4,052.879","4,192.443","4,378.155","4,453.160","4,628.781","4,905.876","5,146.096","5,265.449","5,376.764","5,536.118","5,802.473","6,219.754","6,615.186","6,732.814","6,957.668","7,352.276","7,844.677","8,383.268","8,705.923","9,328.871","9,912.228","10,541.934","11,227.837","11,958.858","12,698.651","13,483.443","14,292.801","15,149.287","16,052.856",2023.0,
638,BEN,NGDPD,Benin,"Gross domestic product, current prices","Values are based upon GDP in national currency converted to U.S. dollars using market exchange rates (yearly average). Exchange rate projections are provided by country economists for the group of other emerging market and developing countries. Exchanges rates for advanced economies are established in the WEO assumptions for each WEO exercise. Expenditure-based GDP is total final expenditures at purchasers' prices (including the f.o.b. value of exports of goods and services), less the f.o.b. value of imports of goods and services. [SNA 1993]",U.S. dollars,Billions,"See notes for:  Gross domestic product, current prices (National currency).",2.302,1.557,1.542,1.365,1.456,1.580,2.036,2.430,2.552,2.370,2.890,2.954,3.284,3.199,2.227,2.993,3.251,3.124,3.362,3.681,3.522,3.666,4.191,5.348,6.187,6.571,7.034,8.170,9.787,9.728,9.543,10.691,11.148,12.518,13.288,11.389,11.818,12.697,14.257,14.392,15.674,17.699,17.439,19.679,21.249,22.236,24.067,26.048,28.152,30.451,32.917,2023.0,
638,BEN,PCPIPCH,Benin,"Inflation, average consumer prices",Annual percentages of average consumer prices are year-on-year changes.,Percent change,Units,"See notes for:  Inflation, average consumer prices (Index).",9.596,0.795,4.059,-6.067,10.265,1.151,0.414,-1.339,3.445,-0.202,1.112,2.100,5.921,0.445,38.535,14.458,4.917,3.803,5.755,0.348,4.210,3.981,2.422,1.507,0.883,5.364,3.787,1.294,7.402,0.936,2.143,2.733,6.744,0.428,-0.551,0.219,-0.794,1.769,0.849,-0.916,3.033,1.734,1.351,2.731,1.165,2.200,2.000,2.000,2.000,2.000,2.000,2024.0,
638,BEN,LP,Benin,Population,"For census purposes, the total population of the country consists of all persons falling within the scope of the census. In the broadest sense, the total may comprise either all usual residents of the country or all persons present in the country at the time of the census. [Principles and Recommendations for Population and Housing Censuses, Revision 1, paragraph 2.42]",Persons,Millions,Source: International Financial Institution Latest actual data: 2023 Primary domestic currency: CFA franc Data last updated: 03/11/2025,3.750,3.880,3.999,4.129,4.259,4.400,4.541,4.682,4.833,4.976,5.133,5.293,5.458,5.706,5.923,6.047,6.204,6.387,6.584,6.789,6.998,7.212,7.432,7.659,7.895,8.149,8.403,8.648,8.906,9.173,9.446,9.726,10.014,10.309,10.615,10.933,11.260,11.597,11.941,12.290,12.643,12.997,13.353,13.713,14.099,14.516,14.945,15.388,15.854,16.346,16.855,2023.0,
514,BTN,NGDP_R,Bhutan,"Gross domestic product, constant prices","Expressed in billions of national currency units; the base year is country-specific. Expenditure-based GDP is total final expenditures at purchasers' prices (including the f.o.b. value of exports of goods and services), less the f.o.b. value of imports of goods and services. [SNA 1993]",National currency,Billions,Source: National Statistics Office Latest actual data: FY2022/23 National accounts manual used: System of National Accounts (SNA) 2008 GDP valuation: Market prices Reporting in calendar year: No Start/end months of reporting year: July/June Base year: FY2016/17. Data are converted from CY to FY by averaging two calendar years. Chain-weighted: No Primary domestic currency: Bhutanese ngultrum Data last updated: 02/22/2025,12.011,13.643,14.761,15.844,17.051,17.793,19.208,23.093,26.576,28.222,30.789,32.297,32.970,34.022,34.781,36.875,39.077,41.243,43.721,46.820,50.066,53.591,58.690,64.001,68.112,72.245,76.772,85.230,93.656,99.400,109.219,120.160,128.136,132.408,137.314,145.765,156.718,165.894,171.708,179.689,175.277,169.506,177.687,186.649,194.198,207.792,222.338,233.614,246.707,264.244,278.788,2023.0,
514,BTN,NGDPD,Bhutan,"Gross domestic product, current prices","Values are based upon GDP in national currency converted to U.S. dollars using market exchange rates (yearly average). Exchange rate projections are provided by country economists for the group of other emerging market and developing countries. Exchanges rates for advanced economies are established in the WEO assumptions for each WEO exercise. Expenditure-based GDP is total final expenditures at purchasers' prices (including the f.o.b. value of exports of goods and services), less the f.o.b. value of imports of goods and services. [SNA 1993]",U.S. dollars,Billions,"See notes for:  Gross domestic product, current prices (National currency).",0.132,0.143,0.150,0.162,0.168,0.174,0.197,0.238,0.273,0.272,0.293,0.254,0.248,0.260,0.263,0.308,0.324,0.362,0.398,0.418,0.454,0.474,0.517,0.616,0.700,0.818,0.876,1.071,1.353,1.274,1.528,1.880,1.967,1.999,1.963,2.159,2.252,2.462,2.651,2.618,2.586,2.623,2.869,2.923,3.092,3.422,3.802,4.157,4.563,5.071,5.543,2023.0,
514,BTN,PCPIPCH,Bhutan,"Inflation, average consumer prices",Annual percentages of average consumer prices are year-on-year changes.,Percent change,Units,"See notes for:  Inflation, average consumer prices (Index).",12.504,4.967,9.918,12.137,13.046,8.001,5.177,7.044,8.183,8.864,9.408,10.345,8.144,9.595,9.497,7.084,8.779,8.551,7.591,9.058,7.183,3.724,2.939,2.472,3.346,4.823,4.930,5.246,6.300,7.127,4.826,8.552,10.115,8.109,9.599,6.667,3.291,4.339,3.623,2.815,3.037,8.220,5.946,4.535,4.260,3.246,4.702,4.612,4.417,4.112,3.960,2024.0,
514,BTN,LP,Bhutan,Population,"For census purposes, the total population of the country consists of all persons falling within the scope of the census. In the broadest sense, the total may comprise either all usual residents of the country or all persons present in the country at the time of the census. [Principles and Recommendations for Population and Housing Censuses, Revision 1, paragraph 2.42]",Persons,Millions,Source: International Financial Institution. World Development Indicators Latest actual data: FY2022/23 Notes: CY data converted to FY data via averaging out two adjacent CY data. Primary domestic currency: Bhutanese ngultrum Data last updated: 02/22/2025,0.422,0.433,0.445,0.455,0.466,0.479,0.495,0.512,0.528,0.542,0.548,0.547,0.540,0.530,0.523,0.520,0.524,0.532,0.546,0.561,0.576,0.594,0.611,0.627,0.642,0.657,0.668,0.677,0.686,0.694,0.702,0.709,0.717,0.725,0.733,0.740,0.747,0.753,0.759,0.765,0.770,0.775,0.780,0.785,0.790,0.795,0.801,0.806,0.811,0.816,0.822,2023.0,
218,BOL,NGDP_R,Bolivia,"Gross domestic product, constant prices","Expressed in billions of national currency units; the base year is country-specific. Expenditure-based GDP is total final expenditures at purchasers' prices (including the f.o.b. value of exports of goods and services), less the f.o.b. value of imports of goods and services. [SNA 1993]",National currency,Billions,Source: National Statistics Office Latest actual data: 2023 National accounts manual used: System of National Accounts (SNA) 2008 GDP valuation: Market prices Reporting in calendar year: Yes Start/end months of reporting year: January/December Base year: 1990 Chain-weighted: No Primary domestic currency: Bolivian boliviano Data last updated: 03/11/2025,15.258,15.303,14.701,14.106,14.078,13.842,13.486,13.818,14.220,14.759,15.443,16.256,16.524,17.230,18.034,18.877,19.701,20.677,21.717,21.809,22.356,22.733,23.298,23.929,24.928,26.030,27.279,28.524,30.278,31.294,32.586,34.281,36.037,38.487,40.588,42.560,44.374,46.236,48.189,49.257,44.953,47.700,49.420,50.943,51.605,52.194,52.663,,,,,2023.0,
218,BOL,NGDPD,Bolivia,"Gross domestic product, current prices","Values are based upon GDP in national currency converted to U.S. dollars using market exchange rates (yearly average). Exchange rate projections are provided by country economists for the group of other emerging market and developing countries. Exchanges rates for advanced economies are established in the WEO assumptions for each WEO exercise. Expenditure-based GDP is total final expenditures at purchasers' prices (including the f.o.b. value of exports of goods and services), less the f.o.b. value of imports of goods and services. [SNA 1993]",U.S. dollars,Billions,"See notes for:  Gross domestic product, current prices (National currency).",3.589,3.440,3.813,3.609,3.752,4.059,3.970,4.323,4.598,4.716,4.868,5.335,5.635,5.724,5.974,6.707,7.385,7.919,8.490,8.269,8.385,8.155,7.917,8.092,8.785,9.573,11.520,13.216,16.792,17.464,19.786,24.135,27.282,30.883,33.237,33.241,34.189,37.782,40.581,41.193,36.897,40.701,44.329,45.464,48.404,56.339,65.851,,,,,2023.0,
218,BOL,PCPIPCH,Bolivia,"Inflation, average consumer prices",Annual percentages of average consumer prices are year-on-year changes.,Percent change,Units,"See notes for:  Inflation, average consumer prices (Index).",47.059,32.134,123.555,275.579,"1,281.347","11,749.630",273.350,14.579,16.002,15.174,17.120,21.444,12.958,8.526,7.875,10.192,12.430,4.709,7.674,2.161,4.601,1.596,0.923,3.338,2.489,5.400,4.300,8.682,14.009,3.345,2.502,9.884,4.517,5.737,5.765,4.061,3.625,2.822,2.272,1.839,0.942,0.736,1.747,2.577,5.100,15.080,15.842,,,,,2024.0,
218,BOL,LP,Bolivia,Population,"For census purposes, the total population of the country consists of all persons falling within the scope of the census. In the broadest sense, the total may comprise either all usual residents of the country or all persons present in the country at the time of the census. [Principles and Recommendations for Population and Housing Censuses, Revision 1, paragraph 2.42]",Persons,Millions,Source: National Statistics Office Latest actual data: 2017 Primary domestic currency: Bolivian boliviano Data last updated: 03/11/2025,5.161,5.587,5.703,5.822,5.944,6.068,6.195,6.324,6.456,6.591,6.728,6.869,7.012,7.213,7.419,7.567,7.717,7.871,8.026,8.183,8.430,8.590,8.750,8.910,9.070,9.230,9.390,9.550,9.710,9.870,10.030,10.190,10.350,10.510,10.670,10.830,10.990,11.150,11.310,11.470,11.630,11.800,11.960,12.130,12.290,12.450,12.635,,,,,2017.0,
963,BIH,NGDP_R,Bosnia and Herzegovina,"Gross domestic product, constant prices","Expressed in billions of national currency units; the base year is country-specific. Expenditure-based GDP is total final expenditures at purchasers' prices (including the f.o.b. value of exports of goods and services), less the f.o.b. value of imports of goods and services. [SNA 1993]",National currency,Billions,"Source: National Statistics Office Latest actual data: 2023 National accounts manual used: European System of Accounts (ESA) 2010 GDP valuation: Market prices Reporting in calendar year: Yes Start/end months of reporting year: January/December Base year: 2021 Chain-weighted: Yes, from 2021 Primary domestic currency: Bosnian convertible marka Data last updated: 02/25/2025",,,,,,,,,,,,,,,,,12.654,15.546,17.694,19.596,20.466,22.009,23.116,24.009,25.528,26.523,27.959,29.597,31.208,30.270,30.532,30.825,30.572,31.290,31.651,33.007,34.077,35.183,36.530,37.584,36.451,39.145,40.800,41.614,42.654,43.848,45.164,46.519,47.914,49.352,50.832,2023.0,
963,BIH,NGDPD,Bosnia and Herzegovina,"Gross domestic product, current prices","Values are based upon GDP in national currency converted to U.S. dollars using market exchange rates (yearly average). Exchange rate projections are provided by country economists for the group of other emerging market and developing countries. Exchanges rates for advanced economies are established in the WEO assumptions for each WEO exercise. Expenditure-based GDP is total final expenditures at purchasers' prices (including the f.o.b. value of exports of goods and services), less the f.o.b. value of imports of goods and services. [SNA 1993]",U.S. dollars,Billions,"See notes for:  Gross domestic product, current prices (National currency).",,,,,,,,,,,,,,,,,3.584,4.578,5.281,5.766,5.568,5.801,6.728,8.499,10.157,11.223,12.865,15.779,19.113,17.614,17.176,18.644,17.227,18.179,18.559,16.404,17.117,18.326,20.484,20.483,20.226,23.673,24.535,27.592,28.795,28.807,30.214,31.730,33.328,35.019,36.788,2023.0,
963,BIH,PCPIPCH,Bosnia and Herzegovina,"Inflation, average consumer prices",Annual percentages of average consumer prices are year-on-year changes.,Percent change,Units,"See notes for:  Inflation, average consumer prices (Index).",,,,,,,,,,,,,,,,,,5.732,-0.279,2.841,4.973,3.212,0.313,0.547,0.282,3.582,6.125,1.501,7.427,-0.381,2.124,3.989,2.053,-0.093,-0.897,-1.023,-1.584,0.810,1.417,0.559,-1.052,1.998,14.012,6.098,1.693,2.226,2.007,1.999,1.998,1.975,2.009,2024.0,
963,BIH,LP,Bosnia and Herzegovina,Population,"For census purposes, the total population of the country consists of all persons falling within the scope of the census. In the broadest sense, the total may comprise either all usual residents of the country or all persons present in the country at the time of the census. [Principles and Recommendations for Population and Housing Censuses, Revision 1, paragraph 2.42]",Persons,Millions,Source: United Nations Latest actual data: 2023 Notes: No census has been taken since the 1990-s (pre-war); data estimated by national authority. Primary domestic currency: Bosnian convertible marka Data last updated: 02/25/2025,,,,,,,,,,,,,,,,,3.763,3.736,3.732,3.743,3.751,3.755,3.759,3.760,3.763,3.766,3.768,3.762,3.754,3.736,3.704,3.660,3.605,3.531,3.526,3.518,3.511,3.504,3.496,3.491,3.487,3.481,3.473,3.464,3.455,3.445,3.436,3.426,3.416,3.405,3.394,2023.0,
616,BWA,NGDP_R,Botswana,"Gross domestic product, constant prices","Expressed in billions of national currency units; the base year is country-specific. Expenditure-based GDP is total final expenditures at purchasers' prices (including the f.o.b. value of exports of goods and services), less the f.o.b. value of imports of goods and services. [SNA 1993]",National currency,Billions,"Source: National Statistics Office Latest actual data: 2023 National accounts manual used: System of National Accounts (SNA) 2008. The authority just updated and rebased their Nas using 2008 SNA from 2014 onwards. Before that, data are still based on 1993 SNA GDP valuation: Market prices Reporting in calendar year: Yes Start/end months of reporting year: January/December Base year: 2016 Chain-weighted: No Primary domestic currency: Botswana pula Data last updated: 04/14/2025",23.636,25.563,29.621,32.818,34.957,37.647,40.890,46.979,57.981,60.686,66.018,70.136,69.990,72.808,72.236,78.342,80.274,85.978,84.584,91.380,95.283,97.520,104.770,110.414,111.957,117.524,124.616,131.834,136.121,116.868,128.698,137.499,137.264,152.504,161.192,153.373,164.418,171.181,178.353,183.762,167.726,187.706,198.004,204.356,198.246,197.524,202.021,208.309,218.769,229.582,239.982,2023.0,
616,BWA,NGDPD,Botswana,"Gross domestic product, current prices","Values are based upon GDP in national currency converted to U.S. dollars using market exchange rates (yearly average). Exchange rate projections are provided by country economists for the group of other emerging market and developing countries. Exchanges rates for advanced economies are established in the WEO assumptions for each WEO exercise. Expenditure-based GDP is total final expenditures at purchasers' prices (including the f.o.b. value of exports of goods and services), less the f.o.b. value of imports of goods and services. [SNA 1993]",U.S. dollars,Billions,"See notes for:  Gross domestic product, current prices (National currency).",1.174,1.037,1.094,1.208,1.200,1.117,1.515,2.374,3.082,3.441,3.799,3.802,3.928,3.957,4.258,4.805,4.926,5.011,4.808,5.413,5.682,5.460,5.395,7.469,8.819,9.833,9.919,10.566,10.731,10.118,12.637,15.111,13.907,14.272,15.470,13.531,15.083,16.105,17.032,16.696,14.930,18.750,20.321,19.411,19.356,19.400,20.951,22.347,24.148,26.371,28.591,2023.0,
616,BWA,PCPIPCH,Botswana,"Inflation, average consumer prices",Annual percentages of average consumer prices are year-on-year changes.,Percent change,Units,"See notes for:  Inflation, average consumer prices (Index).",12.127,16.300,11.200,10.500,8.600,8.100,10.000,9.800,8.400,11.600,11.400,12.600,16.500,14.400,10.600,10.500,10.100,8.900,6.510,7.816,8.534,6.565,8.026,9.185,6.988,8.610,11.553,7.077,12.623,8.108,6.950,8.473,7.537,5.882,4.415,3.054,2.810,3.296,3.241,2.745,1.890,6.679,12.166,5.144,2.827,4.500,4.500,4.500,4.500,4.500,4.500,2023.0,
616,BWA,LP,Botswana,Population,"For census purposes, the total population of the country consists of all persons falling within the scope of the census. In the broadest sense, the total may comprise either all usual residents of the country or all persons present in the country at the time of the census. [Principles and Recommendations for Population and Housing Censuses, Revision 1, paragraph 2.42]",Persons,Millions,Source: International Financial Institution. World Development Indicators Latest actual data: 2021 Primary domestic currency: Botswana pula Data last updated: 04/14/2025,0.963,0.981,1.017,1.055,1.093,1.134,1.176,1.219,1.263,1.309,1.358,1.399,1.439,1.480,1.519,1.558,1.595,1.631,1.666,1.698,1.727,1.762,1.795,1.827,1.859,1.893,1.929,1.967,2.007,2.049,2.092,2.134,2.175,2.217,2.260,2.305,2.352,2.402,2.451,2.500,2.546,2.588,2.630,2.675,2.720,2.763,2.806,2.849,2.890,2.932,2.973,2021.0,
223,BRA,NGDP_R,Brazil,"Gross domestic product, constant prices","Expressed in billions of national currency units; the base year is country-specific. Expenditure-based GDP is total final expenditures at purchasers' prices (including the f.o.b. value of exports of goods and services), less the f.o.b. value of imports of goods and services. [SNA 1993]",National currency,Billions,Source: National Statistics Office Latest actual data: 2024 National accounts manual used: System of National Accounts (SNA) 2008 GDP valuation: Market prices Reporting in calendar year: Yes Start/end months of reporting year: January/December Base year: 1995 Chain-weighted: No Primary domestic currency: Brazilian real Data last updated: 04/08/2025,522.938,499.930,502.908,485.809,511.592,552.012,593.658,615.034,616.659,636.392,609.864,616.155,613.279,641.888,676.129,705.992,721.586,746.082,748.605,752.108,785.111,796.023,820.328,829.688,877.477,905.575,941.453,998.598,"1,049.470","1,048.149","1,127.057","1,171.850","1,194.363","1,230.252","1,236.452","1,192.610","1,153.541","1,168.801","1,189.649","1,204.172","1,164.715","1,220.185","1,256.994","1,297.740","1,341.810","1,368.782","1,395.933","1,426.542","1,459.427","1,494.922","1,532.116",2024.0,
223,BRA,NGDPD,Brazil,"Gross domestic product, current prices","Values are based upon GDP in national currency converted to U.S. dollars using market exchange rates (yearly average). Exchange rate projections are provided by country economists for the group of other emerging market and developing countries. Exchanges rates for advanced economies are established in the WEO assumptions for each WEO exercise. Expenditure-based GDP is total final expenditures at purchasers' prices (including the f.o.b. value of exports of goods and services), less the f.o.b. value of imports of goods and services. [SNA 1993]",U.S. dollars,Billions,"See notes for:  Gross domestic product, current prices (National currency).",145.819,167.583,179.166,143.652,142.957,226.938,263.256,286.539,320.105,439.434,455.335,399.249,382.465,429.184,546.764,770.860,851.146,883.862,864.307,599.642,655.454,559.982,509.798,558.232,669.290,891.633,"1,107.628","1,397.114","1,695.855","1,669.204","2,208.704","2,614.027","2,464.053","2,471.718","2,456.055","1,800.046","1,796.622","2,063.519","1,916.934","1,873.286","1,476.092","1,670.650","1,951.849","2,191.137","2,171.337","2,125.958","2,186.983","2,297.360","2,414.121","2,542.873","2,679.565",2024.0,
223,BRA,PCPIPCH,Brazil,"Inflation, average consumer prices",Annual percentages of average consumer prices are year-on-year changes.,Percent change,Units,"See notes for:  Inflation, average consumer prices (Index).",90.227,101.737,100.574,135.020,192.121,226.029,147.137,228.327,629.118,"1,430.724","2,947.733",432.772,951.956,"1,927.381","2,075.827",66.008,15.757,6.926,3.196,4.859,7.044,6.840,8.450,14.714,6.598,6.870,4.184,3.641,5.678,4.888,5.039,6.636,5.404,6.204,6.329,9.030,8.740,3.446,3.665,3.733,3.212,8.302,9.280,4.594,4.367,5.307,4.315,3.386,2.964,2.964,2.964,2024.0,
223,BRA,LP,Brazil,Population,"For census purposes, the total population of the country consists of all persons falling within the scope of the census. In the broadest sense, the total may comprise either all usual residents of the country or all persons present in the country at the time of the census. [Principles and Recommendations for Population and Housing Censuses, Revision 1, paragraph 2.42]",Persons,Millions,Source: National Statistics Office. Historical data fromCentral Bank of Brazil (BCB) and National Statistics Office (IBGE). Annual historical data from 2000 onward are based on IBGE 2024 revision population projection. Latest actual data: 2023 Primary domestic currency: Brazilian real Data last updated: 04/08/2025,118.563,121.213,123.885,126.573,129.273,131.978,134.653,137.268,139.819,142.307,146.593,149.094,151.547,153.986,156.431,158.875,163.538,166.104,168.693,171.256,174.696,177.004,179.228,181.378,183.470,185.518,187.535,189.459,191.335,193.174,194.749,196.159,197.671,199.227,200.811,202.404,203.872,205.212,206.529,207.900,209.165,210.104,210.863,211.695,212.584,213.362,214.083,214.757,215.382,215.964,216.499,2023.0,
516,BRN,NGDP_R,Brunei Darussalam,"Gross domestic product, constant prices","Expressed in billions of national currency units; the base year is country-specific. Expenditure-based GDP is total final expenditures at purchasers' prices (including the f.o.b. value of exports of goods and services), less the f.o.b. value of imports of goods and services. [SNA 1993]",National currency,Billions,"Source: Ministry of Finance or Treasury. Department of Economic Planning and Statistics Latest actual data: 2024. Preliminary 2024 National Accounts data. National accounts manual used: System of National Accounts (SNA) 2008 GDP valuation: Market prices Reporting in calendar year: Yes Start/end months of reporting year: January/December Base year: 2010. There is a methodological break in the national accounts series beginning in 2010 when the GDP series were revised to incorporate the latest data from the Household Expenditure Survey 2010/11, the Economic Census 2011 and the Population and Housing Census Chain-weighted: No Primary domestic currency: Brunei dollar Data last updated: 04/14/2025",,,,,,13.037,12.683,12.938,13.080,12.940,13.081,13.492,14.134,14.177,14.623,15.278,15.718,15.487,15.400,15.870,16.322,16.770,17.420,17.926,18.016,18.086,18.881,18.910,18.544,18.216,18.690,19.390,19.567,19.151,18.671,18.595,18.137,18.378,18.387,19.099,19.315,19.008,18.698,18.962,19.703,20.200,20.735,21.280,21.903,22.578,23.247,2024.0,
516,BRN,NGDPD,Brunei Darussalam,"Gross domestic product, current prices","Values are based upon GDP in national currency converted to U.S. dollars using market exchange rates (yearly average). Exchange rate projections are provided by country economists for the group of other emerging market and developing countries. Exchanges rates for advanced economies are established in the WEO assumptions for each WEO exercise. Expenditure-based GDP is total final expenditures at purchasers' prices (including the f.o.b. value of exports of goods and services), less the f.o.b. value of imports of goods and services. [SNA 1993]",U.S. dollars,Billions,"See notes for:  Gross domestic product, current prices (National currency).",,,,,,5.470,3.727,4.384,4.177,4.652,5.574,5.949,6.256,6.327,6.795,8.098,8.156,7.974,6.061,6.544,6.650,6.206,6.475,7.266,8.723,10.561,12.710,13.571,15.949,11.892,13.707,18.525,19.048,18.094,17.098,12.930,11.400,12.128,13.567,13.469,12.006,14.006,16.682,15.095,15.463,16.007,16.656,17.532,18.434,19.636,20.663,2024.0,
516,BRN,PCPIPCH,Brunei Darussalam,"Inflation, average consumer prices",Annual percentages of average consumer prices are year-on-year changes.,Percent change,Units,"See notes for:  Inflation, average consumer prices (Index).",,,0.000,1.166,3.098,2.131,1.781,1.247,1.193,1.304,2.139,1.600,1.280,4.252,2.463,5.967,1.996,1.712,-0.441,-0.416,1.558,0.596,-2.315,0.300,0.814,1.244,0.160,0.968,2.085,1.036,0.357,0.138,0.112,0.389,-0.207,-0.488,-0.279,-1.261,1.025,-0.391,1.940,1.733,3.687,0.400,-0.389,1.000,1.000,1.000,1.000,1.000,1.000,2024.0,
516,BRN,LP,Brunei Darussalam,Population,"For census purposes, the total population of the country consists of all persons falling within the scope of the census. In the broadest sense, the total may comprise either all usual residents of the country or all persons present in the country at the time of the census. [Principles and Recommendations for Population and Housing Censuses, Revision 1, paragraph 2.42]",Persons,Millions,Source: Ministry of Finance or Treasury. Department of Economic Planning and Statistics Latest actual data: 2023 Primary domestic currency: Brunei dollar Data last updated: 04/14/2025,,,,,,0.222,0.226,0.234,0.241,0.246,0.253,0.260,0.267,0.274,0.281,0.287,0.295,0.302,0.310,0.317,0.325,0.333,0.340,0.346,0.352,0.359,0.365,0.370,0.375,0.380,0.387,0.393,0.399,0.403,0.408,0.412,0.417,0.426,0.437,0.451,0.442,0.441,0.445,0.451,0.454,0.458,0.461,0.464,0.468,0.471,0.474,2023.0,
918,BGR,NGDP_R,Bulgaria,"Gross domestic product, constant prices","Expressed in billions of national currency units; the base year is country-specific. Expenditure-based GDP is total final expenditures at purchasers' prices (including the f.o.b. value of exports of goods and services), less the f.o.b. value of imports of goods and services. [SNA 1993]",National currency,Billions,"Source: National Statistics Office Latest actual data: 2024 National accounts manual used: European System of Accounts (ESA) 2010 GDP valuation: Market prices Reporting in calendar year: Yes Start/end months of reporting year: January/December Base year: 2020 Chain-weighted: Yes, from 1996 Primary domestic currency: Bulgarian lev Data last updated: 03/18/2025",87.909,92.568,96.456,99.349,103.919,105.790,111.397,116.632,119.432,118.834,108.020,96.403,88.280,78.017,75.157,73.954,77.804,66.821,69.353,63.530,66.445,68.985,73.036,76.861,81.865,87.642,93.604,99.832,105.952,102.405,103.998,106.172,106.967,106.386,107.396,111.045,114.406,117.548,120.544,125.112,121.088,130.510,135.781,138.343,142.231,145.727,149.594,153.642,157.647,161.656,165.634,2024.0,
918,BGR,NGDPD,Bulgaria,"Gross domestic product, current prices","Values are based upon GDP in national currency converted to U.S. dollars using market exchange rates (yearly average). Exchange rate projections are provided by country economists for the group of other emerging market and developing countries. Exchanges rates for advanced economies are established in the WEO assumptions for each WEO exercise. Expenditure-based GDP is total final expenditures at purchasers' prices (including the f.o.b. value of exports of goods and services), less the f.o.b. value of imports of goods and services. [SNA 1993]",U.S. dollars,Billions,"See notes for:  Gross domestic product, current prices (National currency).",37.751,40.718,42.467,43.641,46.358,39.692,35.130,40.721,66.546,67.774,29.882,2.928,11.882,6.449,11.338,18.992,12.295,11.317,15.031,13.628,13.246,14.183,16.403,21.146,26.158,29.868,34.380,44.432,54.476,52.024,50.690,57.682,54.297,55.820,57.081,50.766,53.929,59.288,66.318,68.639,70.658,84.477,90.719,102.434,112.232,117.007,123.066,129.562,136.128,143.103,150.310,2024.0,
918,BGR,PCPIPCH,Bulgaria,"Inflation, average consumer prices",Annual percentages of average consumer prices are year-on-year changes.,Percent change,Units,"See notes for:  Inflation, average consumer prices (Index).",--,0.002,2.800,2.800,2.800,2.800,2.700,2.700,2.500,6.404,23.900,333.500,82.000,72.804,96.000,62.100,123.000,"1,061.206",18.679,2.572,10.318,7.358,5.813,2.348,6.149,6.038,7.416,7.572,11.951,2.469,3.039,3.386,2.391,0.385,-1.601,-1.067,-1.323,1.188,2.631,2.457,1.219,2.842,13.019,8.599,2.597,3.728,2.254,2.237,2.023,2.000,2.000,2024.0,
918,BGR,LP,Bulgaria,Population,"For census purposes, the total population of the country consists of all persons falling within the scope of the census. In the broadest sense, the total may comprise either all usual residents of the country or all persons present in the country at the time of the census. [Principles and Recommendations for Population and Housing Censuses, Revision 1, paragraph 2.42]",Persons,Millions,Source: National Statistics Office Latest actual data: 2023 Primary domestic currency: Bulgarian lev Data last updated: 03/18/2025,8.808,8.834,8.859,8.881,8.897,8.903,8.901,8.889,8.865,8.826,8.771,8.697,8.607,8.507,8.407,8.312,8.225,8.162,8.105,8.067,8.150,7.891,7.846,7.801,7.761,7.719,7.679,7.640,7.607,7.564,7.505,7.327,7.285,7.246,7.202,7.154,7.102,7.050,7.000,6.951,6.917,6.839,6.448,6.445,6.381,6.317,6.260,6.204,6.148,6.093,6.038,2023.0,
748,BFA,NGDP_R,Burkina Faso,"Gross domestic product, constant prices","Expressed in billions of national currency units; the base year is country-specific. Expenditure-based GDP is total final expenditures at purchasers' prices (including the f.o.b. value of exports of goods and services), less the f.o.b. value of imports of goods and services. [SNA 1993]",National currency,Billions,"Source: National Statistics Office. The ministry of economy also provides estimates Latest actual data: 2023 National accounts manual used: System of National Accounts (SNA) 2008 GDP valuation: Market prices Reporting in calendar year: Yes Start/end months of reporting year: January/December Base year: 2015 Chain-weighted: Yes, from 2015 Primary domestic currency: CFA franc Data last updated: 04/09/2025","1,337.559","1,373.145","1,392.369","1,375.661","1,397.671","1,555.608","1,679.363","1,675.394","1,772.493","1,810.606","1,799.689","1,962.921","1,967.489","2,035.591","2,062.359","2,180.251","2,420.401","2,573.293","2,761.342","2,963.836","3,019.808","3,219.520","3,359.664","3,621.802","3,784.003","4,111.768","4,368.884","4,548.505","4,812.318","4,954.857","5,373.358","5,729.212","6,098.899","6,452.183","6,731.359","6,995.311","7,412.090","7,871.898","8,391.803","8,886.014","9,064.691","9,694.010","9,839.152","10,130.409","10,581.194","11,039.859","11,539.793","12,087.757","12,680.210","13,301.280","13,970.338",2023.0,
748,BFA,NGDPD,Burkina Faso,"Gross domestic product, current prices","Values are based upon GDP in national currency converted to U.S. dollars using market exchange rates (yearly average). Exchange rate projections are provided by country economists for the group of other emerging market and developing countries. Exchanges rates for advanced economies are established in the WEO assumptions for each WEO exercise. Expenditure-based GDP is total final expenditures at purchasers' prices (including the f.o.b. value of exports of goods and services), less the f.o.b. value of imports of goods and services. [SNA 1993]",U.S. dollars,Billions,"See notes for:  Gross domestic product, current prices (National currency).",2.386,2.076,1.934,1.767,1.579,1.746,2.290,2.665,2.942,2.942,3.488,3.526,3.775,3.599,2.164,2.676,2.909,2.753,3.155,3.388,2.961,3.190,3.620,4.740,5.449,6.150,6.548,7.627,9.450,9.440,10.118,12.078,12.569,13.444,13.947,11.833,12.829,14.094,15.916,16.092,17.837,19.747,19.588,21.181,23.975,27.056,29.624,31.525,33.834,36.393,39.097,2023.0,
748,BFA,PCPIPCH,Burkina Faso,"Inflation, average consumer prices",Annual percentages of average consumer prices are year-on-year changes.,Percent change,Units,"See notes for:  Inflation, average consumer prices (Index).",12.259,7.556,12.058,8.346,4.847,7.054,-2.700,-2.850,4.191,-0.322,-0.807,2.502,-1.991,0.614,24.720,7.772,6.109,2.929,4.911,-1.080,-0.169,4.727,2.300,2.040,-0.400,6.409,2.336,-0.233,10.668,0.864,-0.608,2.769,3.817,0.525,-0.258,1.653,0.441,1.483,1.956,-3.233,1.885,3.908,13.779,0.942,4.193,2.956,2.491,2.061,2.031,2.000,2.000,2024.0,
748,BFA,LP,Burkina Faso,Population,"For census purposes, the total population of the country consists of all persons falling within the scope of the census. In the broadest sense, the total may comprise either all usual residents of the country or all persons present in the country at the time of the census. [Principles and Recommendations for Population and Housing Censuses, Revision 1, paragraph 2.42]",Persons,Millions,Source: International Financial Institution Latest actual data: 2023 Primary domestic currency: CFA franc Data last updated: 04/09/2025,7.045,7.212,7.391,7.580,7.776,7.979,8.208,8.435,8.664,8.895,9.131,9.365,9.599,9.840,10.091,10.353,10.621,10.897,11.201,11.534,11.883,12.250,12.632,13.031,13.446,13.876,14.316,14.757,15.198,15.650,16.117,16.603,17.114,17.636,18.170,18.718,19.275,19.836,20.393,20.952,21.523,22.101,22.674,23.251,23.844,24.451,25.074,25.713,26.369,27.040,27.729,2023.0,
618,BDI,NGDP_R,Burundi,"Gross domestic product, constant prices","Expressed in billions of national currency units; the base year is country-specific. Expenditure-based GDP is total final expenditures at purchasers' prices (including the f.o.b. value of exports of goods and services), less the f.o.b. value of imports of goods and services. [SNA 1993]",National currency,Billions,Source: National Statistics Office Latest actual data: 2024 National accounts manual used: System of National Accounts (SNA) 1993 GDP valuation: Market prices Reporting in calendar year: Yes Start/end months of reporting year: January/December Base year: 2005 Chain-weighted: No Primary domestic currency: Burundi franc Data last updated: 04/01/2025,765.621,858.749,849.697,881.267,882.635,986.646,"1,018.711","1,074.766","1,128.842","1,144.074","1,183.639","1,252.065","1,264.679","1,185.809","1,140.403","1,050.092",966.070,970.063,"1,016.161","1,027.989","1,046.301","1,063.721","1,088.751","1,115.637","1,157.654","1,208.244","1,273.656","1,317.622","1,381.681","1,434.361","1,507.860","1,568.666","1,638.420","1,719.099","1,792.000","1,722.112","1,711.779","1,720.338","1,748.034","1,780.241","1,786.206","1,841.924","1,875.572","1,925.447","1,993.438","2,030.637","2,083.207","2,141.256","2,207.935","2,280.440","2,360.102",2024.0,
618,BDI,NGDPD,Burundi,"Gross domestic product, current prices","Values are based upon GDP in national currency converted to U.S. dollars using market exchange rates (yearly average). Exchange rate projections are provided by country economists for the group of other emerging market and developing countries. Exchanges rates for advanced economies are established in the WEO assumptions for each WEO exercise. Expenditure-based GDP is total final expenditures at purchasers' prices (including the f.o.b. value of exports of goods and services), less the f.o.b. value of imports of goods and services. [SNA 1993]",U.S. dollars,Billions,"See notes for:  Gross domestic product, current prices (National currency).",0.951,0.989,1.045,1.106,1.005,1.170,1.233,1.161,1.088,1.131,1.131,1.167,1.082,0.938,0.924,1.000,0.868,0.972,0.893,0.866,0.870,0.877,0.825,0.785,0.915,1.117,1.273,1.356,1.612,1.775,2.032,2.236,2.333,2.456,2.706,3.104,2.960,3.172,3.037,3.009,3.089,3.356,3.922,4.246,4.743,6.745,8.419,9.244,9.738,9.917,10.622,2024.0,
618,BDI,PCPIPCH,Burundi,"Inflation, average consumer prices",Annual percentages of average consumer prices are year-on-year changes.,Percent change,Units,"See notes for:  Inflation, average consumer prices (Index).",1.200,12.632,5.216,8.337,14.280,3.774,1.829,7.058,4.577,11.597,7.048,8.778,1.783,9.650,14.632,18.926,26.884,31.356,12.655,3.200,24.432,9.296,-1.366,10.647,8.176,13.252,2.745,8.412,24.407,10.555,6.493,9.592,18.161,7.938,4.405,5.545,5.558,15.844,-2.794,-0.818,7.528,8.363,18.855,27.078,20.188,39.088,31.296,24.498,19.303,15.432,12.593,2024.0,
618,BDI,LP,Burundi,Population,"For census purposes, the total population of the country consists of all persons falling within the scope of the census. In the broadest sense, the total may comprise either all usual residents of the country or all persons present in the country at the time of the census. [Principles and Recommendations for Population and Housing Censuses, Revision 1, paragraph 2.42]",Persons,Millions,Source: Other Latest actual data: 2023 Primary domestic currency: Burundi franc Data last updated: 04/01/2025,4.090,4.210,4.334,4.461,4.591,4.726,4.864,5.007,5.154,5.305,5.460,5.620,5.780,5.770,5.870,5.980,6.090,6.190,6.300,6.489,6.684,6.884,7.091,7.260,7.478,7.512,7.737,7.969,8.232,8.504,8.776,9.048,9.329,9.618,9.907,10.204,10.530,10.867,11.193,11.529,11.875,12.231,12.598,12.976,13.365,13.766,14.179,14.605,15.043,15.494,15.959,2023.0,
624,CPV,NGDP_R,Cabo Verde,"Gross domestic product, constant prices","Expressed in billions of national currency units; the base year is country-specific. Expenditure-based GDP is total final expenditures at purchasers' prices (including the f.o.b. value of exports of goods and services), less the f.o.b. value of imports of goods and services. [SNA 1993]",National currency,Billions,"Source: National Statistics Office Latest actual data: 2023 Notes: The national accounts data have been revised from 2002 onward. The new data are obtained through a new computation methodology that uses an updated input-output table. The base year for the constant prices data is 2007. National accounts manual used: System of National Accounts (SNA) 2008 GDP valuation: Market prices Reporting in calendar year: Yes Start/end months of reporting year: January/December Base year: 2015 Chain-weighted: Yes, from 2011 Primary domestic currency: Cabo Verdean escudo Data last updated: 04/01/2025",28.011,30.378,31.237,34.211,35.505,38.573,39.681,41.391,43.873,46.373,46.694,47.349,48.791,52.358,55.986,60.180,64.208,69.113,74.928,83.814,89.905,95.423,100.481,108.019,113.341,119.926,130.861,150.752,161.363,158.937,161.856,168.208,170.031,171.106,172.298,173.911,181.355,189.609,196.634,210.300,166.547,178.261,209.347,217.811,230.863,242.343,254.253,266.659,279.354,292.736,305.945,2023.0,
624,CPV,NGDPD,Cabo Verde,"Gross domestic product, current prices","Values are based upon GDP in national currency converted to U.S. dollars using market exchange rates (yearly average). Exchange rate projections are provided by country economists for the group of other emerging market and developing countries. Exchanges rates for advanced economies are established in the WEO assumptions for each WEO exercise. Expenditure-based GDP is total final expenditures at purchasers' prices (including the f.o.b. value of exports of goods and services), less the f.o.b. value of imports of goods and services. [SNA 1993]",U.S. dollars,Billions,"See notes for:  Gross domestic product, current prices (National currency).",0.157,0.187,0.149,0.144,0.146,0.164,0.212,0.264,0.322,0.332,0.413,0.443,0.479,0.431,0.450,0.570,0.611,0.609,0.648,0.693,0.699,0.791,0.867,1.105,1.263,1.395,1.452,1.650,1.960,1.852,1.825,2.047,1.913,2.029,2.042,1.750,1.850,1.997,2.205,2.251,1.831,2.053,2.309,2.588,2.726,2.786,2.979,3.190,3.410,3.647,3.890,2023.0,
624,CPV,PCPIPCH,Cabo Verde,"Inflation, average consumer prices",Annual percentages of average consumer prices are year-on-year changes.,Percent change,Units,"See notes for:  Inflation, average consumer prices (Index).",15.071,20.680,21.127,20.155,9.677,5.882,11.111,3.750,3.614,4.651,11.111,7.587,13.429,5.828,3.344,8.410,6.010,8.574,4.399,4.344,-2.403,3.674,1.918,1.188,-1.891,0.434,4.842,4.400,6.774,1.005,2.074,4.473,2.543,1.506,-0.238,0.143,-1.436,0.783,1.275,1.106,0.605,1.863,7.930,3.717,1.000,1.500,2.000,2.000,2.000,2.000,2.000,2024.0,
624,CPV,LP,Cabo Verde,Population,"For census purposes, the total population of the country consists of all persons falling within the scope of the census. In the broadest sense, the total may comprise either all usual residents of the country or all persons present in the country at the time of the census. [Principles and Recommendations for Population and Housing Censuses, Revision 1, paragraph 2.42]",Persons,Millions,Source: National Statistics Office Latest actual data: 2021 Primary domestic currency: Cabo Verdean escudo Data last updated: 04/01/2025,0.275,0.279,0.285,0.290,0.297,0.303,0.309,0.316,0.322,0.329,0.337,0.345,0.353,0.362,0.361,0.370,0.379,0.388,0.397,0.405,0.414,0.422,0.430,0.438,0.445,0.451,0.457,0.463,0.468,0.473,0.478,0.481,0.483,0.486,0.489,0.491,0.493,0.496,0.498,0.500,0.502,0.504,0.507,0.509,0.512,0.514,0.517,0.520,0.523,0.526,0.529,2021.0,
522,KHM,NGDP_R,Cambodia,"Gross domestic product, constant prices","Expressed in billions of national currency units; the base year is country-specific. Expenditure-based GDP is total final expenditures at purchasers' prices (including the f.o.b. value of exports of goods and services), less the f.o.b. value of imports of goods and services. [SNA 1993]",National currency,Billions,Source: National Statistics Office Latest actual data: 2022 National accounts manual used: System of National Accounts (SNA) 1993 GDP valuation: Market prices Reporting in calendar year: Yes Start/end months of reporting year: January/December Base year: 2014. Data prior to 2000 are based on a different base year (2000 prices) and estimated by IMF staff using splicing methods to avoid breaks in the data. These estimates continue to serve as proxies for historical series when complete information is unavailable. Chain-weighted: No Primary domestic currency: Cambodian riel Data last updated: 04/09/2025,,,,,,,,"13,002.784","14,253.132","14,727.341","14,891.973","16,022.584","17,155.255","17,848.676","19,308.954","20,463.348","21,670.175","22,538.417","23,593.582","26,591.237","29,439.689","31,615.197","33,595.912","37,050.808","40,554.960","45,950.122","50,978.610","56,279.599","60,487.268","62,951.990","66,148.011","70,967.991","76,397.224","82,400.136","88,992.411","95,406.125","102,948.457","111,261.585","121,026.151","130,631.936","125,987.028","129,879.829","136,508.076","143,330.778","151,956.036","158,042.623","163,427.900","170,395.541","178,959.655","188,056.949","197,831.666",2022.0,
522,KHM,NGDPD,Cambodia,"Gross domestic product, current prices","Values are based upon GDP in national currency converted to U.S. dollars using market exchange rates (yearly average). Exchange rate projections are provided by country economists for the group of other emerging market and developing countries. Exchanges rates for advanced economies are established in the WEO assumptions for each WEO exercise. Expenditure-based GDP is total final expenditures at purchasers' prices (including the f.o.b. value of exports of goods and services), less the f.o.b. value of imports of goods and services. [SNA 1993]",U.S. dollars,Billions,"See notes for:  Gross domestic product, current prices (National currency).",,,,,,,0.205,0.141,0.276,0.346,0.898,2.007,2.435,2.422,2.760,3.430,3.509,3.462,3.132,3.522,3.707,4.154,4.507,5.054,5.879,7.058,8.342,10.117,12.162,12.490,13.796,16.017,17.829,19.806,22.040,24.217,26.591,29.394,33.181,36.682,34.898,36.797,39.838,43.304,47.328,49.799,53.055,56.857,61.248,66.025,71.242,2022.0,
522,KHM,PCPIPCH,Cambodia,"Inflation, average consumer prices",Annual percentages of average consumer prices are year-on-year changes.,Percent change,Units,"See notes for:  Inflation, average consumer prices (Index).",,,,,,,,-31.248,23.000,63.800,141.800,191.000,75.000,114.319,10.440,10.077,7.147,10.503,12.899,1.996,-0.826,-0.117,-0.036,1.027,3.925,6.349,6.143,7.668,24.997,-0.663,3.997,5.480,2.933,2.943,3.856,1.229,3.027,2.902,2.448,1.957,2.939,2.923,5.331,2.132,0.873,1.003,3.246,3.000,3.000,3.000,3.000,2024.0,
522,KHM,LP,Cambodia,Population,"For census purposes, the total population of the country consists of all persons falling within the scope of the census. In the broadest sense, the total may comprise either all usual residents of the country or all persons present in the country at the time of the census. [Principles and Recommendations for Population and Housing Censuses, Revision 1, paragraph 2.42]",Persons,Millions,Source: National Statistics Office Latest actual data: 2022 Primary domestic currency: Cambodian riel Data last updated: 04/09/2025,,,,,,,7.736,7.967,8.198,8.447,8.723,9.028,9.352,9.689,10.099,10.427,10.738,11.034,11.314,11.581,11.835,12.027,12.223,12.421,12.623,12.829,13.037,13.249,13.465,13.684,13.906,14.132,14.362,14.596,14.833,15.074,15.319,15.568,15.821,16.079,16.338,16.592,16.843,17.012,17.182,17.354,17.527,17.703,17.880,18.058,18.239,2022.0,
622,CMR,NGDP_R,Cameroon,"Gross domestic product, constant prices","Expressed in billions of national currency units; the base year is country-specific. Expenditure-based GDP is total final expenditures at purchasers' prices (including the f.o.b. value of exports of goods and services), less the f.o.b. value of imports of goods and services. [SNA 1993]",National currency,Billions,"Source: National Statistics Office Latest actual data: 2023 National accounts manual used: System of National Accounts (SNA) 2008 GDP valuation: Market prices Reporting in calendar year: Yes Start/end months of reporting year: January/December Base year: 2016 Chain-weighted: Yes, from 2016. GDP and components are derived using chained price volumes - components are non-additive Primary domestic currency: CFA franc Data last updated: 04/10/2025","6,688.090","7,828.451","8,420.547","8,996.869","9,668.725","10,452.594","11,162.439","10,922.145","10,063.148","9,885.060","9,276.030","8,926.876","8,654.593","8,381.272","8,172.160","8,442.202","8,856.878","9,327.547","9,784.164","10,181.624","10,524.001","10,877.151","11,404.415","11,973.962","12,759.578","12,914.958","13,370.119","13,918.296","14,316.021","14,690.972","15,122.144","15,649.002","16,354.521","17,170.168","18,162.471","19,179.517","20,038.567","20,748.167","21,582.617","22,321.141","22,441.539","23,123.524","23,987.629","24,759.305","25,641.353","26,567.201","27,634.800","28,848.563","30,184.643","31,574.699","33,024.675",2023.0,
622,CMR,NGDPD,Cameroon,"Gross domestic product, current prices","Values are based upon GDP in national currency converted to U.S. dollars using market exchange rates (yearly average). Exchange rate projections are provided by country economists for the group of other emerging market and developing countries. Exchanges rates for advanced economies are established in the WEO assumptions for each WEO exercise. Expenditure-based GDP is total final expenditures at purchasers' prices (including the f.o.b. value of exports of goods and services), less the f.o.b. value of imports of goods and services. [SNA 1993]",U.S. dollars,Billions,"See notes for:  Gross domestic product, current prices (National currency).",8.850,10.026,9.616,9.692,10.243,10.698,13.945,16.152,16.403,14.626,14.641,16.325,14.963,15.611,10.622,10.075,11.227,11.352,11.338,11.553,10.245,10.950,12.369,15.944,18.803,19.534,20.912,23.931,27.712,27.903,27.530,30.626,30.174,33.729,36.396,32.213,33.805,36.086,39.992,39.673,40.863,45.036,44.442,49.283,52.784,56.011,60.213,64.485,69.281,74.447,80.028,2023.0,
622,CMR,PCPIPCH,Cameroon,"Inflation, average consumer prices",Annual percentages of average consumer prices are year-on-year changes.,Percent change,Units,"See notes for:  Inflation, average consumer prices (Index).",7.681,7.546,15.326,20.509,12.095,4.202,4.301,2.794,1.705,1.597,1.504,-0.602,1.886,-3.720,14.880,25.805,3.921,4.783,3.177,1.832,1.245,4.450,2.817,0.630,0.250,1.993,4.906,1.125,5.338,3.040,1.279,2.955,2.384,2.050,1.855,2.678,0.873,0.641,1.064,2.456,2.451,2.262,6.252,7.386,4.508,3.400,3.000,2.800,2.600,2.500,2.400,2023.0,
622,CMR,LP,Cameroon,Population,"For census purposes, the total population of the country consists of all persons falling within the scope of the census. In the broadest sense, the total may comprise either all usual residents of the country or all persons present in the country at the time of the census. [Principles and Recommendations for Population and Housing Censuses, Revision 1, paragraph 2.42]",Persons,Millions,Source: Estimates from UN Population Prospects Latest actual data: 2022 Primary domestic currency: CFA franc Data last updated: 04/10/2025,8.808,9.064,9.319,9.574,9.831,10.093,10.372,10.667,10.980,11.313,11.665,12.025,12.391,12.764,13.145,13.513,13.892,14.280,14.680,15.091,15.514,15.929,16.358,16.801,17.259,17.733,18.224,18.730,19.253,19.790,20.341,20.906,21.485,22.077,22.682,23.298,23.927,24.566,25.216,25.876,26.546,27.224,27.912,28.608,29.315,30.032,30.759,31.496,32.244,33.000,33.767,2022.0,
156,CAN,NGDP_R,Canada,"Gross domestic product, constant prices","Expressed in billions of national currency units; the base year is country-specific. Expenditure-based GDP is total final expenditures at purchasers' prices (including the f.o.b. value of exports of goods and services), less the f.o.b. value of imports of goods and services. [SNA 1993]",National currency,Billions,"Source: National Statistics Office Latest actual data: 2024 National accounts manual used: System of National Accounts (SNA) 2008 GDP valuation: Market prices Reporting in calendar year: Yes Start/end months of reporting year: January/December Base year: 2017. Data rebased to 2017 Chain-weighted: Yes, from 1980 Primary domestic currency: Canadian dollar Data last updated: 04/09/2025",893.842,925.154,895.862,918.816,973.013,"1,019.111","1,040.732","1,083.110","1,130.885","1,157.317","1,159.666","1,135.417","1,145.527","1,175.972","1,228.821","1,261.782","1,283.093","1,338.011","1,390.098","1,461.563","1,536.666","1,565.480","1,612.433","1,641.560","1,692.323","1,746.654","1,792.730","1,829.479","1,847.690","1,793.828","1,849.272","1,907.287","1,940.773","1,985.911","2,042.976","2,056.255","2,077.610","2,140.641","2,199.358","2,241.331","2,128.408","2,255.059","2,349.525","2,385.443","2,421.894","2,455.226","2,493.484","2,536.140","2,576.090","2,618.335","2,658.046",2024.0,
156,CAN,NGDPD,Canada,"Gross domestic product, current prices","Values are based upon GDP in national currency converted to U.S. dollars using market exchange rates (yearly average). Exchange rate projections are provided by country economists for the group of other emerging market and developing countries. Exchanges rates for advanced economies are established in the WEO assumptions for each WEO exercise. Expenditure-based GDP is total final expenditures at purchasers' prices (including the f.o.b. value of exports of goods and services), less the f.o.b. value of imports of goods and services. [SNA 1993]",U.S. dollars,Billions,"See notes for:  Gross domestic product, current prices (National currency).",276.064,307.246,314.639,341.863,356.728,366.184,379.015,433.140,509.380,567.225,596.089,612.514,594.376,579.059,579.913,605.941,630.598,655.010,634.004,678.417,744.631,738.968,760.149,895.599,"1,026.473","1,173.505","1,319.356","1,468.896","1,552.864","1,376.509","1,617.345","1,793.327","1,828.362","1,846.595","1,805.751","1,556.508","1,527.996","1,649.266","1,725.300","1,743.725","1,655.685","2,022.382","2,190.411","2,173.340","2,241.253","2,225.341","2,332.563","2,435.529","2,542.339","2,657.894","2,792.323",2024.0,
156,CAN,PCPIPCH,Canada,"Inflation, average consumer prices",Annual percentages of average consumer prices are year-on-year changes.,Percent change,Units,"See notes for:  Inflation, average consumer prices (Index).",10.183,12.462,10.803,5.816,4.339,3.951,4.174,4.365,4.031,4.984,4.780,5.626,1.490,1.865,0.166,2.149,1.571,1.621,0.996,1.735,2.719,2.525,2.258,2.759,1.857,2.214,2.002,2.138,2.370,0.299,1.777,2.912,1.516,0.938,1.907,1.125,1.429,1.597,2.268,1.949,0.717,3.395,6.779,3.885,2.398,1.982,2.127,2.005,2.003,2.029,2.004,2024.0,
156,CAN,LP,Canada,Population,"For census purposes, the total population of the country consists of all persons falling within the scope of the census. In the broadest sense, the total may comprise either all usual residents of the country or all persons present in the country at the time of the census. [Principles and Recommendations for Population and Housing Censuses, Revision 1, paragraph 2.42]",Persons,Millions,Source: National Statistics Office Latest actual data: 2024 Primary domestic currency: Canadian dollar Data last updated: 04/09/2025,24.471,24.785,25.083,25.336,25.577,25.813,26.067,26.398,26.751,27.215,27.632,27.987,28.324,28.651,28.960,29.263,29.570,29.868,30.124,30.367,30.647,30.971,31.308,31.602,31.899,32.203,32.529,32.849,33.199,33.582,33.959,34.299,34.664,35.032,35.389,35.676,36.053,36.494,37.009,37.555,37.998,38.221,38.866,39.969,41.144,41.550,41.548,41.586,41.837,42.172,42.506,2024.0,
626,CAF,NGDP_R,Central African Republic,"Gross domestic product, constant prices","Expressed in billions of national currency units; the base year is country-specific. Expenditure-based GDP is total final expenditures at purchasers' prices (including the f.o.b. value of exports of goods and services), less the f.o.b. value of imports of goods and services. [SNA 1993]",National currency,Billions,Source: National Statistics Office Latest actual data: 2018 National accounts manual used: System of National Accounts (SNA) 1993 GDP valuation: Market prices Reporting in calendar year: Yes Start/end months of reporting year: January/December Base year: 2005 Chain-weighted: No Primary domestic currency: CFA franc Data last updated: 03/13/2025,487.744,550.928,531.250,499.232,548.715,569.198,610.140,610.140,620.620,644.139,652.926,647.710,615.823,608.447,684.942,706.630,663.119,690.339,713.398,733.994,707.712,726.177,741.364,724.689,723.990,745.210,780.637,812.103,833.326,856.758,896.435,934.038,981.241,624.148,624.650,651.750,682.705,713.615,740.874,762.880,770.198,777.769,781.442,787.120,801.547,825.095,851.052,881.153,914.553,948.612,982.573,2018.0,
626,CAF,NGDPD,Central African Republic,"Gross domestic product, current prices","Values are based upon GDP in national currency converted to U.S. dollars using market exchange rates (yearly average). Exchange rate projections are provided by country economists for the group of other emerging market and developing countries. Exchanges rates for advanced economies are established in the WEO assumptions for each WEO exercise. Expenditure-based GDP is total final expenditures at purchasers' prices (including the f.o.b. value of exports of goods and services), less the f.o.b. value of imports of goods and services. [SNA 1993]",U.S. dollars,Billions,"See notes for:  Gross domestic product, current prices (National currency).",0.714,0.743,0.719,0.690,0.670,0.883,1.158,1.275,1.372,1.354,1.572,1.498,1.494,1.309,0.858,1.117,1.000,0.979,1.036,1.039,0.868,0.899,0.983,1.188,1.310,1.413,1.538,1.755,2.033,2.059,2.141,2.435,2.512,1.692,1.896,1.696,1.825,2.072,2.280,2.279,2.389,2.585,2.460,2.602,2.831,2.932,3.187,3.547,3.764,4.010,4.279,2018.0,
626,CAF,PCPIPCH,Central African Republic,"Inflation, average consumer prices",Annual percentages of average consumer prices are year-on-year changes.,Percent change,Units,"See notes for:  Inflation, average consumer prices (Index).",13.300,14.660,13.243,14.558,2.604,10.457,2.411,-6.986,-3.934,0.645,-0.203,-2.848,-0.757,-2.909,24.550,19.200,3.842,1.623,-2.024,-1.554,3.365,4.083,2.266,4.386,-2.593,2.879,6.888,0.867,9.250,3.581,1.486,1.194,5.889,3.971,17.775,1.403,4.946,4.180,1.612,2.752,0.881,4.259,5.579,2.980,3.425,2.700,3.297,2.766,2.757,3.050,3.344,2023.0,
626,CAF,LP,Central African Republic,Population,"For census purposes, the total population of the country consists of all persons falling within the scope of the census. In the broadest sense, the total may comprise either all usual residents of the country or all persons present in the country at the time of the census. [Principles and Recommendations for Population and Housing Censuses, Revision 1, paragraph 2.42]",Persons,Millions,"Source: United Nations, Population Division, WPP (2024) Latest actual data: 2022 Primary domestic currency: CFA franc Data last updated: 03/13/2025",2.220,2.287,2.345,2.402,2.460,2.527,2.614,2.669,2.714,2.784,2.872,2.963,3.059,3.158,3.258,3.348,3.436,3.532,3.629,3.729,3.833,3.919,4.006,4.103,4.193,4.289,4.378,4.463,4.559,4.529,4.493,4.565,4.611,4.642,4.623,4.629,4.714,4.794,4.879,4.945,5.027,5.112,5.098,5.152,5.331,5.513,5.699,5.888,6.082,6.280,6.478,2022.0,
628,TCD,NGDP_R,Chad,"Gross domestic product, constant prices","Expressed in billions of national currency units; the base year is country-specific. Expenditure-based GDP is total final expenditures at purchasers' prices (including the f.o.b. value of exports of goods and services), less the f.o.b. value of imports of goods and services. [SNA 1993]",National currency,Billions,"Source: National Statistics Office Latest actual data: 2023 National accounts manual used: System of National Accounts (SNA) 2008 GDP valuation: Market prices Reporting in calendar year: Yes Start/end months of reporting year: January/December Base year: 2017. GDP was rebased to 2017 in 2022. Inflation was rebased to 2019 in 2020. Chain-weighted: Yes, from 2005 Primary domestic currency: CFA franc Data last updated: 03/17/2025","1,362.173","1,214.987","1,280.309","1,480.793","1,558.626","1,681.705","1,782.042","1,847.030","1,986.379","2,025.153","2,089.999","2,307.407","2,362.601","2,313.599","2,440.709","2,421.795","2,473.024","2,612.833","2,794.467","2,775.385","2,750.970","3,071.682","3,332.505","3,823.105","5,108.791","5,533.168","5,504.531","5,744.320","5,922.875","5,843.598","6,649.687","6,952.486","7,581.872","7,794.722","7,955.526","8,218.924","7,879.489","7,751.211","8,196.217","8,637.883","8,602.563","8,627.853","8,982.472","9,344.262","9,485.792","9,648.981","9,955.111","10,212.896","10,539.891","10,838.108","11,142.800",2023.0,
628,TCD,NGDPD,Chad,"Gross domestic product, current prices","Values are based upon GDP in national currency converted to U.S. dollars using market exchange rates (yearly average). Exchange rate projections are provided by country economists for the group of other emerging market and developing countries. Exchanges rates for advanced economies are established in the WEO assumptions for each WEO exercise. Expenditure-based GDP is total final expenditures at purchasers' prices (including the f.o.b. value of exports of goods and services), less the f.o.b. value of imports of goods and services. [SNA 1993]",U.S. dollars,Billions,"See notes for:  Gross domestic product, current prices (National currency).",0.958,1.133,1.095,1.096,1.177,1.275,1.570,1.780,2.081,1.966,2.369,2.347,2.446,2.138,1.732,2.123,2.360,2.268,2.561,2.256,2.039,2.512,2.928,4.025,6.490,8.660,9.710,10.867,13.384,12.304,14.070,16.682,17.904,17.866,18.149,14.561,13.023,13.344,15.334,14.906,14.954,16.881,17.867,18.343,19.078,18.792,19.732,20.675,21.769,22.898,24.120,2023.0,
628,TCD,PCPIPCH,Chad,"Inflation, average consumer prices",Annual percentages of average consumer prices are year-on-year changes.,Percent change,Units,"See notes for:  Inflation, average consumer prices (Index).",8.635,8.128,6.429,7.875,20.300,5.071,-13.054,-2.730,14.900,-4.900,0.500,4.200,-3.800,-10.874,41.272,5.364,11.331,5.572,4.259,-8.447,3.823,12.431,5.192,-1.753,-4.803,4.449,9.640,-7.440,8.333,10.103,-2.110,2.029,7.517,0.223,-5.498,4.833,-1.613,-0.912,4.027,-0.971,4.474,-0.795,5.832,4.110,5.706,3.908,3.504,2.997,2.980,2.977,3.036,2024.0,
628,TCD,LP,Chad,Population,"For census purposes, the total population of the country consists of all persons falling within the scope of the census. In the broadest sense, the total may comprise either all usual residents of the country or all persons present in the country at the time of the census. [Principles and Recommendations for Population and Housing Censuses, Revision 1, paragraph 2.42]",Persons,Millions,Source: United Nations World Population Prospects (2022) Latest actual data: 2022 Primary domestic currency: CFA franc Data last updated: 03/17/2025,4.514,4.613,4.718,4.832,4.958,5.095,5.247,5.413,5.590,5.774,5.963,6.157,6.357,6.564,6.781,7.010,7.251,7.503,7.770,8.054,8.356,8.678,9.019,9.374,9.735,10.097,10.457,10.818,11.184,11.560,11.952,12.361,12.785,13.220,13.664,14.111,14.562,15.017,15.478,15.947,16.426,16.915,17.414,17.921,18.437,18.961,19.491,20.030,20.576,21.129,21.690,2022.0,
228,CHL,NGDP_R,Chile,"Gross domestic product, constant prices","Expressed in billions of national currency units; the base year is country-specific. Expenditure-based GDP is total final expenditures at purchasers' prices (including the f.o.b. value of exports of goods and services), less the f.o.b. value of imports of goods and services. [SNA 1993]",National currency,Billions,"Source: Central Bank. Real annual data based on seasonally adjusted quarterly data. Latest actual data: 2024 National accounts manual used: System of National Accounts (SNA) 2008 GDP valuation: Market prices Reporting in calendar year: Yes Start/end months of reporting year: January/December Base year: 2018 Chain-weighted: Yes, from 2003 Primary domestic currency: Chilean peso Data last updated: 04/08/2025","39,896.651","42,375.111","36,617.199","35,591.172","37,685.906","38,427.670","40,578.170","43,248.540","46,400.425","51,321.140","53,205.308","57,357.659","63,762.621","67,963.801","71,382.514","77,759.328","81,635.499","87,669.781","91,335.156","91,085.234","95,613.646","98,629.335","101,788.234","106,595.943","113,710.428","120,347.757","127,628.786","134,224.936","139,311.245","137,753.694","145,814.558","154,889.906","164,423.907","169,863.885","172,908.950","176,629.851","179,726.240","182,166.376","189,434.868","190,636.580","178,924.870","199,170.078","203,460.188","204,520.965","209,929.136","214,193.965","218,866.689","223,807.647","228,988.400","234,267.579","239,495.969",2024.0,
228,CHL,NGDPD,Chile,"Gross domestic product, current prices","Values are based upon GDP in national currency converted to U.S. dollars using market exchange rates (yearly average). Exchange rate projections are provided by country economists for the group of other emerging market and developing countries. Exchanges rates for advanced economies are established in the WEO assumptions for each WEO exercise. Expenditure-based GDP is total final expenditures at purchasers' prices (including the f.o.b. value of exports of goods and services), less the f.o.b. value of imports of goods and services. [SNA 1993]",U.S. dollars,Billions,"See notes for:  Gross domestic product, current prices (National currency).",29.032,34.374,25.630,20.819,20.246,17.360,18.662,22.010,25.947,29.889,33.231,38.249,46.597,49.855,57.517,74.119,78.575,85.730,81.996,75.596,78.250,71.517,70.295,76.508,99.079,122.315,153.840,172.565,179.663,171.794,217.105,251.225,267.165,277.218,259.394,242.515,249.306,276.357,295.428,278.040,254.060,315.411,301.270,335.627,330.210,343.823,357.690,373.212,389.242,405.801,422.793,2024.0,
228,CHL,PCPIPCH,Chile,"Inflation, average consumer prices",Annual percentages of average consumer prices are year-on-year changes.,Percent change,Units,"See notes for:  Inflation, average consumer prices (Index).",35.138,19.687,9.941,27.257,19.860,30.703,19.477,19.881,14.684,17.028,26.036,21.784,15.426,12.728,11.443,8.233,7.359,6.134,5.110,3.337,3.843,3.569,2.489,2.810,1.055,3.052,3.392,4.408,8.716,1.484,1.410,3.341,3.006,1.794,4.715,4.349,3.787,2.182,2.319,2.254,3.045,4.525,11.644,7.582,3.927,4.363,3.172,3.000,3.000,3.000,3.000,2024.0,
228,CHL,LP,Chile,Population,"For census purposes, the total population of the country consists of all persons falling within the scope of the census. In the broadest sense, the total may comprise either all usual residents of the country or all persons present in the country at the time of the census. [Principles and Recommendations for Population and Housing Censuses, Revision 1, paragraph 2.42]",Persons,Millions,Source: National Statistics Office Latest actual data: 2020 Primary domestic currency: Chilean peso Data last updated: 04/08/2025,11.174,11.360,11.545,11.731,11.917,12.102,12.317,12.533,12.748,12.963,13.179,13.422,13.737,13.957,14.172,14.381,14.585,14.783,14.975,15.162,15.343,15.520,15.692,15.857,16.022,16.183,16.348,16.518,16.698,16.881,17.064,17.254,17.443,17.612,17.788,17.971,18.167,18.419,18.751,19.107,19.458,19.678,19.829,19.961,20.086,20.207,20.323,20.434,20.540,20.640,20.735,2020.0,
924,CHN,NGDP_R,China,"Gross domestic product, constant prices","Expressed in billions of national currency units; the base year is country-specific. Expenditure-based GDP is total final expenditures at purchasers' prices (including the f.o.b. value of exports of goods and services), less the f.o.b. value of imports of goods and services. [SNA 1993]",National currency,Billions,Source: National Statistics Office. Data retrieved from CEIC Latest actual data: 2024 National accounts manual used: System of National Accounts (SNA) 2008 GDP valuation: Market prices. Authorities publish production-based measure; staff estimates expenditure-based measures. Reporting in calendar year: Yes Start/end months of reporting year: January/December Base year: 2015 Chain-weighted: No Primary domestic currency: Chinese yuan Data last updated: 04/08/2025,"2,653.619","2,788.954","3,039.959","3,368.275","3,880.253","4,404.132","4,796.100","5,357.244","5,957.255","6,207.460","6,448.818","7,106.805","8,121.453","9,253.224","10,465.602","11,618.511","12,776.660","13,967.297","15,075.453","16,244.883","17,637.471","19,104.810","20,865.193","22,977.025","25,301.188","28,194.844","31,765.583","36,261.555","39,756.507","43,511.510","48,117.958","52,665.566","56,798.579","61,212.191","65,797.797","70,415.749","75,186.802","80,367.892","85,799.647","91,003.169","93,129.531","101,097.421","104,243.655","109,848.646","115,344.138","119,904.942","124,650.134","129,904.437","135,171.465","140,167.063","144,901.374",2024.0,
924,CHN,NGDPD,China,"Gross domestic product, current prices","Values are based upon GDP in national currency converted to U.S. dollars using market exchange rates (yearly average). Exchange rate projections are provided by country economists for the group of other emerging market and developing countries. Exchanges rates for advanced economies are established in the WEO assumptions for each WEO exercise. Expenditure-based GDP is total final expenditures at purchasers' prices (including the f.o.b. value of exports of goods and services), less the f.o.b. value of imports of goods and services. [SNA 1993]",U.S. dollars,Billions,"See notes for:  Gross domestic product, current prices (National currency).",303.550,289.215,285.139,306.013,314.832,310.709,301.471,328.305,409.363,458.985,397.359,415.946,495.515,621.918,566.297,737.654,868.770,967.886,"1,035.510","1,101.134","1,220.337","1,351.372","1,486.618","1,680.942","1,978.937","2,325.515","2,797.286","3,612.210","4,653.314","5,176.180","6,138.992","7,624.861","8,682.939","9,782.784","10,701.415","11,307.226","11,448.003","12,503.299","14,110.963","14,572.410","15,103.357","18,190.803","18,307.816","18,270.351","18,748.009","19,231.705","20,375.858","21,706.811","23,102.978","24,454.647","25,827.523",2024.0,
924,CHN,PCPIPCH,China,"Inflation, average consumer prices",Annual percentages of average consumer prices are year-on-year changes.,Percent change,Units,"See notes for:  Inflation, average consumer prices (Index).",,2.500,2.000,2.000,2.700,9.300,6.500,7.300,18.800,18.000,3.256,3.563,6.357,14.624,24.283,16.794,8.312,2.781,-0.781,-1.401,0.352,0.724,-0.766,1.162,3.893,1.809,1.467,4.774,5.845,-0.692,3.330,5.416,2.621,2.625,1.995,1.442,1.996,1.579,2.092,2.905,2.490,0.918,1.976,0.228,0.212,-0.026,0.634,1.415,1.809,1.878,1.974,2024.0,
924,CHN,LP,China,Population,"For census purposes, the total population of the country consists of all persons falling within the scope of the census. In the broadest sense, the total may comprise either all usual residents of the country or all persons present in the country at the time of the census. [Principles and Recommendations for Population and Housing Censuses, Revision 1, paragraph 2.42]",Persons,Millions,Source: National Statistics Office. Data retrieved from CEIC Latest actual data: 2024 Primary domestic currency: Chinese yuan Data last updated: 04/08/2025,987.050,"1,000.720","1,016.540","1,030.080","1,043.570","1,058.510","1,075.070","1,093.000","1,110.260","1,127.040","1,143.330","1,158.230","1,171.710","1,185.170","1,198.500","1,211.210","1,223.890","1,236.260","1,247.610","1,257.860","1,267.430","1,276.270","1,284.530","1,292.270","1,299.880","1,307.560","1,314.480","1,321.290","1,328.020","1,334.500","1,340.910","1,349.160","1,359.220","1,367.260","1,376.460","1,383.260","1,392.320","1,400.110","1,405.410","1,410.080","1,412.120","1,412.600","1,411.750","1,409.670","1,408.280","1,405.080","1,401.923","1,398.713","1,395.198","1,391.374","1,387.277",2024.0,
233,COL,NGDP_R,Colombia,"Gross domestic product, constant prices","Expressed in billions of national currency units; the base year is country-specific. Expenditure-based GDP is total final expenditures at purchasers' prices (including the f.o.b. value of exports of goods and services), less the f.o.b. value of imports of goods and services. [SNA 1993]",National currency,Billions,"Source: National Statistics Office Latest actual data: 2024 National accounts manual used: System of National Accounts (SNA) 2008 GDP valuation: Market prices Reporting in calendar year: Yes Start/end months of reporting year: January/December Base year: 2015. DANE (Colombia Institute of Statistics) has done a rebasing of the national accounts (now base year is 2015 and before 2005). Data with the new base is ONLY AVAILABLE FROM 2005. The change also includes methodological changes (for example, direct estimati Chain-weighted: Yes, from 2005 Primary domestic currency: Colombian peso Data last updated: 04/10/2025","236,301.221","241,681.499","243,973.657","247,813.695","256,117.148","264,074.980","279,454.908","294,458.652","306,425.962","316,887.639","330,456.762","338,294.937","353,021.779","373,179.899","392,388.761","412,802.541","421,289.161","435,740.617","438,223.398","419,800.419","432,079.000","439,329.000","450,330.000","467,975.000","492,932.000","514,853.000","549,436.000","586,458.000","605,713.000","612,616.000","640,151.000","684,628.000","711,415.000","747,940.000","781,589.000","804,693.000","821,489.000","832,657.000","854,008.000","881,225.000","817,899.000","906,243.000","972,655.000","979,583.000","996,666.000","1,020,733.071","1,047,530.189","1,076,442.022","1,106,151.822","1,136,681.612","1,168,054.024",2024.0,
233,COL,NGDPD,Colombia,"Gross domestic product, current prices","Values are based upon GDP in national currency converted to U.S. dollars using market exchange rates (yearly average). Exchange rate projections are provided by country economists for the group of other emerging market and developing countries. Exchanges rates for advanced economies are established in the WEO assumptions for each WEO exercise. Expenditure-based GDP is total final expenditures at purchasers' prices (including the f.o.b. value of exports of goods and services), less the f.o.b. value of imports of goods and services. [SNA 1993]",U.S. dollars,Billions,"See notes for:  Gross domestic product, current prices (National currency).",46.501,50.661,54.252,53.920,53.257,48.581,48.648,50.640,54.592,55.048,56.071,57.954,68.579,77.721,97.665,110.564,116.130,127.490,117.725,103.132,99.270,97.606,97.353,94.072,116.382,145.600,161.793,206.230,242.504,232.469,286.499,334.966,370.692,382.094,381.241,293.493,282.720,311.890,334.124,323.055,270.348,318.525,345.632,366.292,418.542,427.766,445.650,466.154,488.083,510.905,534.345,2024.0,
233,COL,PCPIPCH,Colombia,"Inflation, average consumer prices",Annual percentages of average consumer prices are year-on-year changes.,Percent change,Units,"See notes for:  Inflation, average consumer prices (Index).",25.932,27.393,24.860,19.526,16.283,23.906,18.848,23.334,28.100,25.935,29.115,30.318,27.020,22.449,22.851,20.884,20.803,18.476,18.650,10.876,9.218,7.958,6.350,7.120,5.906,5.048,4.303,5.543,7.001,4.193,2.268,3.415,3.174,2.022,2.905,4.991,7.507,4.312,3.242,3.521,2.527,3.504,10.184,11.729,6.602,4.693,3.069,3.046,3.010,2.965,3.022,2024.0,
233,COL,LP,Colombia,Population,"For census purposes, the total population of the country consists of all persons falling within the scope of the census. In the broadest sense, the total may comprise either all usual residents of the country or all persons present in the country at the time of the census. [Principles and Recommendations for Population and Housing Censuses, Revision 1, paragraph 2.42]",Persons,Millions,"Source: National Statistics Office Latest actual data: 2024 Notes: Based on the 2020 National Census of Housing and Population, the National Statistical Office (DANE) has published projections and retro-projections of population for the periods 1950-2017 and 2018-2070. Primary domestic currency: Colombian peso Data last updated: 04/10/2025",27.639,28.255,28.875,29.498,30.124,29.921,30.541,31.181,31.834,32.494,33.156,33.845,34.522,35.181,35.817,36.426,37.019,37.505,38.088,38.573,39.152,39.656,40.156,40.661,41.166,41.672,42.170,42.659,43.134,43.609,44.086,44.553,45.002,45.435,45.866,46.314,46.830,47.419,48.258,49.396,50.408,51.117,51.683,52.216,52.696,53.111,53.475,53.808,54.120,54.417,54.706,2024.0,
632,COM,NGDP_R,Comoros,"Gross domestic product, constant prices","Expressed in billions of national currency units; the base year is country-specific. Expenditure-based GDP is total final expenditures at purchasers' prices (including the f.o.b. value of exports of goods and services), less the f.o.b. value of imports of goods and services. [SNA 1993]",National currency,Billions,Source: National Statistics Office. NATIONAL_STATISTICS_OFFICE Latest actual data: 2022 National accounts manual used: System of National Accounts (SNA) 1993 GDP valuation: Market prices Reporting in calendar year: Yes Start/end months of reporting year: January/December Base year: 2007 Chain-weighted: No Primary domestic currency: Comorian franc Data last updated: 03/17/2025,151.044,159.294,165.758,170.885,178.005,182.952,186.741,190.621,200.096,198.261,212.811,199.687,214.380,219.841,211.077,222.976,221.838,231.622,231.680,237.930,235.534,248.299,259.715,264.739,272.947,288.410,283.350,285.627,296.951,306.574,318.156,331.339,341.837,357.104,364.627,368.811,381.057,395.597,410.007,417.226,416.410,424.739,435.795,448.848,463.831,481.345,502.158,524.648,547.246,568.098,589.757,2022.0,
632,COM,NGDPD,Comoros,"Gross domestic product, current prices","Values are based upon GDP in national currency converted to U.S. dollars using market exchange rates (yearly average). Exchange rate projections are provided by country economists for the group of other emerging market and developing countries. Exchanges rates for advanced economies are established in the WEO assumptions for each WEO exercise. Expenditure-based GDP is total final expenditures at purchasers' prices (including the f.o.b. value of exports of goods and services), less the f.o.b. value of imports of goods and services. [SNA 1993]",U.S. dollars,Billions,"See notes for:  Gross domestic product, current prices (National currency).",0.243,0.213,0.202,0.196,0.189,0.192,0.258,0.313,0.336,0.329,0.402,0.401,0.437,0.428,0.315,0.393,0.392,0.363,0.364,0.372,0.340,0.373,0.427,0.547,0.622,0.656,0.689,0.796,0.916,0.904,0.909,1.023,1.016,1.116,1.150,0.966,1.013,1.077,1.179,1.188,1.218,1.273,1.223,1.335,1.456,1.548,1.653,1.754,1.857,1.966,2.087,2022.0,
632,COM,PCPIPCH,Comoros,"Inflation, average consumer prices",Annual percentages of average consumer prices are year-on-year changes.,Percent change,Units,"See notes for:  Inflation, average consumer prices (Index).",13.329,6.500,15.211,9.210,6.055,8.382,-11.289,3.300,0.290,4.440,-7.390,1.700,-1.400,2.000,25.300,3.150,2.400,1.500,1.200,1.100,5.900,5.571,3.578,3.713,4.496,3.007,3.389,4.486,4.816,4.789,3.899,2.231,5.910,0.416,-0.008,0.941,0.802,0.092,1.702,3.701,0.800,-0.015,12.444,8.482,5.048,2.220,2.200,1.923,1.923,1.923,1.923,2023.0,
632,COM,LP,Comoros,Population,"For census purposes, the total population of the country consists of all persons falling within the scope of the census. In the broadest sense, the total may comprise either all usual residents of the country or all persons present in the country at the time of the census. [Principles and Recommendations for Population and Housing Censuses, Revision 1, paragraph 2.42]",Persons,Millions,Source: IMF Staff Estimates. Latest census was 2003 Latest actual data: 2022 Primary domestic currency: Comorian franc Data last updated: 03/17/2025,0.337,0.345,0.354,0.362,0.366,0.376,0.386,0.397,0.408,0.420,0.431,0.442,0.453,0.463,0.473,0.484,0.494,0.505,0.516,0.526,0.537,0.548,0.559,0.570,0.581,0.593,0.605,0.617,0.629,0.642,0.656,0.670,0.685,0.699,0.715,0.730,0.746,0.762,0.776,0.791,0.806,0.822,0.851,0.870,0.890,0.910,0.930,0.950,0.970,0.991,1.012,2022.0,
636,COD,NGDP_R,Democratic Republic of the Congo,"Gross domestic product, constant prices","Expressed in billions of national currency units; the base year is country-specific. Expenditure-based GDP is total final expenditures at purchasers' prices (including the f.o.b. value of exports of goods and services), less the f.o.b. value of imports of goods and services. [SNA 1993]",National currency,Billions,"Source: National Statistics Office Latest actual data: 2020 Notes: Data prior to 2001 cannot be confirmed by national sources at this time. National accounts manual used: System of National Accounts (SNA) 1993 GDP valuation: Market prices Reporting in calendar year: Yes Start/end months of reporting year: January/December Base year: 2005 Chain-weighted: Yes, from 2005 Primary domestic currency: Congolese franc Data last updated: 03/21/2025","8,372.439","8,451.520","8,413.109","8,531.731","8,945.047","8,986.569","9,410.760","9,662.132","9,707.020","9,584.701","8,955.147","8,198.841","7,341.104","6,352.382","5,962.095","6,126.792","6,008.254","5,537.209","5,322.636","5,120.246","4,703.668","4,604.883","4,740.624","5,055.048","5,442.306","5,975.851","6,281.154","6,816.932","7,321.503","7,362.905","7,940.378","8,543.316","9,283.901","10,177.429","10,920.613","11,615.136","11,660.880","12,087.475","12,670.754","13,239.085","13,460.315","13,692.655","14,955.062","16,225.974","17,277.860","18,088.526","19,023.819","20,044.791","21,178.465","22,342.793","23,491.466",2020.0,
636,COD,NGDPD,Democratic Republic of the Congo,"Gross domestic product, current prices","Values are based upon GDP in national currency converted to U.S. dollars using market exchange rates (yearly average). Exchange rate projections are provided by country economists for the group of other emerging market and developing countries. Exchanges rates for advanced economies are established in the WEO assumptions for each WEO exercise. Expenditure-based GDP is total final expenditures at purchasers' prices (including the f.o.b. value of exports of goods and services), less the f.o.b. value of imports of goods and services. [SNA 1993]",U.S. dollars,Billions,"See notes for:  Gross domestic product, current prices (National currency).",68.606,59.726,64.939,52.378,34.951,31.943,35.840,33.932,39.314,40.006,41.448,40.250,36.333,47.450,25.746,25.021,32.099,28.819,21.089,19.147,19.077,7.246,8.720,9.022,10.275,12.720,15.403,18.598,22.665,18.626,22.340,26.406,30.074,34.908,38.355,40.154,38.086,39.461,48.037,50.891,49.613,55.327,63.324,64.402,71.011,79.119,84.848,90.631,97.106,103.903,110.781,2020.0,
636,COD,PCPIPCH,Democratic Republic of the Congo,"Inflation, average consumer prices",Annual percentages of average consumer prices are year-on-year changes.,Percent change,Units,"See notes for:  Inflation, average consumer prices (Index).",40.039,34.884,37.069,76.730,52.630,23.460,46.730,90.370,82.749,104.065,81.295,"2,154.440","4,129.170","1,986.900","23,773.100",541.801,617.000,199.000,29.145,284.900,550.000,357.280,25.316,12.817,4.001,21.545,12.845,16.672,17.966,46.101,23.461,14.950,0.857,0.876,1.240,0.738,3.193,35.734,29.266,4.705,11.358,8.989,9.266,19.894,17.653,8.894,7.153,6.952,6.952,7.000,7.000,2024.0,
636,COD,LP,Democratic Republic of the Congo,Population,"For census purposes, the total population of the country consists of all persons falling within the scope of the census. In the broadest sense, the total may comprise either all usual residents of the country or all persons present in the country at the time of the census. [Principles and Recommendations for Population and Housing Censuses, Revision 1, paragraph 2.42]",Persons,Millions,Source: UN Population Latest actual data: 2024 Notes: There has not been a census since 1984. Primary domestic currency: Congolese franc Data last updated: 03/21/2025,25.124,25.953,26.810,27.694,28.608,29.552,30.528,31.535,32.576,33.651,34.761,35.908,37.334,38.816,40.253,41.576,42.757,44.838,45.734,46.649,48.049,49.449,50.971,52.602,54.315,56.090,57.927,59.835,61.809,63.845,65.939,68.087,70.291,72.553,74.877,77.267,79.801,82.417,85.120,87.911,90.794,93.751,96.801,99.948,103.197,106.552,110.020,113.605,117.314,121.142,125.093,2024.0,
634,COG,NGDP_R,Republic of Congo,"Gross domestic product, constant prices","Expressed in billions of national currency units; the base year is country-specific. Expenditure-based GDP is total final expenditures at purchasers' prices (including the f.o.b. value of exports of goods and services), less the f.o.b. value of imports of goods and services. [SNA 1993]",National currency,Billions,Source: National Statistics Office Latest actual data: 2021 National accounts manual used: System of National Accounts (SNA) 1993 GDP valuation: Market prices Reporting in calendar year: Yes Start/end months of reporting year: January/December Base year: 2005 Chain-weighted: No Primary domestic currency: CFA franc Data last updated: 04/10/2025,"1,405.579","1,442.302","1,477.064","1,512.403","1,548.329","1,584.851","1,621.981","1,659.727","2,023.337","2,453.689","2,478.310","2,562.627","2,669.762","2,704.883","2,666.975","2,772.722","2,869.641","2,840.830","3,095.075","2,981.253","3,331.621","3,170.953","3,202.191","3,216.877","3,210.535","3,506.269","3,786.288","3,535.863","3,758.848","4,196.276","4,613.019","4,714.779","5,183.765","5,146.834","5,492.530","5,297.514","5,032.982","4,751.398","4,641.911","4,694.108","4,399.892","4,446.391","4,526.360","4,615.844","4,735.658","4,892.449","5,047.336","5,225.049","5,426.359","5,635.063","5,852.163",2021.0,
634,COG,NGDPD,Republic of Congo,"Gross domestic product, current prices","Values are based upon GDP in national currency converted to U.S. dollars using market exchange rates (yearly average). Exchange rate projections are provided by country economists for the group of other emerging market and developing countries. Exchanges rates for advanced economies are established in the WEO assumptions for each WEO exercise. Expenditure-based GDP is total final expenditures at purchasers' prices (including the f.o.b. value of exports of goods and services), less the f.o.b. value of imports of goods and services. [SNA 1993]",U.S. dollars,Billions,"See notes for:  Gross domestic product, current prices (National currency).",2.165,1.775,1.548,1.407,1.294,1.327,1.815,2.205,2.346,2.478,2.909,3.035,3.280,3.004,2.068,2.457,2.840,2.568,2.240,2.646,3.624,3.038,3.330,3.863,5.101,6.654,8.073,8.784,11.649,9.713,13.159,15.653,17.704,17.959,17.918,11.891,10.928,11.830,14.781,13.977,11.485,13.387,13.967,14.169,14.893,15.281,16.190,17.290,18.528,19.846,21.223,2021.0,
634,COG,PCPIPCH,Republic of Congo,"Inflation, average consumer prices",Annual percentages of average consumer prices are year-on-year changes.,Percent change,Units,"See notes for:  Inflation, average consumer prices (Index).",7.296,0.782,3.454,3.471,3.488,3.505,3.521,3.537,-13.013,-9.582,0.343,9.358,-3.162,-4.100,7.497,6.300,7.400,12.700,2.200,3.000,0.500,0.844,2.985,1.690,3.670,2.466,4.658,2.595,6.020,4.339,0.391,1.761,5.009,4.631,0.912,3.168,3.191,0.449,1.153,0.400,1.373,1.969,3.026,4.310,3.058,3.300,3.200,3.000,3.000,3.000,3.000,2023.0,
634,COG,LP,Republic of Congo,Population,"For census purposes, the total population of the country consists of all persons falling within the scope of the census. In the broadest sense, the total may comprise either all usual residents of the country or all persons present in the country at the time of the census. [Principles and Recommendations for Population and Housing Censuses, Revision 1, paragraph 2.42]",Persons,Millions,Source: UN Department of Economic and Social AffairsPopulation Division Latest actual data: 2024 Primary domestic currency: CFA franc Data last updated: 04/10/2025,1.707,1.760,1.814,1.870,1.928,1.988,2.049,2.112,2.177,2.314,2.385,2.453,2.521,2.594,2.669,2.742,2.817,2.875,2.937,3.017,3.134,3.254,3.331,3.425,3.543,3.673,3.813,3.956,4.090,4.257,4.438,4.584,4.713,4.828,4.945,5.064,5.187,5.312,5.441,5.571,5.702,5.836,5.970,6.138,6.309,6.486,6.668,6.854,7.046,7.244,7.446,2024.0,
238,CRI,NGDP_R,Costa Rica,"Gross domestic product, constant prices","Expressed in billions of national currency units; the base year is country-specific. Expenditure-based GDP is total final expenditures at purchasers' prices (including the f.o.b. value of exports of goods and services), less the f.o.b. value of imports of goods and services. [SNA 1993]",National currency,Billions,"Source: Central Bank Latest actual data: 2024 National accounts manual used: System of National Accounts (SNA) 2008 GDP valuation: Market prices Reporting in calendar year: Yes Start/end months of reporting year: January/December Base year: 2017. As of January 2021, national accounts data reflect an updated series (including for all historical years) with 2017 as the benchmark year. Chain-weighted: Yes, from 2016 Primary domestic currency: Costa Rican colón Data last updated: 04/14/2025","8,321.485","8,133.458","7,540.914","7,756.541","8,379.273","8,439.738","8,906.983","9,331.359","9,651.625","10,198.484","10,565.629","10,804.736","11,798.891","12,636.281","13,207.318","13,755.944","13,941.713","14,705.184","15,757.385","16,421.529","17,056.832","17,652.315","18,255.473","19,043.594","19,886.197","20,677.005","22,191.946","24,015.044","25,152.918","24,933.219","26,269.725","27,426.423","28,765.543","29,483.176","30,527.503","31,642.392","32,972.740","34,343.647","35,242.045","36,094.025","34,551.600","37,293.532","38,990.945","40,984.131","42,755.147","44,227.048","45,746.024","47,363.532","49,034.969","50,755.408","52,531.847",2024.0,
238,CRI,NGDPD,Costa Rica,"Gross domestic product, current prices","Values are based upon GDP in national currency converted to U.S. dollars using market exchange rates (yearly average). Exchange rate projections are provided by country economists for the group of other emerging market and developing countries. Exchanges rates for advanced economies are established in the WEO assumptions for each WEO exercise. Expenditure-based GDP is total final expenditures at purchasers' prices (including the f.o.b. value of exports of goods and services), less the f.o.b. value of imports of goods and services. [SNA 1993]",U.S. dollars,Billions,"See notes for:  Gross domestic product, current prices (National currency).",4.854,2.636,2.619,3.162,3.678,3.941,4.425,4.554,4.636,5.250,5.737,7.197,8.566,9.586,10.489,11.578,11.683,12.618,13.688,14.259,15.016,15.979,16.584,17.277,18.615,20.049,22.717,26.885,30.802,30.746,37.656,42.762,47.231,50.949,52.017,56.442,58.847,60.517,62.422,64.412,62.382,64.954,69.235,86.509,95.365,102.591,108.600,115.153,122.141,129.377,137.040,2024.0,
238,CRI,PCPIPCH,Costa Rica,"Inflation, average consumer prices",Annual percentages of average consumer prices are year-on-year changes.,Percent change,Units,"See notes for:  Inflation, average consumer prices (Index).",18.121,36.806,90.271,32.503,12.013,15.129,11.788,16.806,20.845,16.491,19.069,20.195,21.788,9.781,13.534,23.186,17.512,13.248,11.660,10.045,10.961,11.256,9.167,9.448,12.315,13.798,11.471,9.357,13.425,7.843,5.663,4.878,4.496,5.231,4.519,0.802,-0.017,1.626,2.221,2.096,0.725,1.727,8.275,0.525,-0.412,2.160,3.000,3.000,3.000,3.000,3.000,2024.0,
238,CRI,LP,Costa Rica,Population,"For census purposes, the total population of the country consists of all persons falling within the scope of the census. In the broadest sense, the total may comprise either all usual residents of the country or all persons present in the country at the time of the census. [Principles and Recommendations for Population and Housing Censuses, Revision 1, paragraph 2.42]",Persons,Millions,Source: National Statistics Office Latest actual data: 2024 Primary domestic currency: Costa Rican colón Data last updated: 04/14/2025,2.302,2.372,2.443,2.514,2.588,2.666,2.746,2.824,2.901,2.977,3.051,3.122,3.191,3.275,3.373,3.470,3.565,3.657,3.747,3.838,3.810,3.953,4.022,4.086,4.152,4.215,4.279,4.340,4.404,4.469,4.554,4.613,4.673,4.733,4.793,4.851,4.909,4.966,5.022,5.075,5.128,5.180,5.229,5.278,5.325,5.373,5.420,5.469,5.517,5.566,5.616,2024.0,
662,CIV,NGDP_R,Côte d'Ivoire,"Gross domestic product, constant prices","Expressed in billions of national currency units; the base year is country-specific. Expenditure-based GDP is total final expenditures at purchasers' prices (including the f.o.b. value of exports of goods and services), less the f.o.b. value of imports of goods and services. [SNA 1993]",National currency,Billions,"Source: National Statistics Office Latest actual data: 2023 National accounts manual used: System of National Accounts (SNA) 2008 GDP valuation: Market prices Reporting in calendar year: Yes Start/end months of reporting year: January/December Base year: 2015. The authorities' rebasing exercise to 2015 is ongoing Chain-weighted: Yes, from 2015 Primary domestic currency: CFA franc Data last updated: 04/10/2025","12,828.209","13,276.888","13,303.441","12,970.855","12,711.438","13,169.050","13,801.164","13,732.159","13,888.705","14,298.422","14,142.569","14,148.226","14,112.856","14,087.453","14,111.598","14,897.855","16,109.899","17,031.813","17,871.597","18,160.675","17,785.040","17,806.626","17,509.675","17,271.625","17,484.372","17,785.321","18,054.919","18,373.595","18,840.806","19,453.406","19,845.906","18,881.923","20,933.260","22,874.180","24,885.753","27,086.367","29,029.000","31,180.660","32,690.374","34,887.656","35,132.154","37,613.284","40,020.491","42,601.996","45,158.115","48,003.077","51,075.273","54,395.166","57,985.247","62,044.215","66,263.221",2023.0,
662,CIV,NGDPD,Côte d'Ivoire,"Gross domestic product, current prices","Values are based upon GDP in national currency converted to U.S. dollars using market exchange rates (yearly average). Exchange rate projections are provided by country economists for the group of other emerging market and developing countries. Exchanges rates for advanced economies are established in the WEO assumptions for each WEO exercise. Expenditure-based GDP is total final expenditures at purchasers' prices (including the f.o.b. value of exports of goods and services), less the f.o.b. value of imports of goods and services. [SNA 1993]",U.S. dollars,Billions,"See notes for:  Gross domestic product, current prices (National currency).",13.877,11.502,10.320,9.312,9.284,9.470,12.675,13.944,14.092,13.487,14.923,14.504,15.416,15.268,11.492,15.205,16.780,16.203,17.433,17.114,14.851,15.485,17.148,21.206,22.924,23.626,24.628,28.158,33.621,33.693,34.431,35.529,37.030,43.228,48.882,45.815,48.408,52.512,58.522,60.383,63.119,72.833,71.075,79.630,87.096,94.483,103.102,111.880,121.578,132.669,144.524,2023.0,
662,CIV,PCPIPCH,Côte d'Ivoire,"Inflation, average consumer prices",Annual percentages of average consumer prices are year-on-year changes.,Percent change,Units,"See notes for:  Inflation, average consumer prices (Index).",8.810,8.682,7.389,5.879,4.281,1.753,6.837,6.978,6.935,0.986,-0.658,1.575,4.218,2.130,25.956,14.100,2.700,6.301,4.503,0.744,2.534,4.355,3.080,3.297,1.459,3.884,2.466,1.896,1.706,0.518,1.751,4.895,1.300,2.584,0.490,1.151,0.649,0.556,0.624,0.806,2.415,4.159,5.208,4.389,3.460,3.000,2.200,2.000,2.000,2.000,2.000,2024.0,
662,CIV,LP,Côte d'Ivoire,Population,"For census purposes, the total population of the country consists of all persons falling within the scope of the census. In the broadest sense, the total may comprise either all usual residents of the country or all persons present in the country at the time of the census. [Principles and Recommendations for Population and Housing Censuses, Revision 1, paragraph 2.42]",Persons,Millions,Source: National Statistics Office Latest actual data: 2021 Notes: Data prior to 1996 are preliminary in light of a pending re-basing operation. Primary domestic currency: CFA franc Data last updated: 04/10/2025,7.864,8.043,8.355,8.779,9.025,9.374,9.742,10.120,10.214,10.630,11.064,11.508,11.961,13.142,13.536,13.929,14.324,14.836,15.367,15.806,16.258,16.723,17.201,17.693,18.199,18.719,19.254,19.805,20.371,20.954,21.553,22.169,22.803,23.455,24.126,24.816,25.525,26.255,27.006,27.778,28.572,29.389,30.229,31.094,31.983,32.897,33.838,34.806,35.801,36.825,37.877,2021.0,
960,HRV,NGDP_R,Croatia,"Gross domestic product, constant prices","Expressed in billions of national currency units; the base year is country-specific. Expenditure-based GDP is total final expenditures at purchasers' prices (including the f.o.b. value of exports of goods and services), less the f.o.b. value of imports of goods and services. [SNA 1993]",National currency,Billions,"Source: National Statistics Office. By the Croatian Bureau of Statistics (CBS, www.dzs.hr). Latest actual data: 2024 Notes: The authorities produce data from 1995 only; earlier data for the GDP and its components result from splicing. The GDP estimates include all economic activities within the ESA 2010 production boundary, covering both registered and unregistered activities. National accounts manual used: European System of Accounts (ESA) 2010 GDP valuation: Market prices. Gross domestic product (GDP) by expenditure approach is valued at market prices and gross value added (GVA) by production approach is valued at basic prices. Reporting in calendar year: Yes Start/end months of reporting year: January/December Base year: 2021. Base year changed from 2015 to 2021 by the Croatian Bureau of Statistics (CBS). Chain-weighted: No Primary domestic currency: Euro Data last updated: 04/08/2025",,,,,,,,,,,,,31.570,29.044,30.758,32.798,34.725,37.032,37.722,37.369,38.770,39.975,42.295,44.650,46.513,48.525,50.992,53.566,54.620,50.898,50.220,50.170,49.040,48.978,48.706,49.837,51.562,53.254,54.800,56.499,51.803,58.348,62.599,64.666,67.133,69.234,71.129,73.005,74.903,76.776,78.695,2024.0,
960,HRV,NGDPD,Croatia,"Gross domestic product, current prices","Values are based upon GDP in national currency converted to U.S. dollars using market exchange rates (yearly average). Exchange rate projections are provided by country economists for the group of other emerging market and developing countries. Exchanges rates for advanced economies are established in the WEO assumptions for each WEO exercise. Expenditure-based GDP is total final expenditures at purchasers' prices (including the f.o.b. value of exports of goods and services), less the f.o.b. value of imports of goods and services. [SNA 1993]",U.S. dollars,Billions,"See notes for:  Gross domestic product, current prices (National currency).",,,,,,,,,,,,,0.568,7.358,16.669,20.657,22.104,22.101,23.971,23.593,22.145,23.067,26.739,35.239,41.820,45.035,49.593,59.303,68.469,62.255,59.032,62.889,57.585,59.854,59.628,51.012,52.640,56.166,61.694,61.472,57.919,69.055,71.260,84.416,92.506,98.951,104.903,109.941,115.255,120.670,126.466,2024.0,
960,HRV,PCPIPCH,Croatia,"Inflation, average consumer prices",Annual percentages of average consumer prices are year-on-year changes.,Percent change,Units,"See notes for:  Inflation, average consumer prices (Index).",,,,,,,,,,,,,,"1,518.531",97.505,1.963,3.644,3.709,6.709,4.014,4.605,4.260,2.534,2.399,2.144,2.995,3.288,2.659,5.803,2.225,1.083,2.210,3.353,2.326,0.220,-0.256,-0.630,1.302,1.557,0.791,-0.030,2.724,10.670,8.393,4.017,3.704,2.574,2.249,2.195,2.210,2.199,2024.0,
960,HRV,LP,Croatia,Population,"For census purposes, the total population of the country consists of all persons falling within the scope of the census. In the broadest sense, the total may comprise either all usual residents of the country or all persons present in the country at the time of the census. [Principles and Recommendations for Population and Housing Censuses, Revision 1, paragraph 2.42]",Persons,Millions,"Source: National Statistics Office. By the Croatian Bureau of Statistics (CBS, www.dzs.hr). Latest actual data: 2023 Primary domestic currency: Euro Data last updated: 04/08/2025",,,,,,,,,,,,,4.730,4.624,4.524,4.453,4.494,4.572,4.501,4.554,4.381,4.300,4.302,4.303,4.305,4.310,4.311,4.310,4.310,4.305,4.295,4.281,4.268,4.256,4.202,4.152,4.107,4.041,3.989,3.949,3.914,3.879,3.856,3.860,3.856,3.854,3.852,3.850,3.848,3.847,3.845,2023.0,
423,CYP,NGDP_R,Cyprus,"Gross domestic product, constant prices","Expressed in billions of national currency units; the base year is country-specific. Expenditure-based GDP is total final expenditures at purchasers' prices (including the f.o.b. value of exports of goods and services), less the f.o.b. value of imports of goods and services. [SNA 1993]",National currency,Billions,"Source: Eurostat Latest actual data: 2024 National accounts manual used: European System of Accounts (ESA) 2010 GDP valuation: Market prices Reporting in calendar year: Yes Start/end months of reporting year: January/December Base year: 2010 Chain-weighted: Yes, from 1995 Primary domestic currency: Euro Data last updated: 04/11/2025",4.805,4.952,5.263,5.542,6.032,6.318,6.545,7.012,7.595,8.209,8.817,8.882,9.714,9.782,10.359,11.387,11.529,11.834,12.557,13.184,13.971,14.523,15.064,15.459,16.236,17.024,17.826,18.735,19.418,19.027,19.461,19.542,18.868,17.626,17.312,17.904,19.081,20.179,21.444,22.705,21.974,24.475,26.278,26.965,27.889,28.599,29.361,30.230,31.135,32.075,33.023,2024.0,
423,CYP,NGDPD,Cyprus,"Gross domestic product, current prices","Values are based upon GDP in national currency converted to U.S. dollars using market exchange rates (yearly average). Exchange rate projections are provided by country economists for the group of other emerging market and developing countries. Exchanges rates for advanced economies are established in the WEO assumptions for each WEO exercise. Expenditure-based GDP is total final expenditures at purchasers' prices (including the f.o.b. value of exports of goods and services), less the f.o.b. value of imports of goods and services. [SNA 1993]",U.S. dollars,Billions,"See notes for:  Gross domestic product, current prices (National currency).",2.314,2.242,2.319,2.321,2.447,2.611,3.317,3.979,4.589,4.901,6.003,6.195,7.424,7.098,8.004,9.937,10.016,9.544,10.251,10.502,9.988,10.397,11.422,14.552,17.328,18.713,20.422,24.082,27.955,26.020,25.821,27.637,25.063,23.960,23.232,19.911,21.041,22.938,25.766,26.200,25.535,30.393,31.001,33.897,36.156,38.736,40.629,42.439,44.334,46.381,48.528,2024.0,
423,CYP,PCPIPCH,Cyprus,"Inflation, average consumer prices",Annual percentages of average consumer prices are year-on-year changes.,Percent change,Units,"See notes for:  Inflation, average consumer prices (Index).",13.518,10.745,6.433,5.050,5.992,5.034,1.218,2.679,3.433,3.766,4.503,5.040,6.501,4.889,4.660,2.612,2.582,3.308,2.338,1.136,4.858,1.988,2.781,3.978,1.896,2.026,2.252,2.171,4.384,0.180,2.559,3.482,3.088,0.380,-0.268,-1.541,-1.216,0.683,0.780,0.547,-1.102,2.248,8.079,3.942,2.265,2.272,2.000,2.000,2.000,2.000,2.000,2024.0,
423,CYP,LP,Cyprus,Population,"For census purposes, the total population of the country consists of all persons falling within the scope of the census. In the broadest sense, the total may comprise either all usual residents of the country or all persons present in the country at the time of the census. [Principles and Recommendations for Population and Housing Censuses, Revision 1, paragraph 2.42]",Persons,Millions,Source: National Statistics Office Latest actual data: 2024 Notes: Annual data prior to 1994 are end of year. Starting 1995 annual data are as of January 1 of each year. Primary domestic currency: Euro Data last updated: 04/11/2025,0.509,0.515,0.521,0.528,0.535,0.541,0.548,0.554,0.559,0.568,0.579,0.595,0.611,0.626,0.639,0.645,0.656,0.666,0.675,0.683,0.690,0.698,0.706,0.714,0.723,0.733,0.744,0.758,0.776,0.797,0.819,0.840,0.862,0.866,0.858,0.847,0.848,0.855,0.864,0.876,0.888,0.896,0.905,0.926,0.936,0.942,0.946,0.950,0.953,0.955,0.958,2024.0,
935,CZE,NGDP_R,Czech Republic,"Gross domestic product, constant prices","Expressed in billions of national currency units; the base year is country-specific. Expenditure-based GDP is total final expenditures at purchasers' prices (including the f.o.b. value of exports of goods and services), less the f.o.b. value of imports of goods and services. [SNA 1993]",National currency,Billions,"Source: National Statistics Office Latest actual data: 2024 National accounts manual used: European System of Accounts (ESA) 2010 GDP valuation: Market prices Reporting in calendar year: Yes Start/end months of reporting year: January/December Base year: 2020. National accounts base year changed to 2020 in the latest release by the Czech National Statistics Office Chain-weighted: Yes, from 1995 Primary domestic currency: Czech koruna Data last updated: 04/14/2025",,,,,,,,,,,,,,,,"3,339.113","3,490.208","3,469.412","3,455.772","3,503.405","3,643.915","3,750.216","3,806.974","3,932.636","4,118.899","4,381.480","4,671.673","4,928.093","5,056.828","4,814.185","4,944.874","5,032.516","4,993.732","4,991.644","5,103.717","5,356.798","5,495.050","5,779.340","5,942.913","6,154.824","5,828.318","6,063.142","6,235.770","6,232.324","6,301.608","6,403.719","6,518.455","6,642.452","6,775.298","6,910.771","7,049.014",2024.0,
935,CZE,NGDPD,Czech Republic,"Gross domestic product, current prices","Values are based upon GDP in national currency converted to U.S. dollars using market exchange rates (yearly average). Exchange rate projections are provided by country economists for the group of other emerging market and developing countries. Exchanges rates for advanced economies are established in the WEO assumptions for each WEO exercise. Expenditure-based GDP is total final expenditures at purchasers' prices (including the f.o.b. value of exports of goods and services), less the f.o.b. value of imports of goods and services. [SNA 1993]",U.S. dollars,Billions,"See notes for:  Gross domestic product, current prices (National currency).",,,,,,,,,,,,,,,,60.565,67.805,62.530,67.161,65.586,62.171,68.136,82.596,100.471,120.148,137.264,156.236,189.845,236.820,207.095,211.169,231.429,210.363,213.024,210.911,189.108,198.161,221.564,251.992,256.794,251.110,290.973,301.831,343.207,344.931,360.244,376.684,390.799,406.038,422.083,438.859,2024.0,
935,CZE,PCPIPCH,Czech Republic,"Inflation, average consumer prices",Annual percentages of average consumer prices are year-on-year changes.,Percent change,Units,"See notes for:  Inflation, average consumer prices (Index).",,,,,,,,,,,,,,,,,8.759,8.596,10.698,2.135,3.775,4.663,1.903,0.119,2.760,1.857,2.534,2.853,6.359,1.019,1.473,1.917,3.288,1.438,0.344,0.309,0.684,2.451,2.149,2.848,3.161,3.840,15.100,10.661,2.435,2.481,2.000,2.000,2.000,2.000,2.000,2024.0,
935,CZE,LP,Czech Republic,Population,"For census purposes, the total population of the country consists of all persons falling within the scope of the census. In the broadest sense, the total may comprise either all usual residents of the country or all persons present in the country at the time of the census. [Principles and Recommendations for Population and Housing Censuses, Revision 1, paragraph 2.42]",Persons,Millions,Source: National Statistics Office. Haver Analytics Latest actual data: 2024 Primary domestic currency: Czech koruna Data last updated: 04/14/2025,,,,,,,,,,,,,,,,10.333,10.321,10.309,10.299,10.290,10.278,10.232,10.201,10.193,10.195,10.199,10.224,10.254,10.343,10.426,10.462,10.487,10.505,10.516,10.512,10.538,10.579,10.610,10.650,10.694,10.702,10.517,10.828,10.851,10.935,10.904,10.871,10.837,10.802,10.770,10.738,2024.0,
128,DNK,NGDP_R,Denmark,"Gross domestic product, constant prices","Expressed in billions of national currency units; the base year is country-specific. Expenditure-based GDP is total final expenditures at purchasers' prices (including the f.o.b. value of exports of goods and services), less the f.o.b. value of imports of goods and services. [SNA 1993]",National currency,Billions,"Source: National Statistics Office Latest actual data: 2023 National accounts manual used: European System of Accounts (ESA) 2010 GDP valuation: Market prices Reporting in calendar year: Yes Start/end months of reporting year: January/December Base year: 2020 Chain-weighted: Yes, from 1980 Primary domestic currency: Danish krone Data last updated: 04/09/2025","1,160.100","1,151.500","1,196.300","1,228.000","1,281.300","1,334.500","1,397.700","1,404.200","1,408.000","1,417.800","1,441.400","1,462.400","1,492.000","1,490.800","1,569.700","1,617.400","1,664.300","1,717.000","1,756.900","1,809.100","1,876.400","1,894.300","1,902.900","1,911.300","1,964.400","2,010.700","2,087.500","2,108.100","2,099.300","1,994.800","2,026.400","2,053.000","2,052.900","2,081.500","2,108.100","2,152.400","2,218.600","2,286.400","2,328.900","2,368.800","2,326.600","2,498.300","2,536.800","2,600.100","2,695.700","2,773.875","2,825.053","2,871.384","2,913.019","2,955.258","2,998.109",2023.0,
128,DNK,NGDPD,Denmark,"Gross domestic product, current prices","Values are based upon GDP in national currency converted to U.S. dollars using market exchange rates (yearly average). Exchange rate projections are provided by country economists for the group of other emerging market and developing countries. Exchanges rates for advanced economies are established in the WEO assumptions for each WEO exercise. Expenditure-based GDP is total final expenditures at purchasers' prices (including the f.o.b. value of exports of goods and services), less the f.o.b. value of imports of goods and services. [SNA 1993]",U.S. dollars,Billions,"See notes for:  Gross domestic product, current prices (National currency).",70.811,61.460,60.084,60.331,58.869,62.452,87.749,109.183,115.540,112.312,138.219,139.182,152.966,143.110,156.019,184.850,187.482,173.242,176.876,177.887,164.043,164.881,178.788,218.422,251.988,265.150,283.387,320.213,354.977,322.621,322.346,344.316,326.793,344.631,352.833,301.759,312.182,331.611,355.293,345.402,355.631,408.378,401.946,407.092,429.458,449.940,473.665,493.376,512.752,533.284,554.224,2023.0,
128,DNK,PCPIPCH,Denmark,"Inflation, average consumer prices",Annual percentages of average consumer prices are year-on-year changes.,Percent change,Units,"See notes for:  Inflation, average consumer prices (Index).",11.339,11.718,10.146,6.835,6.343,4.662,3.718,3.979,4.525,4.780,2.648,2.167,1.944,0.872,1.841,2.038,2.092,1.933,1.314,2.041,2.751,2.269,2.397,1.961,0.937,1.726,1.844,1.657,3.638,1.042,2.198,2.656,2.354,0.522,0.352,0.226,0.017,1.058,0.709,0.729,0.333,1.944,8.534,3.353,1.268,1.936,2.100,2.000,2.000,2.000,2.000,2024.0,
128,DNK,LP,Denmark,Population,"For census purposes, the total population of the country consists of all persons falling within the scope of the census. In the broadest sense, the total may comprise either all usual residents of the country or all persons present in the country at the time of the census. [Principles and Recommendations for Population and Housing Censuses, Revision 1, paragraph 2.42]",Persons,Millions,Source: National Statistics Office Latest actual data: 2024 Primary domestic currency: Danish krone Data last updated: 04/09/2025,5.122,5.124,5.119,5.116,5.112,5.111,5.116,5.125,5.129,5.130,5.135,5.146,5.162,5.181,5.197,5.216,5.251,5.275,5.295,5.314,5.330,5.349,5.368,5.384,5.398,5.411,5.427,5.447,5.476,5.511,5.535,5.561,5.581,5.603,5.627,5.660,5.707,5.749,5.781,5.806,5.823,5.840,5.873,5.933,5.961,6.002,6.046,6.093,6.150,6.184,6.227,2024.0,
611,DJI,NGDP_R,Djibouti,"Gross domestic product, constant prices","Expressed in billions of national currency units; the base year is country-specific. Expenditure-based GDP is total final expenditures at purchasers' prices (including the f.o.b. value of exports of goods and services), less the f.o.b. value of imports of goods and services. [SNA 1993]",National currency,Billions,Source: National Statistics Office Latest actual data: 2023 National accounts manual used: System of National Accounts (SNA) 2008 GDP valuation: Market prices Reporting in calendar year: Yes Start/end months of reporting year: January/December Base year: 2013 Chain-weighted: No Primary domestic currency: Djibouti franc Data last updated: 03/21/2025,,,,,,,,,,,,246.495,247.880,231.147,228.003,220.066,211.852,209.277,209.515,215.632,217.170,221.064,228.213,235.485,242.028,249.558,261.599,274.723,290.672,295.370,307.620,330.054,346.036,363.340,389.475,417.942,447.713,472.150,494.692,522.123,528.400,551.687,580.190,622.962,663.534,703.398,742.157,782.975,826.039,871.471,919.402,2023.0,
611,DJI,NGDPD,Djibouti,"Gross domestic product, current prices","Values are based upon GDP in national currency converted to U.S. dollars using market exchange rates (yearly average). Exchange rate projections are provided by country economists for the group of other emerging market and developing countries. Exchanges rates for advanced economies are established in the WEO assumptions for each WEO exercise. Expenditure-based GDP is total final expenditures at purchasers' prices (including the f.o.b. value of exports of goods and services), less the f.o.b. value of imports of goods and services. [SNA 1993]",U.S. dollars,Billions,"See notes for:  Gross domestic product, current prices (National currency).",,,,,,,,,,,,0.650,0.672,0.655,0.691,0.699,0.694,0.706,0.722,0.759,0.781,0.811,0.837,0.882,0.936,0.996,1.080,1.191,1.382,1.426,1.544,1.740,1.901,2.044,2.221,2.424,2.605,2.763,2.913,3.089,3.144,3.393,3.563,3.917,4.257,4.587,4.959,5.335,5.745,6.126,6.596,2023.0,
611,DJI,PCPIPCH,Djibouti,"Inflation, average consumer prices",Annual percentages of average consumer prices are year-on-year changes.,Percent change,Units,"See notes for:  Inflation, average consumer prices (Index).",,,,,,,,,,,,,3.371,4.438,6.505,4.886,3.513,2.520,2.205,-0.401,1.184,1.891,1.404,1.590,2.439,3.281,3.514,5.896,8.730,5.551,2.485,5.242,4.221,1.063,1.342,-0.522,2.403,0.577,0.139,3.318,1.779,1.181,5.172,1.447,2.114,1.648,1.860,1.900,1.958,1.972,1.963,2024.0,
611,DJI,LP,Djibouti,Population,"For census purposes, the total population of the country consists of all persons falling within the scope of the census. In the broadest sense, the total may comprise either all usual residents of the country or all persons present in the country at the time of the census. [Principles and Recommendations for Population and Housing Censuses, Revision 1, paragraph 2.42]",Persons,Millions,Source: National Statistics Office Latest actual data: 2024 Primary domestic currency: Djibouti franc Data last updated: 03/21/2025,,,,,,,,,,,,0.607,0.615,0.619,0.622,0.630,0.644,0.661,0.680,0.700,0.718,0.733,0.747,0.760,0.772,0.783,0.795,0.805,0.816,0.828,0.840,0.854,0.868,0.883,0.899,0.914,0.929,0.944,0.959,0.974,0.988,1.002,1.016,1.030,1.043,1.056,1.069,1.081,1.093,1.106,1.117,2024.0,
321,DMA,NGDP_R,Dominica,"Gross domestic product, constant prices","Expressed in billions of national currency units; the base year is country-specific. Expenditure-based GDP is total final expenditures at purchasers' prices (including the f.o.b. value of exports of goods and services), less the f.o.b. value of imports of goods and services. [SNA 1993]",National currency,Billions,Source: National Statistics Office Latest actual data: 2023 National accounts manual used: System of National Accounts (SNA) 1993 GDP valuation: Market prices Reporting in calendar year: Yes Start/end months of reporting year: January/December Base year: 2006 Chain-weighted: No Primary domestic currency: Eastern Caribbean dollar Data last updated: 02/18/2025,0.476,0.527,0.549,0.563,0.587,0.595,0.637,0.678,0.731,0.729,0.769,0.779,0.795,0.812,0.812,0.837,0.863,0.882,0.915,0.918,0.940,0.939,0.913,0.971,1.000,1.007,1.054,1.121,1.200,1.186,1.194,1.192,1.179,1.167,1.223,1.189,1.222,1.141,1.182,1.247,1.040,1.111,1.174,1.229,1.285,1.339,1.383,1.423,1.462,1.497,1.535,2023.0,
321,DMA,NGDPD,Dominica,"Gross domestic product, current prices","Values are based upon GDP in national currency converted to U.S. dollars using market exchange rates (yearly average). Exchange rate projections are provided by country economists for the group of other emerging market and developing countries. Exchanges rates for advanced economies are established in the WEO assumptions for each WEO exercise. Expenditure-based GDP is total final expenditures at purchasers' prices (including the f.o.b. value of exports of goods and services), less the f.o.b. value of imports of goods and services. [SNA 1993]",U.S. dollars,Billions,"See notes for:  Gross domestic product, current prices (National currency).",0.073,0.082,0.090,0.099,0.109,0.119,0.135,0.152,0.171,0.185,0.201,0.220,0.234,0.246,0.264,0.275,0.292,0.303,0.322,0.332,0.333,0.340,0.333,0.343,0.367,0.364,0.390,0.421,0.458,0.489,0.494,0.501,0.486,0.498,0.520,0.541,0.576,0.522,0.555,0.612,0.504,0.555,0.607,0.654,0.697,0.742,0.782,0.821,0.860,0.899,0.939,2023.0,
321,DMA,PCPIPCH,Dominica,"Inflation, average consumer prices",Annual percentages of average consumer prices are year-on-year changes.,Percent change,Units,"See notes for:  Inflation, average consumer prices (Index).",23.855,13.267,4.415,4.228,2.130,2.085,3.016,4.816,2.252,7.665,3.194,5.556,5.256,1.568,-0.012,1.293,1.701,2.415,0.956,1.236,0.848,1.556,0.170,1.453,2.394,1.682,2.593,3.238,6.360,0.006,2.810,1.063,1.357,-0.046,0.807,-0.852,0.142,0.296,0.989,1.505,-0.727,1.571,7.707,4.208,1.892,2.244,2.000,2.000,2.000,2.000,2.000,2023.0,
321,DMA,LP,Dominica,Population,"For census purposes, the total population of the country consists of all persons falling within the scope of the census. In the broadest sense, the total may comprise either all usual residents of the country or all persons present in the country at the time of the census. [Principles and Recommendations for Population and Housing Censuses, Revision 1, paragraph 2.42]",Persons,Millions,Source: National Statistics Office Latest actual data: 2011 Primary domestic currency: Eastern Caribbean dollar Data last updated: 02/18/2025,,0.074,0.074,0.073,0.073,0.073,0.072,0.072,0.072,0.072,0.071,0.071,0.071,0.071,0.071,0.071,0.071,0.071,0.071,0.071,0.071,0.071,0.071,0.071,0.071,0.071,0.071,0.071,0.071,0.071,0.071,0.070,0.069,0.070,0.070,0.071,0.071,0.069,0.070,0.072,0.073,0.074,0.074,0.074,0.075,0.075,0.076,0.076,0.076,0.077,0.077,2011.0,
243,DOM,NGDP_R,Dominican Republic,"Gross domestic product, constant prices","Expressed in billions of national currency units; the base year is country-specific. Expenditure-based GDP is total final expenditures at purchasers' prices (including the f.o.b. value of exports of goods and services), less the f.o.b. value of imports of goods and services. [SNA 1993]",National currency,Billions,"Source: Central Bank Latest actual data: 2024 National accounts manual used: System of National Accounts (SNA) 2008 GDP valuation: Market prices Reporting in calendar year: Yes Start/end months of reporting year: January/December Base year: 2018 Chain-weighted: Yes, from 2018 Primary domestic currency: Dominican peso Data last updated: 04/09/2025",782.997,816.500,830.378,868.808,879.693,861.021,891.346,981.527,"1,002.689","1,046.812",989.716,999.068,"1,111.337","1,193.206","1,224.155","1,293.932","1,371.066","1,493.085","1,593.209","1,688.108","1,766.635","1,810.259","1,891.477","1,865.954","1,914.199","2,094.743","2,286.856","2,456.504","2,536.785","2,562.240","2,777.498","2,866.154","2,945.709","3,091.072","3,310.885","3,542.241","3,780.270","3,928.981","4,208.089","4,414.005","4,064.016","4,633.483","4,876.183","4,983.084","5,229.831","5,440.145","5,700.601","5,984.820","6,282.888","6,595.760","6,924.187",2024.0,
243,DOM,NGDPD,Dominican Republic,"Gross domestic product, current prices","Values are based upon GDP in national currency converted to U.S. dollars using market exchange rates (yearly average). Exchange rate projections are provided by country economists for the group of other emerging market and developing countries. Exchanges rates for advanced economies are established in the WEO assumptions for each WEO exercise. Expenditure-based GDP is total final expenditures at purchasers' prices (including the f.o.b. value of exports of goods and services), less the f.o.b. value of imports of goods and services. [SNA 1993]",U.S. dollars,Billions,"See notes for:  Gross domestic product, current prices (National currency).",8.672,9.698,9.141,9.461,14.870,6.496,7.891,8.305,7.605,8.589,7.995,9.887,11.605,13.081,14.645,16.637,18.242,20.017,21.672,22.137,24.306,25.602,27.249,21.518,22.506,35.948,37.998,44.067,48.174,48.281,53.862,58.006,60.627,62.631,67.098,71.056,75.625,79.153,85.068,89.237,78.625,95.067,113.813,120.794,124.613,127.828,135.112,144.828,155.291,166.422,178.498,2024.0,
243,DOM,PCPIPCH,Dominican Republic,"Inflation, average consumer prices",Annual percentages of average consumer prices are year-on-year changes.,Percent change,Units,"See notes for:  Inflation, average consumer prices (Index).",21.664,7.523,7.643,5.629,20.152,45.336,7.639,13.551,43.864,40.658,50.463,47.079,4.259,5.250,8.261,12.536,5.399,8.297,4.832,6.471,7.723,8.884,5.223,27.450,51.461,4.190,7.573,6.144,10.644,1.442,6.330,8.459,3.694,4.831,2.999,0.837,1.614,3.280,3.564,1.811,3.781,8.243,8.812,4.786,3.302,4.301,3.998,3.972,3.958,3.977,3.987,2024.0,
243,DOM,LP,Dominican Republic,Population,"For census purposes, the total population of the country consists of all persons falling within the scope of the census. In the broadest sense, the total may comprise either all usual residents of the country or all persons present in the country at the time of the census. [Principles and Recommendations for Population and Housing Censuses, Revision 1, paragraph 2.42]",Persons,Millions,Source: Central Bank Latest actual data: 2023 Primary domestic currency: Dominican peso Data last updated: 04/09/2025,5.652,5.781,5.916,6.056,6.202,6.353,6.509,6.669,6.828,6.979,7.118,7.242,7.375,7.511,7.642,7.771,7.897,8.023,8.152,8.276,8.398,8.513,8.628,8.745,8.858,8.968,9.071,9.174,9.280,9.380,9.479,9.580,9.681,9.785,9.883,9.980,10.075,10.169,10.266,10.358,10.448,10.536,10.622,10.709,10.797,10.885,10.975,11.065,11.155,11.247,11.339,2023.0,
248,ECU,NGDP_R,Ecuador,"Gross domestic product, constant prices","Expressed in billions of national currency units; the base year is country-specific. Expenditure-based GDP is total final expenditures at purchasers' prices (including the f.o.b. value of exports of goods and services), less the f.o.b. value of imports of goods and services. [SNA 1993]",National currency,Billions,"Source: Central Bank Latest actual data: 2023 Notes: The national accounts have been updated from 2002 onwards. Prior to 2002 the data are adjusted to produce smooth series with the use of splicing technique. These estimates continue to serve as proxies for historical series when complete information is una National accounts manual used: System of National Accounts (SNA) 2008 GDP valuation: Market prices Reporting in calendar year: Yes Start/end months of reporting year: January/December Base year: 2018 Chain-weighted: Yes, from 2018 Primary domestic currency: US dollar Data last updated: 04/10/2025",33.922,35.245,35.668,34.669,36.125,37.715,38.882,36.560,40.393,40.508,41.727,43.860,45.445,46.354,48.328,49.417,50.273,52.448,54.162,51.595,52.158,54.352,57.030,58.676,62.684,66.069,68.937,70.248,74.860,75.677,78.726,85.403,90.342,96.857,100.950,101.071,100.375,106.368,107.479,107.657,97.704,106.909,113.183,115.434,113.172,115.126,117.563,120.261,123.265,126.376,129.513,2023.0,
248,ECU,NGDPD,Ecuador,"Gross domestic product, current prices","Values are based upon GDP in national currency converted to U.S. dollars using market exchange rates (yearly average). Exchange rate projections are provided by country economists for the group of other emerging market and developing countries. Exchanges rates for advanced economies are established in the WEO assumptions for each WEO exercise. Expenditure-based GDP is total final expenditures at purchasers' prices (including the f.o.b. value of exports of goods and services), less the f.o.b. value of imports of goods and services. [SNA 1993]",U.S. dollars,Billions,"See notes for:  Gross domestic product, current prices (National currency).",16.116,16.501,16.474,14.478,15.408,18.020,13.222,12.355,11.749,11.531,11.710,13.139,14.367,16.783,20.238,21.980,23.001,25.847,26.292,18.891,17.531,23.127,27.054,30.965,35.195,40.279,45.691,49.849,61.139,60.095,68.151,78.987,87.735,96.570,102.718,97.210,97.671,104.467,107.479,107.596,95.865,107.179,116.133,121.147,121.728,125.677,130.310,135.350,140.863,146.638,152.588,2023.0,
248,ECU,PCPIPCH,Ecuador,"Inflation, average consumer prices",Annual percentages of average consumer prices are year-on-year changes.,Percent change,Units,"See notes for:  Inflation, average consumer prices (Index).",13.049,16.387,16.258,48.434,31.230,27.983,23.030,29.504,58.216,75.648,48.519,48.804,54.341,45.000,27.443,22.886,24.400,30.600,36.100,52.200,96.100,37.674,12.485,7.929,2.741,2.170,3.299,2.276,8.400,5.160,3.554,4.475,5.102,2.722,3.589,3.966,1.728,0.417,-0.224,0.266,-0.339,0.133,3.466,2.216,1.547,1.337,1.461,1.536,1.536,1.536,1.536,2024.0,
248,ECU,LP,Ecuador,Population,"For census purposes, the total population of the country consists of all persons falling within the scope of the census. In the broadest sense, the total may comprise either all usual residents of the country or all persons present in the country at the time of the census. [Principles and Recommendations for Population and Housing Censuses, Revision 1, paragraph 2.42]",Persons,Millions,Source: National Statistics Office Latest actual data: 2022 Primary domestic currency: US dollar Data last updated: 04/10/2025,7.998,8.227,8.461,8.697,8.935,9.173,9.413,9.652,9.903,10.148,10.388,10.628,10.868,11.105,11.334,11.551,11.751,11.938,12.119,12.297,12.481,12.681,12.901,13.132,13.367,13.604,13.852,14.107,14.359,14.616,14.884,15.161,15.441,15.718,15.994,16.269,16.532,16.793,17.078,17.357,17.526,17.614,17.715,17.835,17.967,18.104,18.244,18.386,18.529,18.672,18.815,2022.0,
469,EGY,NGDP_R,Egypt,"Gross domestic product, constant prices","Expressed in billions of national currency units; the base year is country-specific. Expenditure-based GDP is total final expenditures at purchasers' prices (including the f.o.b. value of exports of goods and services), less the f.o.b. value of imports of goods and services. [SNA 1993]",National currency,Billions,Source: Ministry of Economy and/or Planning. Ministry of Planning and Economic Development Latest actual data: FY2023/24 Notes: Data prior to 1987 cannot be confirmed by national sources at this time. National accounts manual used: System of National Accounts (SNA) 2008 GDP valuation: Market prices. Data refer to fiscal years Reporting in calendar year: No. Fiscal year data are mapped to calendar year as follows: FY(t-1/t) = CY(t) Start/end months of reporting year: July/June Base year: FY2021/22 Chain-weighted: No Primary domestic currency: Egyptian pound Data last updated: 04/11/2025,"1,198.469","1,224.809","1,314.177","1,430.826","1,545.593","1,660.360","1,739.380","1,813.696","1,886.131","1,942.574","1,988.218","2,029.971","2,036.061","2,095.107","2,182.840","2,280.717","2,391.987","2,533.573","2,724.675","2,891.150","3,046.789","3,154.161","3,254.637","3,358.572","3,496.008","3,652.340","3,902.300","4,178.889","4,477.942","4,687.223","4,928.485","5,015.452","5,127.106","5,296.400","5,451.600","5,689.300","5,936.200","6,184.900","6,514.400","6,875.900","7,121.800","7,353.400","7,842.500","8,137.400","8,332.600","8,645.638","9,016.386","9,448.451","9,928.303","10,451.197","11,024.103",2024.0,
469,EGY,NGDPD,Egypt,"Gross domestic product, current prices","Values are based upon GDP in national currency converted to U.S. dollars using market exchange rates (yearly average). Exchange rate projections are provided by country economists for the group of other emerging market and developing countries. Exchanges rates for advanced economies are established in the WEO assumptions for each WEO exercise. Expenditure-based GDP is total final expenditures at purchasers' prices (including the f.o.b. value of exports of goods and services), less the f.o.b. value of imports of goods and services. [SNA 1993]",U.S. dollars,Billions,"See notes for:  Gross domestic product, current prices (National currency).",23.523,25.760,30.479,37.254,41.888,48.841,54.076,77.359,92.530,115.362,96.087,48.431,44.168,49.526,54.550,63.250,71.118,79.777,89.189,95.039,104.752,102.273,90.261,85.163,82.855,94.127,112.902,137.055,170.797,198.316,230.024,247.726,294.482,303.194,321.634,350.119,351.443,246.826,263.156,317.894,382.525,423.300,475.231,393.828,383.109,347.342,389.040,432.812,480.602,532.288,586.889,2024.0,
469,EGY,PCPIPCH,Egypt,"Inflation, average consumer prices",Annual percentages of average consumer prices are year-on-year changes.,Percent change,Units,"See notes for:  Inflation, average consumer prices (Index).",20.500,10.400,14.900,15.982,17.060,12.108,23.900,25.185,15.185,20.129,21.219,14.737,21.142,11.042,9.046,9.361,7.095,6.167,5.041,3.745,2.849,2.417,2.258,3.412,8.151,8.703,4.292,10.882,11.742,16.161,11.658,11.056,8.692,6.916,10.093,10.988,10.212,23.534,20.851,13.875,5.700,4.500,8.500,24.392,33.302,19.651,12.472,9.985,6.655,5.337,5.182,2024.0,
469,EGY,LP,Egypt,Population,"For census purposes, the total population of the country consists of all persons falling within the scope of the census. In the broadest sense, the total may comprise either all usual residents of the country or all persons present in the country at the time of the census. [Principles and Recommendations for Population and Housing Censuses, Revision 1, paragraph 2.42]",Persons,Millions,Source: Central Agency for Public Mobilization and Statistics (CAPMAS) Latest actual data: 2023 Primary domestic currency: Egyptian pound Data last updated: 04/11/2025,40.554,41.706,42.846,44.015,45.237,46.545,47.751,48.800,49.800,50.900,51.360,52.423,53.508,55.200,56.300,57.600,58.800,60.100,61.300,62.600,64.000,65.300,66.600,68.000,69.300,70.700,72.200,73.600,75.200,76.900,78.700,80.500,82.500,84.600,86.800,89.000,91.000,95.200,97.100,98.900,100.600,102.100,103.600,105.200,107.304,109.450,111.639,113.872,116.149,118.472,122.026,2023.0,
253,SLV,NGDP_R,El Salvador,"Gross domestic product, constant prices","Expressed in billions of national currency units; the base year is country-specific. Expenditure-based GDP is total final expenditures at purchasers' prices (including the f.o.b. value of exports of goods and services), less the f.o.b. value of imports of goods and services. [SNA 1993]",National currency,Billions,"Source: Central Bank Latest actual data: 2023 Notes: The output gap does not close by 2027 because desk assumes a much deeper hit to the potential in 2020 due to long and strict lockdown, and political uncertainty impacting both the actual and potential GDP medium-term growth. National accounts manual used: System of National Accounts (SNA) 2008 GDP valuation: Market prices Reporting in calendar year: Yes Start/end months of reporting year: January/December Base year: 2014 Chain-weighted: No Primary domestic currency: US dollar Data last updated: 04/02/2025",12.358,11.651,10.916,11.084,11.232,11.301,11.323,11.607,11.825,11.939,12.516,12.703,13.595,14.386,15.061,15.774,15.902,16.401,16.836,17.200,17.394,17.547,17.823,18.102,18.263,18.758,19.573,19.937,20.361,19.937,20.356,21.133,21.728,22.213,22.593,23.135,23.723,24.257,24.843,25.447,23.438,26.230,26.964,27.910,28.636,29.346,30.084,30.997,31.962,32.843,33.747,2023.0,
253,SLV,NGDPD,El Salvador,"Gross domestic product, current prices","Values are based upon GDP in national currency converted to U.S. dollars using market exchange rates (yearly average). Exchange rate projections are provided by country economists for the group of other emerging market and developing countries. Exchanges rates for advanced economies are established in the WEO assumptions for each WEO exercise. Expenditure-based GDP is total final expenditures at purchasers' prices (including the f.o.b. value of exports of goods and services), less the f.o.b. value of imports of goods and services. [SNA 1993]",U.S. dollars,Billions,"See notes for:  Gross domestic product, current prices (National currency).",3.912,3.449,3.406,3.261,2.385,2.319,2.335,2.374,2.771,3.167,4.818,5.252,5.813,6.680,7.679,8.922,9.586,10.222,10.937,11.284,11.785,12.283,12.664,13.244,13.725,14.698,16.000,17.012,17.987,17.602,18.448,20.284,21.386,21.991,22.593,23.438,24.191,24.979,26.021,26.881,24.921,29.043,31.989,34.016,35.337,36.749,38.476,40.354,42.364,44.312,46.436,2023.0,
253,SLV,PCPIPCH,El Salvador,"Inflation, average consumer prices",Annual percentages of average consumer prices are year-on-year changes.,Percent change,Units,"See notes for:  Inflation, average consumer prices (Index).",17.359,14.818,11.703,13.121,11.705,22.318,31.945,24.849,19.772,17.651,28.294,14.409,11.221,18.505,10.584,10.030,9.790,4.490,2.549,0.513,2.274,3.745,1.869,2.121,4.452,4.690,4.035,4.580,7.258,0.537,1.179,5.129,1.730,0.758,1.141,-0.731,0.604,1.014,1.088,0.074,-0.370,3.468,7.196,4.047,1.000,1.800,1.800,1.800,1.800,1.800,1.800,2023.0,
253,SLV,LP,El Salvador,Population,"For census purposes, the total population of the country consists of all persons falling within the scope of the census. In the broadest sense, the total may comprise either all usual residents of the country or all persons present in the country at the time of the census. [Principles and Recommendations for Population and Housing Censuses, Revision 1, paragraph 2.42]",Persons,Millions,Source: CEPALSTAT Database Latest actual data: 2023 Primary domestic currency: US dollar Data last updated: 04/02/2025,4.848,4.903,4.942,4.971,5.002,5.042,5.093,5.155,5.227,5.310,5.402,5.476,5.552,5.631,5.693,5.748,5.797,5.843,5.885,5.924,5.959,5.988,6.011,6.027,6.036,6.038,6.034,6.044,6.068,6.091,6.114,6.137,6.161,6.186,6.210,6.231,6.251,6.267,6.276,6.280,6.293,6.314,6.336,6.365,6.394,6.422,6.451,6.480,6.509,6.539,6.568,2023.0,
642,GNQ,NGDP_R,Equatorial Guinea,"Gross domestic product, constant prices","Expressed in billions of national currency units; the base year is country-specific. Expenditure-based GDP is total final expenditures at purchasers' prices (including the f.o.b. value of exports of goods and services), less the f.o.b. value of imports of goods and services. [SNA 1993]",National currency,Billions,"Source: Ministry of Economy and/or Planning. Ministry of Economy, Planning, and Public Investment, and Banque des Etats de l'Afrique Centrale (Central Bank) Latest actual data: 2023. Latest annual data is 2023. Team is not updating quarterly national accounts data. Notes: National accounts data comes from the statistical office (INEGE), which depends on the Ministry of Economy and Planning. The external sector statistics in the national accounts are inconsistent with those published by BEAC on the BoP. The desk team is coo National accounts manual used: System of National Accounts (SNA) 1993 GDP valuation: Market prices. GDP valuation is market prices. Supply breakdown gets to GDP at market prices through production recorded at factor costs. Reporting in calendar year: Yes Start/end months of reporting year: January/December Base year: 2006 Chain-weighted: No Primary domestic currency: CFA franc Data last updated: 04/03/2025",43.290,45.787,46.795,49.137,49.634,56.040,54.734,57.162,58.680,57.958,59.429,58.689,78.057,86.222,100.714,127.414,194.533,482.388,602.092,761.013,"1,601.972","2,563.525","3,066.516","3,509.794","4,576.463","4,952.196","5,274.146","6,080.147","7,162.359","7,258.575","6,610.808","7,042.092","7,627.490","7,312.232","7,342.582","6,673.670","6,085.291","5,740.407","5,382.404","5,087.350","4,843.611","4,885.279","5,042.756","4,786.115","4,875.182","4,670.207","4,670.217","4,691.272","4,723.892","4,789.461","4,914.782",2023.0,
642,GNQ,NGDPD,Equatorial Guinea,"Gross domestic product, current prices","Values are based upon GDP in national currency converted to U.S. dollars using market exchange rates (yearly average). Exchange rate projections are provided by country economists for the group of other emerging market and developing countries. Exchanges rates for advanced economies are established in the WEO assumptions for each WEO exercise. Expenditure-based GDP is total final expenditures at purchasers' prices (including the f.o.b. value of exports of goods and services), less the f.o.b. value of imports of goods and services. [SNA 1993]",U.S. dollars,Billions,"See notes for:  Gross domestic product, current prices (National currency).",0.032,0.030,0.035,0.040,0.044,0.074,0.091,0.111,0.119,0.105,0.133,0.132,0.160,0.162,0.120,0.169,0.276,0.526,0.440,0.738,1.159,1.674,2.070,3.733,5.935,8.191,10.096,13.091,19.828,15.072,16.328,21.354,22.403,21.949,21.771,13.187,11.238,12.197,13.309,11.365,9.908,12.222,13.717,12.339,12.544,12.684,12.894,12.998,13.293,13.821,14.575,2023.0,
642,GNQ,PCPIPCH,Equatorial Guinea,"Inflation, average consumer prices",Annual percentages of average consumer prices are year-on-year changes.,Percent change,Units,"See notes for:  Inflation, average consumer prices (Index).",--,16.700,38.256,60.058,59.518,83.999,-17.640,-13.174,2.524,6.064,0.922,-3.425,-4.279,5.452,31.841,19.872,4.541,3.017,7.936,0.372,4.836,8.739,7.582,7.324,4.237,5.637,4.465,2.798,4.652,5.710,5.346,4.799,3.442,3.179,4.296,1.695,1.398,0.746,1.346,1.244,4.766,-0.094,4.869,2.510,3.162,4.000,3.500,2.637,2.608,2.557,2.557,2023.0,
642,GNQ,LP,Equatorial Guinea,Population,"For census purposes, the total population of the country consists of all persons falling within the scope of the census. In the broadest sense, the total may comprise either all usual residents of the country or all persons present in the country at the time of the census. [Principles and Recommendations for Population and Housing Censuses, Revision 1, paragraph 2.42]",Persons,Millions,Source: Population series is based on United Nations (UN) estimates. The last national census was conducted in 2015. Population figures used by the country authorities differ substantially from the UN estimates. Latest actual data: 2015 Notes: Population series is based on United Nations (UN) estimates. The last national census was conducted in 2015. Population figures used by the country authorities differ substantially from the UN estimates. Primary domestic currency: CFA franc Data last updated: 04/03/2025,0.255,0.270,0.291,0.314,0.338,0.359,0.376,0.390,0.402,0.414,0.427,0.441,0.455,0.471,0.487,0.505,0.524,0.545,0.567,0.590,0.614,0.640,0.666,0.695,0.725,0.757,0.792,0.829,0.868,0.909,0.951,0.994,1.039,1.084,1.129,1.175,1.221,1.268,1.314,1.360,1.406,1.452,1.498,1.544,1.590,1.637,1.683,1.730,1.777,1.824,1.871,2015.0,
643,ERI,NGDP_R,Eritrea,"Gross domestic product, constant prices","Expressed in billions of national currency units; the base year is country-specific. Expenditure-based GDP is total final expenditures at purchasers' prices (including the f.o.b. value of exports of goods and services), less the f.o.b. value of imports of goods and services. [SNA 1993]",National currency,Billions,Source: Authorities up to 2009 and IMF staff estimates for 2010-19 Latest actual data: 2019 National accounts manual used: System of National Accounts (SNA) 1993 GDP valuation: Market prices Reporting in calendar year: Yes Start/end months of reporting year: January/December Base year: 2011 Chain-weighted: No Primary domestic currency: Eritrean nakfa Data last updated: n/a,,,,,,,,,,,,,15.019,16.954,20.500,20.977,22.893,24.702,25.187,25.234,22.117,24.053,24.776,24.118,24.468,25.098,24.855,25.210,20.310,22.784,25.256,31.749,32.348,28.966,37.926,30.105,32.330,29.093,32.884,34.145,,,,,,,,,,,,2019.0,
643,ERI,NGDPD,Eritrea,"Gross domestic product, current prices","Values are based upon GDP in national currency converted to U.S. dollars using market exchange rates (yearly average). Exchange rate projections are provided by country economists for the group of other emerging market and developing countries. Exchanges rates for advanced economies are established in the WEO assumptions for each WEO exercise. Expenditure-based GDP is total final expenditures at purchasers' prices (including the f.o.b. value of exports of goods and services), less the f.o.b. value of imports of goods and services. [SNA 1993]",U.S. dollars,Billions,"See notes for:  Gross domestic product, current prices (National currency).",,,,,,,,,,,,,0.606,0.374,0.433,0.483,0.579,0.594,0.626,0.614,0.547,0.582,0.564,0.673,0.858,0.850,0.937,1.020,0.923,1.297,1.590,2.065,2.255,1.958,2.604,2.016,2.213,1.904,2.006,1.982,,,,,,,,,,,,2019.0,
643,ERI,PCPIPCH,Eritrea,"Inflation, average consumer prices",Annual percentages of average consumer prices are year-on-year changes.,Percent change,Units,"See notes for:  Inflation, average consumer prices (Index).",,,,,,,,,,,,,,4.787,13.147,11.983,10.288,3.739,9.467,8.397,19.947,14.625,16.877,22.669,25.111,12.506,7.707,9.409,22.168,33.852,10.297,5.887,6.035,6.274,8.360,28.483,-5.577,-13.306,-14.401,1.300,,,,,,,,,,,,2019.0,
643,ERI,LP,Eritrea,Population,"For census purposes, the total population of the country consists of all persons falling within the scope of the census. In the broadest sense, the total may comprise either all usual residents of the country or all persons present in the country at the time of the census. [Principles and Recommendations for Population and Housing Censuses, Revision 1, paragraph 2.42]",Persons,Millions,Source: UN Population Prospects 2006 Latest actual data: 2006 Primary domestic currency: Eritrean nakfa Data last updated: n/a,,,,,,,,,,,,,2.258,2.239,2.218,2.204,2.196,2.195,2.206,2.237,2.292,2.375,2.481,2.601,2.720,2.827,2.918,2.997,3.063,3.120,3.170,3.214,3.250,3.281,3.311,3.343,3.377,3.413,3.453,3.497,,,,,,,,,,,,2006.0,
939,EST,NGDP_R,Estonia,"Gross domestic product, constant prices","Expressed in billions of national currency units; the base year is country-specific. Expenditure-based GDP is total final expenditures at purchasers' prices (including the f.o.b. value of exports of goods and services), less the f.o.b. value of imports of goods and services. [SNA 1993]",National currency,Billions,"Source: National Statistics Office Latest actual data: 2024 Notes: Data from 2003 onwards reflect methodological revisions. National accounts manual used: European System of Accounts (ESA) 2010 GDP valuation: Market prices Reporting in calendar year: Yes Start/end months of reporting year: January/December Base year: 2020 Chain-weighted: Yes, from 2010 Primary domestic currency: Euro Data last updated: 04/07/2025",,,,,,,,,,,,,,10.771,10.594,10.822,11.357,12.839,13.397,13.340,14.685,15.549,16.627,17.890,19.107,20.926,22.969,24.708,23.442,20.012,20.502,22.062,22.872,23.274,24.047,24.489,25.247,26.669,27.656,28.687,27.859,29.852,29.871,28.968,28.892,29.106,29.637,30.185,30.759,31.305,31.846,2024.0,
939,EST,NGDPD,Estonia,"Gross domestic product, current prices","Values are based upon GDP in national currency converted to U.S. dollars using market exchange rates (yearly average). Exchange rate projections are provided by country economists for the group of other emerging market and developing countries. Exchanges rates for advanced economies are established in the WEO assumptions for each WEO exercise. Expenditure-based GDP is total final expenditures at purchasers' prices (including the f.o.b. value of exports of goods and services), less the f.o.b. value of imports of goods and services. [SNA 1993]",U.S. dollars,Billions,"See notes for:  Gross domestic product, current prices (National currency).",,,,,,,,,,,,,,1.791,2.507,3.909,4.785,5.160,5.678,5.771,5.707,6.265,7.393,9.894,12.161,14.129,17.049,22.478,24.434,19.694,19.569,23.300,23.252,25.451,27.063,23.314,24.554,27.460,31.237,31.877,31.795,37.229,38.406,41.303,42.752,45.004,47.816,50.261,52.643,54.990,57.366,2024.0,
939,EST,PCPIPCH,Estonia,"Inflation, average consumer prices",Annual percentages of average consumer prices are year-on-year changes.,Percent change,Units,"See notes for:  Inflation, average consumer prices (Index).",,,,,,,,,,,,,,,47.656,29.003,19.742,9.311,8.782,3.098,3.932,5.626,3.588,1.387,3.038,4.117,4.444,6.745,10.606,0.199,2.741,5.080,4.219,3.247,0.476,0.068,0.800,3.651,3.412,2.268,-0.634,4.487,19.447,9.116,3.733,5.769,3.871,3.174,2.576,2.372,2.275,2024.0,
939,EST,LP,Estonia,Population,"For census purposes, the total population of the country consists of all persons falling within the scope of the census. In the broadest sense, the total may comprise either all usual residents of the country or all persons present in the country at the time of the census. [Principles and Recommendations for Population and Housing Censuses, Revision 1, paragraph 2.42]",Persons,Millions,Source: National Statistics Office Latest actual data: 2024 Primary domestic currency: Euro Data last updated: 04/07/2025,,,,,,,,,,,,,,1.499,1.465,1.437,1.416,1.400,1.386,1.390,1.397,1.388,1.379,1.371,1.363,1.355,1.347,1.341,1.337,1.335,1.331,1.327,1.323,1.318,1.315,1.315,1.316,1.317,1.322,1.327,1.330,1.331,1.349,1.370,1.371,1.374,1.372,1.370,1.368,1.366,1.364,2024.0,
734,SWZ,NGDP_R,Eswatini,"Gross domestic product, constant prices","Expressed in billions of national currency units; the base year is country-specific. Expenditure-based GDP is total final expenditures at purchasers' prices (including the f.o.b. value of exports of goods and services), less the f.o.b. value of imports of goods and services. [SNA 1993]",National currency,Billions,"Source: National Statistics Office. Updated methodology has been applied to the series. Prior to 2000, the data are adjusted using previous historical data as proxies to produce smooth series with the use of splicing technique. Historical data are updated on a continual basis as more inform Latest actual data: 2022 National accounts manual used: System of National Accounts (SNA) 2008 GDP valuation: Market prices Reporting in calendar year: Yes Start/end months of reporting year: January/December Base year: 2011 Chain-weighted: No Primary domestic currency: Swazi lilangeni Data last updated: 02/25/2025",9.509,10.166,10.312,10.256,10.510,10.712,12.703,13.975,15.033,16.448,18.069,18.387,18.981,19.570,20.040,21.007,21.814,22.491,23.077,23.758,24.176,24.431,25.501,26.491,27.451,29.097,30.841,32.209,32.473,32.982,34.233,35.002,36.891,38.316,38.669,39.531,39.951,40.760,41.730,42.854,42.186,46.692,46.915,49.276,51.077,53.694,56.342,58.565,60.532,62.381,63.927,2022.0,
734,SWZ,NGDPD,Eswatini,"Gross domestic product, current prices","Values are based upon GDP in national currency converted to U.S. dollars using market exchange rates (yearly average). Exchange rate projections are provided by country economists for the group of other emerging market and developing countries. Exchanges rates for advanced economies are established in the WEO assumptions for each WEO exercise. Expenditure-based GDP is total final expenditures at purchasers' prices (including the f.o.b. value of exports of goods and services), less the f.o.b. value of imports of goods and services. [SNA 1993]",U.S. dollars,Billions,"See notes for:  Gross domestic product, current prices (National currency).",0.754,0.798,0.714,0.734,0.628,0.497,0.635,0.831,0.986,1.006,1.237,1.285,1.425,1.497,1.621,1.932,1.830,1.957,1.797,1.764,1.739,1.544,1.436,2.198,2.774,3.177,3.293,3.465,3.298,3.596,4.438,4.826,4.887,4.600,4.426,4.061,3.815,4.407,4.667,4.495,3.984,4.851,4.791,4.858,5.199,5.483,5.859,6.215,6.522,6.836,7.051,2022.0,
734,SWZ,PCPIPCH,Eswatini,"Inflation, average consumer prices",Annual percentages of average consumer prices are year-on-year changes.,Percent change,Units,"See notes for:  Inflation, average consumer prices (Index).",18.200,20.056,10.807,11.568,12.940,20.463,13.737,13.377,20.395,7.546,13.092,8.934,7.558,12.023,13.769,12.289,6.425,7.945,7.510,5.862,9.911,7.489,11.869,7.276,3.470,4.895,5.195,8.076,12.657,7.448,4.509,6.107,8.940,5.621,5.681,4.951,7.847,6.221,4.815,2.598,3.872,3.719,4.802,4.949,4.034,5.208,4.819,4.396,4.200,4.200,4.200,2023.0,
734,SWZ,LP,Eswatini,Population,"For census purposes, the total population of the country consists of all persons falling within the scope of the census. In the broadest sense, the total may comprise either all usual residents of the country or all persons present in the country at the time of the census. [Principles and Recommendations for Population and Housing Censuses, Revision 1, paragraph 2.42]",Persons,Millions,Source: National Statistics Office Latest actual data: 2017 Primary domestic currency: Swazi lilangeni Data last updated: 02/25/2025,0.567,0.587,0.608,0.629,0.652,0.675,0.698,0.722,0.747,0.771,0.794,0.816,0.837,0.857,0.876,0.894,0.912,0.930,0.939,0.947,0.956,0.965,0.974,0.983,0.992,1.001,1.010,1.018,1.026,1.033,1.041,1.048,1.056,1.063,1.071,1.078,1.086,1.093,1.104,1.115,1.127,1.139,1.151,1.163,1.176,1.189,1.201,1.214,1.227,1.240,1.253,2017.0,
644,ETH,NGDP_R,Ethiopia,"Gross domestic product, constant prices","Expressed in billions of national currency units; the base year is country-specific. Expenditure-based GDP is total final expenditures at purchasers' prices (including the f.o.b. value of exports of goods and services), less the f.o.b. value of imports of goods and services. [SNA 1993]",National currency,Billions,Source: National Statistics Office Latest actual data: FY2022/23 National accounts manual used: System of National Accounts (SNA) 2008 GDP valuation: Factor costs. Data refer to fiscal years (July/June). Data for 2011 represent fiscal year 2010/11. Reporting in calendar year: No. Fiscal year data are mapped to calendar year as follows: FY(t-1/t) = CY(t). Start/end months of reporting year: July/June Base year: FY2015/16 Chain-weighted: No Primary domestic currency: Ethiopian birr Data last updated: 02/21/2025,219.962,219.962,222.076,239.499,233.979,207.275,227.365,258.901,260.388,259.198,265.941,246.746,224.767,254.803,263.686,279.827,317.695,326.719,313.045,332.747,365.481,392.527,398.807,390.432,436.113,491.063,547.536,612.145,680.705,748.775,828.146,922.554,"1,002.816","1,102.095","1,215.611","1,342.035","1,449.397","1,597.377","1,720.418","1,875.893","1,989.519","2,114.163","2,248.663","2,409.921","2,603.953","2,776.118","2,973.428","3,203.120","3,459.611","3,728.017","4,007.462",2023.0,
644,ETH,NGDPD,Ethiopia,"Gross domestic product, current prices","Values are based upon GDP in national currency converted to U.S. dollars using market exchange rates (yearly average). Exchange rate projections are provided by country economists for the group of other emerging market and developing countries. Exchanges rates for advanced economies are established in the WEO assumptions for each WEO exercise. Expenditure-based GDP is total final expenditures at purchasers' prices (including the f.o.b. value of exports of goods and services), less the f.o.b. value of imports of goods and services. [SNA 1993]",U.S. dollars,Billions,"See notes for:  Gross domestic product, current prices (National currency).",7.385,7.578,7.973,8.863,8.375,9.808,10.188,10.890,11.285,11.872,12.595,13.928,14.696,9.143,8.135,7.887,8.794,8.621,7.815,7.515,8.167,8.103,7.828,8.604,10.122,12.387,15.310,19.329,26.250,28.672,26.887,30.480,42.221,46.544,54.165,63.081,72.120,76.841,80.207,92.608,96.611,99.261,118.958,159.761,143.123,117.457,138.824,159.261,182.236,206.391,232.823,2023.0,
644,ETH,PCPIPCH,Ethiopia,"Inflation, average consumer prices",Annual percentages of average consumer prices are year-on-year changes.,Percent change,Units,"See notes for:  Inflation, average consumer prices (Index).",12.437,1.937,7.774,3.569,-0.334,18.403,5.550,-9.146,2.206,9.633,5.206,20.869,21.019,9.990,1.166,13.354,0.919,-6.420,3.600,7.941,0.662,-8.238,1.654,17.762,3.221,11.656,13.558,17.245,44.371,8.479,8.134,33.232,24.132,8.071,7.404,9.569,6.628,10.687,13.833,15.810,20.354,26.794,33.938,30.219,21.746,21.541,12.197,12.197,12.197,12.197,12.197,2023.0,
644,ETH,LP,Ethiopia,Population,"For census purposes, the total population of the country consists of all persons falling within the scope of the census. In the broadest sense, the total may comprise either all usual residents of the country or all persons present in the country at the time of the census. [Principles and Recommendations for Population and Housing Censuses, Revision 1, paragraph 2.42]",Persons,Millions,Source: International Financial Institution. Human Development Indicators Latest actual data: FY2021/22 Primary domestic currency: Ethiopian birr Data last updated: 02/21/2025,32.444,33.227,34.175,35.256,36.415,37.612,38.839,40.105,41.420,42.799,44.249,45.774,47.359,48.981,50.606,52.212,53.789,55.345,56.891,58.448,60.030,61.591,63.192,64.835,66.521,68.250,70.025,72.421,74.879,76.826,78.824,80.700,82.700,84.800,87.000,89.100,91.200,93.400,95.500,97.600,99.700,101.900,104.082,105.707,108.414,110.148,111.910,113.701,115.520,117.369,119.246,2022.0,
819,FJI,NGDP_R,Fiji,"Gross domestic product, constant prices","Expressed in billions of national currency units; the base year is country-specific. Expenditure-based GDP is total final expenditures at purchasers' prices (including the f.o.b. value of exports of goods and services), less the f.o.b. value of imports of goods and services. [SNA 1993]",National currency,Billions,Source: National Statistics Office. Fiji Islands Bureau of Statistics Latest actual data: 2023 National accounts manual used: System of National Accounts (SNA) 2008 GDP valuation: Factor costs Reporting in calendar year: Yes Start/end months of reporting year: January/December Base year: 2014 Chain-weighted: No Primary domestic currency: Fijian dollar Data last updated: 04/08/2025,4.198,4.450,4.402,4.216,4.643,4.467,4.762,4.419,4.572,5.207,5.510,5.361,5.688,5.836,6.133,6.293,6.595,6.437,6.520,7.088,6.967,7.099,7.327,7.385,7.784,7.683,7.829,7.758,7.836,7.726,7.958,8.173,8.288,8.681,9.167,9.580,9.814,10.339,10.733,10.671,8.853,8.421,10.087,10.846,11.244,11.535,11.863,12.240,12.631,13.032,13.450,2023.0,
819,FJI,NGDPD,Fiji,"Gross domestic product, current prices","Values are based upon GDP in national currency converted to U.S. dollars using market exchange rates (yearly average). Exchange rate projections are provided by country economists for the group of other emerging market and developing countries. Exchanges rates for advanced economies are established in the WEO assumptions for each WEO exercise. Expenditure-based GDP is total final expenditures at purchasers' prices (including the f.o.b. value of exports of goods and services), less the f.o.b. value of imports of goods and services. [SNA 1993]",U.S. dollars,Billions,"See notes for:  Gross domestic product, current prices (National currency).",1.303,1.339,1.293,1.217,1.276,1.236,1.398,1.276,1.202,1.281,1.448,1.500,1.659,1.772,1.977,2.134,2.307,2.268,1.795,2.104,1.824,1.798,1.996,2.509,2.954,3.257,3.361,3.688,3.816,3.106,3.402,4.094,4.303,4.539,4.857,4.682,4.930,5.353,5.581,5.444,4.432,4.305,4.970,5.442,5.949,6.257,6.564,6.913,7.284,7.674,8.089,2023.0,
819,FJI,PCPIPCH,Fiji,"Inflation, average consumer prices",Annual percentages of average consumer prices are year-on-year changes.,Percent change,Units,"See notes for:  Inflation, average consumer prices (Index).",14.464,11.200,7.014,6.807,5.271,4.410,1.790,5.664,11.758,6.189,8.191,6.497,4.883,5.207,0.800,2.183,3.010,3.393,5.743,1.983,1.099,4.264,0.722,4.220,2.827,2.303,2.483,4.811,7.726,3.655,3.689,7.282,3.416,2.909,0.519,1.375,3.863,3.348,4.081,1.773,-2.595,0.156,4.320,2.300,4.500,3.200,3.100,3.200,3.300,3.400,3.500,2024.0,
819,FJI,LP,Fiji,Population,"For census purposes, the total population of the country consists of all persons falling within the scope of the census. In the broadest sense, the total may comprise either all usual residents of the country or all persons present in the country at the time of the census. [Principles and Recommendations for Population and Housing Censuses, Revision 1, paragraph 2.42]",Persons,Millions,Source: National Statistics Office Latest actual data: 2020 Primary domestic currency: Fijian dollar Data last updated: 04/08/2025,0.634,0.649,0.666,0.683,0.698,0.709,0.715,0.718,0.719,0.733,0.739,0.745,0.751,0.757,0.763,0.768,0.775,0.782,0.791,0.797,0.802,0.805,0.810,0.816,0.821,0.827,0.830,0.837,0.838,0.843,0.848,0.852,0.857,0.860,0.864,0.868,0.871,0.885,0.890,0.896,0.901,0.906,0.912,0.917,0.923,0.928,0.934,0.939,0.945,0.951,0.956,2020.0,
172,FIN,NGDP_R,Finland,"Gross domestic product, constant prices","Expressed in billions of national currency units; the base year is country-specific. Expenditure-based GDP is total final expenditures at purchasers' prices (including the f.o.b. value of exports of goods and services), less the f.o.b. value of imports of goods and services. [SNA 1993]",National currency,Billions,"Source: National Statistics Office. Downloaded through Haver Analytics Latest actual data: 2024 National accounts manual used: European System of Accounts (ESA) 2010 GDP valuation: Market prices Reporting in calendar year: Yes Start/end months of reporting year: January/December Base year: 2015 Chain-weighted: Yes, from 1980 Primary domestic currency: Euro Data last updated: 04/08/2025",103.692,105.033,108.276,111.657,115.245,119.321,122.573,126.936,133.551,140.344,140.641,132.371,127.987,126.988,132.021,137.609,142.648,151.774,160.052,167.077,176.690,181.355,184.415,188.125,195.660,201.095,209.178,220.292,222.019,204.089,210.554,215.585,212.301,210.221,209.216,210.192,215.598,222.720,225.377,228.419,222.729,228.690,230.435,228.253,227.947,230.135,233.369,236.587,239.729,242.666,245.517,2024.0,
172,FIN,NGDPD,Finland,"Gross domestic product, current prices","Values are based upon GDP in national currency converted to U.S. dollars using market exchange rates (yearly average). Exchange rate projections are provided by country economists for the group of other emerging market and developing countries. Exchanges rates for advanced economies are established in the WEO assumptions for each WEO exercise. Expenditure-based GDP is total final expenditures at purchasers' prices (including the f.o.b. value of exports of goods and services), less the f.o.b. value of imports of goods and services. [SNA 1993]",U.S. dollars,Billions,"See notes for:  Gross domestic product, current prices (National currency).",53.714,52.620,53.111,51.056,53.032,56.223,73.652,91.775,109.255,119.106,141.726,128.215,113.139,89.177,103.621,134.210,132.046,127.027,134.164,135.369,126.023,129.521,140.262,171.570,197.369,204.973,217.056,256.390,285.667,253.206,249.633,275.079,257.606,270.272,273.549,233.234,238.712,253.757,273.993,267.044,269.784,294.419,280.474,295.036,298.833,303.945,315.822,326.344,337.007,348.457,361.008,2024.0,
172,FIN,PCPIPCH,Finland,"Inflation, average consumer prices",Annual percentages of average consumer prices are year-on-year changes.,Percent change,Units,"See notes for:  Inflation, average consumer prices (Index).",11.602,12.000,9.300,8.400,7.000,5.820,2.900,4.082,5.135,6.572,4.957,4.545,3.254,3.326,1.614,0.398,1.063,1.217,1.349,1.310,2.952,2.665,2.007,1.290,0.147,0.774,1.275,1.583,3.916,1.634,1.686,3.324,3.162,2.216,1.209,-0.156,0.389,0.839,1.169,1.137,0.383,2.066,7.172,4.340,0.975,1.974,2.000,2.000,2.000,2.000,2.000,2024.0,
172,FIN,LP,Finland,Population,"For census purposes, the total population of the country consists of all persons falling within the scope of the census. In the broadest sense, the total may comprise either all usual residents of the country or all persons present in the country at the time of the census. [Principles and Recommendations for Population and Housing Censuses, Revision 1, paragraph 2.42]",Persons,Millions,Source: National Statistics Office Latest actual data: 2024 Primary domestic currency: Euro Data last updated: 04/08/2025,4.771,4.788,4.812,4.842,4.870,4.894,4.911,4.926,4.939,4.954,4.974,4.998,5.029,5.055,5.078,5.099,5.117,5.132,5.147,5.160,5.171,5.181,5.195,5.206,5.220,5.237,5.256,5.277,5.300,5.326,5.351,5.375,5.401,5.427,5.451,5.472,5.487,5.503,5.513,5.518,5.525,5.534,5.548,5.564,5.604,5.612,5.616,5.616,5.612,5.608,5.603,2024.0,
132,FRA,NGDP_R,France,"Gross domestic product, constant prices","Expressed in billions of national currency units; the base year is country-specific. Expenditure-based GDP is total final expenditures at purchasers' prices (including the f.o.b. value of exports of goods and services), less the f.o.b. value of imports of goods and services. [SNA 1993]",National currency,Billions,"Source: National Statistics Office Latest actual data: 2024 National accounts manual used: European System of Accounts (ESA) 2010 GDP valuation: Market prices Reporting in calendar year: Yes Start/end months of reporting year: January/December Base year: 2020 Chain-weighted: Yes, from 1980 Primary domestic currency: Euro Data last updated: 04/10/2025","1,223.307","1,237.820","1,267.574","1,283.577","1,305.053","1,326.846","1,357.700","1,392.556","1,457.589","1,524.416","1,566.987","1,587.231","1,609.583","1,602.735","1,641.244","1,681.575","1,704.221","1,747.084","1,807.639","1,866.581","1,948.031","1,983.999","2,006.220","2,026.163","2,077.195","2,118.496","2,180.542","2,234.745","2,240.662","2,179.436","2,219.602","2,274.754","2,279.788","2,300.651","2,324.113","2,347.031","2,364.119","2,418.156","2,456.532","2,507.518","2,317.133","2,475.334","2,540.283","2,568.622","2,596.032","2,612.671","2,639.180","2,670.547","2,704.170","2,736.864","2,769.974",2024.0,
132,FRA,NGDPD,France,"Gross domestic product, current prices","Values are based upon GDP in national currency converted to U.S. dollars using market exchange rates (yearly average). Exchange rate projections are provided by country economists for the group of other emerging market and developing countries. Exchanges rates for advanced economies are established in the WEO assumptions for each WEO exercise. Expenditure-based GDP is total final expenditures at purchasers' prices (including the f.o.b. value of exports of goods and services), less the f.o.b. value of imports of goods and services. [SNA 1993]",U.S. dollars,Billions,"See notes for:  Gross domestic product, current prices (National currency).",695.475,612.552,581.254,555.956,526.671,551.596,766.302,927.257,"1,012.843","1,017.702","1,260.874","1,263.244","1,392.563","1,315.795","1,388.477","1,596.250","1,599.248","1,451.058","1,498.974","1,488.392","1,361.560","1,370.386","1,491.373","1,834.637","2,108.835","2,193.358","2,317.985","2,656.130","2,926.483","2,697.144","2,648.391","2,869.903","2,684.706","2,816.119","2,861.973","2,442.731","2,469.726","2,587.955","2,782.838","2,723.094","2,645.806","2,968.405","2,797.049","3,056.880","3,162.023","3,211.292","3,317.916","3,418.285","3,526.684","3,637.929","3,754.780",2024.0,
132,FRA,PCPIPCH,France,"Inflation, average consumer prices",Annual percentages of average consumer prices are year-on-year changes.,Percent change,Units,"See notes for:  Inflation, average consumer prices (Index).",13.057,13.333,11.978,9.460,7.674,5.831,2.539,3.289,2.701,6.569,0.323,3.403,2.456,2.235,1.664,1.769,2.079,1.270,0.673,0.577,1.815,1.784,1.937,2.172,2.335,1.888,1.892,1.605,3.161,0.102,1.738,2.287,2.217,0.989,0.611,0.089,0.307,1.166,2.099,1.298,0.527,2.066,5.904,5.663,2.317,1.299,1.641,1.866,1.933,1.893,1.941,2024.0,
132,FRA,LP,France,Population,"For census purposes, the total population of the country consists of all persons falling within the scope of the census. In the broadest sense, the total may comprise either all usual residents of the country or all persons present in the country at the time of the census. [Principles and Recommendations for Population and Housing Censuses, Revision 1, paragraph 2.42]",Persons,Millions,Source: National Statistics Office Latest actual data: 2024 Primary domestic currency: Euro Data last updated: 04/10/2025,55.092,55.397,55.711,56.034,56.285,56.554,56.815,57.092,57.383,57.695,58.010,58.280,58.571,58.852,59.070,59.281,59.487,59.691,59.899,60.123,60.508,60.941,61.385,61.824,62.251,62.731,63.186,63.601,63.962,64.305,64.613,64.933,65.241,65.565,66.131,66.422,66.603,66.774,66.992,67.258,67.442,67.697,68.060,68.246,68.437,68.628,68.821,69.014,69.207,69.401,69.596,2024.0,
646,GAB,NGDP_R,Gabon,"Gross domestic product, constant prices","Expressed in billions of national currency units; the base year is country-specific. Expenditure-based GDP is total final expenditures at purchasers' prices (including the f.o.b. value of exports of goods and services), less the f.o.b. value of imports of goods and services. [SNA 1993]",National currency,Billions,Source: Ministry of Economy and/or Planning Latest actual data: 2023 National accounts manual used: System of National Accounts (SNA) 1993 GDP valuation: Market prices Reporting in calendar year: Yes Start/end months of reporting year: January/December Base year: 2001 Chain-weighted: No Primary domestic currency: CFA franc Data last updated: 04/09/2025,"2,595.283","2,491.472","2,593.622","2,645.495","2,775.124","2,936.081","2,874.424","2,431.762","2,516.874","2,905.242","3,054.762","3,241.822","3,141.754","3,265.745","3,386.994","3,555.458","3,684.345","3,895.767","4,031.255","3,670.733","3,601.606","3,679.028","3,669.866","3,752.340","3,778.214","3,925.542","3,782.910","4,028.293","3,906.228","3,859.515","4,144.146","4,438.038","4,671.083","4,928.787","5,147.392","5,347.054","5,458.885","5,484.686","5,534.528","5,747.489","5,641.845","5,724.667","5,898.562","6,042.835","6,228.572","6,401.377","6,567.974","6,755.661","6,946.284","7,136.545","7,341.234",2023.0,
646,GAB,NGDPD,Gabon,"Gross domestic product, current prices","Values are based upon GDP in national currency converted to U.S. dollars using market exchange rates (yearly average). Exchange rate projections are provided by country economists for the group of other emerging market and developing countries. Exchanges rates for advanced economies are established in the WEO assumptions for each WEO exercise. Expenditure-based GDP is total final expenditures at purchasers' prices (including the f.o.b. value of exports of goods and services), less the f.o.b. value of imports of goods and services. [SNA 1993]",U.S. dollars,Billions,"See notes for:  Gross domestic product, current prices (National currency).",4.559,4.111,3.853,3.689,3.547,3.736,4.889,3.699,4.079,4.458,6.339,5.754,5.955,5.757,4.463,5.281,6.064,5.673,4.774,4.966,5.397,5.023,5.332,6.510,7.767,9.468,10.164,12.457,15.570,12.188,14.384,18.207,17.181,17.596,18.209,14.385,14.020,14.924,16.830,16.875,15.364,19.455,20.485,20.059,20.774,20.391,20.921,21.723,22.609,23.502,24.467,2023.0,
646,GAB,PCPIPCH,Gabon,"Inflation, average consumer prices",Annual percentages of average consumer prices are year-on-year changes.,Percent change,Units,"See notes for:  Inflation, average consumer prices (Index).",12.321,8.600,16.700,10.400,5.900,7.300,6.400,-1.000,-9.800,6.903,15.369,-9.830,-9.543,0.534,36.116,9.647,0.690,3.973,1.449,-1.935,0.504,2.136,0.164,2.105,0.408,1.171,-1.406,5.029,5.263,1.885,1.447,1.262,2.683,0.480,4.512,-0.143,2.086,2.652,4.777,2.022,1.703,1.077,4.250,3.634,1.164,1.516,1.966,1.958,1.932,1.954,2.002,2024.0,
646,GAB,LP,Gabon,Population,"For census purposes, the total population of the country consists of all persons falling within the scope of the census. In the broadest sense, the total may comprise either all usual residents of the country or all persons present in the country at the time of the census. [Principles and Recommendations for Population and Housing Censuses, Revision 1, paragraph 2.42]",Persons,Millions,Source: National Statistics Office. In close cooperation with World Bank and country authorities. Latest actual data: 2015 Primary domestic currency: CFA franc Data last updated: 04/09/2025,0.748,0.765,0.781,0.799,0.816,0.834,0.852,0.871,0.890,0.910,0.930,0.960,0.990,1.014,1.039,1.065,1.092,1.119,1.147,1.176,1.205,1.235,1.266,1.298,1.330,1.364,1.398,1.440,1.494,1.551,1.610,1.671,1.735,1.803,1.868,1.930,1.980,2.025,2.053,2.080,2.108,2.135,2.161,2.209,2.258,2.306,2.356,2.406,2.459,2.512,2.566,2015.0,
648,GMB,NGDP_R,The Gambia,"Gross domestic product, constant prices","Expressed in billions of national currency units; the base year is country-specific. Expenditure-based GDP is total final expenditures at purchasers' prices (including the f.o.b. value of exports of goods and services), less the f.o.b. value of imports of goods and services. [SNA 1993]",National currency,Billions,Source: National Statistics Office. No comments Latest actual data: 2023 National accounts manual used: System of National Accounts (SNA) 2008 GDP valuation: Market prices Reporting in calendar year: Yes. Data is reported in calendar year (CY) Start/end months of reporting year: January/December Base year: 2013 Chain-weighted: No Primary domestic currency: Gambian dalasi Data last updated: 03/20/2025,18.770,16.982,20.508,23.280,21.506,22.291,22.818,23.456,23.856,24.889,26.307,26.876,27.350,28.398,27.433,28.344,29.168,29.581,31.504,33.520,35.372,37.406,36.192,38.680,41.405,40.431,40.207,41.430,44.022,46.957,49.731,45.688,48.082,49.464,48.767,50.746,51.733,54.228,58.151,61.769,62.134,65.400,68.993,72.302,76.508,81.031,85.106,89.359,93.828,98.521,103.448,2023.0,
648,GMB,NGDPD,The Gambia,"Gross domestic product, current prices","Values are based upon GDP in national currency converted to U.S. dollars using market exchange rates (yearly average). Exchange rate projections are provided by country economists for the group of other emerging market and developing countries. Exchanges rates for advanced economies are established in the WEO assumptions for each WEO exercise. Expenditure-based GDP is total final expenditures at purchasers' prices (including the f.o.b. value of exports of goods and services), less the f.o.b. value of imports of goods and services. [SNA 1993]",U.S. dollars,Billions,"See notes for:  Gross domestic product, current prices (National currency).",0.606,0.580,0.547,0.550,0.396,0.482,0.376,0.504,0.585,0.614,0.721,0.760,0.820,0.878,0.870,0.909,0.949,0.983,1.009,1.036,1.010,1.002,0.887,0.843,0.962,1.028,1.054,1.280,1.562,1.450,1.543,1.410,1.415,1.376,1.229,1.355,1.470,1.498,1.662,1.806,1.809,2.045,2.135,2.345,2.558,2.771,2.938,3.143,3.376,3.627,3.913,2023.0,
648,GMB,PCPIPCH,The Gambia,"Inflation, average consumer prices",Annual percentages of average consumer prices are year-on-year changes.,Percent change,Units,"See notes for:  Inflation, average consumer prices (Index).",5.019,7.920,8.235,10.645,22.106,18.320,56.556,23.712,11.549,8.255,12.168,8.642,9.484,6.466,1.710,6.981,1.099,2.781,1.114,3.807,0.851,4.492,8.610,17.032,14.287,4.959,2.056,5.370,4.451,4.554,5.049,4.796,4.645,5.241,6.262,6.808,7.225,8.049,6.521,7.116,5.931,7.370,11.513,16.966,11.564,9.288,6.700,5.000,5.000,5.000,5.000,2024.0,
648,GMB,LP,The Gambia,Population,"For census purposes, the total population of the country consists of all persons falling within the scope of the census. In the broadest sense, the total may comprise either all usual residents of the country or all persons present in the country at the time of the census. [Principles and Recommendations for Population and Housing Censuses, Revision 1, paragraph 2.42]",Persons,Millions,Source: International Financial Institution. Human Development Indicators Latest actual data: 2023 Primary domestic currency: Gambian dalasi Data last updated: 03/20/2025,0.601,0.638,0.662,0.688,0.716,0.746,0.776,0.808,0.841,0.875,0.911,0.948,0.987,1.045,1.081,1.115,1.148,1.201,1.238,1.277,1.318,1.360,1.404,1.450,1.497,1.544,1.591,1.640,1.689,1.740,1.793,1.848,1.905,1.964,2.024,2.086,2.149,2.214,2.280,2.349,2.419,2.492,2.567,2.644,2.724,2.805,2.890,2.977,3.066,3.158,3.253,2023.0,
915,GEO,NGDP_R,Georgia,"Gross domestic product, constant prices","Expressed in billions of national currency units; the base year is country-specific. Expenditure-based GDP is total final expenditures at purchasers' prices (including the f.o.b. value of exports of goods and services), less the f.o.b. value of imports of goods and services. [SNA 1993]",National currency,Billions,"Source: National Statistics Office. Historical data from 2010 revised in February 2024 Latest actual data: 2024 Notes: Data prior to 1996 cannot be confirmed by national sources. Data prior to 2010 are based on staff estimates. National accounts manual used: System of National Accounts (SNA) 2008 GDP valuation: Market prices Reporting in calendar year: Yes Start/end months of reporting year: January/December Base year: 2019 Chain-weighted: Yes, from 1996 Primary domestic currency: Georgian lari Data last updated: 04/09/2025",,,,,,,,,,,,,,,12.559,12.886,14.239,15.709,16.184,16.653,16.963,17.772,18.747,20.852,22.061,24.176,26.454,29.781,30.502,29.388,31.428,33.927,36.159,38.015,39.570,40.896,42.307,44.490,47.187,49.726,46.598,51.558,57.208,61.689,67.505,71.540,75.117,78.873,82.816,86.957,91.305,2024.0,
915,GEO,NGDPD,Georgia,"Gross domestic product, current prices","Values are based upon GDP in national currency converted to U.S. dollars using market exchange rates (yearly average). Exchange rate projections are provided by country economists for the group of other emerging market and developing countries. Exchanges rates for advanced economies are established in the WEO assumptions for each WEO exercise. Expenditure-based GDP is total final expenditures at purchasers' prices (including the f.o.b. value of exports of goods and services), less the f.o.b. value of imports of goods and services. [SNA 1993]",U.S. dollars,Billions,"See notes for:  Gross domestic product, current prices (National currency).",,,,,,,,,,,,,,,0.850,1.961,3.148,3.608,3.730,2.898,3.144,3.311,3.493,4.103,5.269,6.590,7.979,10.458,13.158,11.069,12.425,15.475,16.894,17.516,17.966,15.223,15.445,16.472,17.905,17.645,16.013,18.849,24.985,30.778,33.775,35.353,36.763,38.664,40.705,42.896,45.246,2024.0,
915,GEO,PCPIPCH,Georgia,"Inflation, average consumer prices",Annual percentages of average consumer prices are year-on-year changes.,Percent change,Units,"See notes for:  Inflation, average consumer prices (Index).",,,,,,,,,,,,,,,,,,7.161,3.564,19.144,4.024,4.688,5.579,4.785,5.656,8.247,9.161,9.245,9.999,1.728,7.110,8.543,-0.944,-0.512,3.069,4.004,2.135,6.035,2.615,4.853,5.202,9.567,11.898,2.488,1.110,3.624,3.227,3.000,3.000,3.000,3.000,2024.0,
915,GEO,LP,Georgia,Population,"For census purposes, the total population of the country consists of all persons falling within the scope of the census. In the broadest sense, the total may comprise either all usual residents of the country or all persons present in the country at the time of the census. [Principles and Recommendations for Population and Housing Censuses, Revision 1, paragraph 2.42]",Persons,Millions,"Source: National Statistics Office. Census surveys were conducted in 2002 and 2014. Data from 2003 to 2013 have been computed via linear interpolation and are inconsistent with data from the authorities which have not been back-cast following the results of the 2014 census Latest actual data: 2024 Notes: Excludes population of territories not controlled by the Georgian government (Abkhazia and South Ossetia) starting in 1993. Prior to 1993, population numbers include Abkhazia and South Ossetia Primary domestic currency: Georgian lari Data last updated: 04/09/2025",,,,,,,,,,,,,,,4.930,4.742,4.573,4.410,4.290,4.198,4.117,4.038,3.991,3.966,3.938,3.917,3.888,3.873,3.848,3.829,3.800,3.774,3.739,3.718,3.717,3.722,3.729,3.726,3.730,3.724,3.717,3.729,3.689,3.736,3.695,3.694,3.691,3.688,3.684,3.681,3.678,2024.0,
134,DEU,NGDP_R,Germany,"Gross domestic product, constant prices","Expressed in billions of national currency units; the base year is country-specific. Expenditure-based GDP is total final expenditures at purchasers' prices (including the f.o.b. value of exports of goods and services), less the f.o.b. value of imports of goods and services. [SNA 1993]",National currency,Billions,"Source: National Statistics Office Latest actual data: 2024 Notes: Data from 1991 onward refer to united Germany and include FISIM. Data until 1990 are estimates for united Germany derived from available data (excluding FISIM) for the German federation only (West Germany). National accounts manual used: European System of Accounts (ESA) 2010 GDP valuation: Market prices Reporting in calendar year: Yes Start/end months of reporting year: January/December Base year: 2020 Chain-weighted: Yes, from 1991 Primary domestic currency: Euro Data last updated: 04/11/2025","1,845.002","1,847.037","1,832.479","1,860.968","1,913.561","1,955.511","2,002.783","2,032.210","2,108.126","2,190.617","2,315.996","2,432.060","2,481.060","2,456.730","2,520.560","2,558.670","2,584.980","2,633.000","2,688.380","2,745.550","2,824.640","2,870.780","2,864.220","2,848.870","2,882.240","2,907.690","3,019.980","3,107.160","3,135.440","2,961.500","3,084.300","3,200.380","3,215.400","3,227.810","3,297.920","3,352.520","3,429.270","3,522.320","3,561.640","3,597.000","3,449.530","3,576.140","3,625.040","3,615.470","3,607.090","3,605.304","3,638.536","3,691.358","3,735.693","3,771.317","3,797.471",2024.0,
134,DEU,NGDPD,Germany,"Gross domestic product, current prices","Values are based upon GDP in national currency converted to U.S. dollars using market exchange rates (yearly average). Exchange rate projections are provided by country economists for the group of other emerging market and developing countries. Exchanges rates for advanced economies are established in the WEO assumptions for each WEO exercise. Expenditure-based GDP is total final expenditures at purchasers' prices (including the f.o.b. value of exports of goods and services), less the f.o.b. value of imports of goods and services. [SNA 1993]",U.S. dollars,Billions,"See notes for:  Gross domestic product, current prices (National currency).",856.833,720.895,696.088,694.447,654.289,663.459,947.583,"1,179.165","1,271.263","1,262.000","1,604.497","1,882.489","2,146.140","2,080.092","2,220.165","2,595.269","2,507.448","2,221.504","2,250.847","2,216.072","1,967.850","1,966.395","2,100.865","2,534.081","2,851.023","2,894.992","3,046.470","3,484.467","3,808.369","3,476.022","3,470.987","3,824.155","3,600.175","3,808.142","3,966.823","3,423.915","3,536.808","3,761.764","4,053.846","3,957.645","3,936.989","4,351.188","4,166.872","4,527.009","4,658.526","4,744.804","4,911.746","5,083.216","5,251.928","5,416.003","5,575.689",2024.0,
134,DEU,PCPIPCH,Germany,"Inflation, average consumer prices",Annual percentages of average consumer prices are year-on-year changes.,Percent change,Units,"See notes for:  Inflation, average consumer prices (Index).",5.447,6.324,5.256,3.284,2.396,2.084,-0.125,0.242,1.274,2.778,2.687,3.474,5.046,4.476,2.717,1.733,1.274,1.507,0.596,0.647,1.413,1.900,1.326,1.074,1.780,1.928,1.775,2.271,2.754,0.246,1.119,2.482,2.159,1.607,0.769,0.680,0.367,1.702,1.935,1.354,0.371,3.212,8.666,6.030,2.489,2.086,1.946,2.109,2.180,2.177,2.179,2024.0,
134,DEU,LP,Germany,Population,"For census purposes, the total population of the country consists of all persons falling within the scope of the census. In the broadest sense, the total may comprise either all usual residents of the country or all persons present in the country at the time of the census. [Principles and Recommendations for Population and Housing Censuses, Revision 1, paragraph 2.42]",Persons,Millions,Source: National Statistics Office Latest actual data: 2024 Notes: Data until 1990 refers to German federation only (West Germany). Data from 1991 refer to United Germany. Primary domestic currency: Euro Data last updated: 04/11/2025,76.843,76.988,76.933,76.664,76.355,76.166,76.219,76.233,76.697,77.463,78.949,79.973,80.500,80.947,81.147,81.308,81.466,81.510,81.446,81.422,81.457,81.518,81.579,81.549,81.457,81.337,81.174,80.993,80.765,80.483,80.285,80.276,80.427,80.646,80.983,81.687,82.349,82.657,82.906,83.093,83.161,83.196,83.798,84.514,84.716,84.863,84.977,85.045,85.073,85.090,85.093,2024.0,
652,GHA,NGDP_R,Ghana,"Gross domestic product, constant prices","Expressed in billions of national currency units; the base year is country-specific. Expenditure-based GDP is total final expenditures at purchasers' prices (including the f.o.b. value of exports of goods and services), less the f.o.b. value of imports of goods and services. [SNA 1993]",National currency,Billions,Source: National Statistics Office Latest actual data: 2023 National accounts manual used: System of National Accounts (SNA) 2008 GDP valuation: Market prices Reporting in calendar year: Yes Start/end months of reporting year: January/December Base year: 2013 Chain-weighted: No Primary domestic currency: Ghanaian cedi Data last updated: 04/02/2025,27.390,26.362,24.173,22.669,24.795,26.390,28.023,29.889,31.823,33.268,34.464,36.109,37.724,39.525,40.911,42.643,44.674,47.264,49.632,51.880,53.746,55.803,58.380,61.364,64.680,68.710,72.707,75.669,82.481,87.167,93.947,107.057,116.073,124.478,128.033,130.748,135.159,146.146,155.207,165.308,166.157,174.592,181.257,186.926,197.553,205.507,215.357,226.010,237.298,249.163,261.621,2023.0,
652,GHA,NGDPD,Ghana,"Gross domestic product, current prices","Values are based upon GDP in national currency converted to U.S. dollars using market exchange rates (yearly average). Exchange rate projections are provided by country economists for the group of other emerging market and developing countries. Exchanges rates for advanced economies are established in the WEO assumptions for each WEO exercise. Expenditure-based GDP is total final expenditures at purchasers' prices (including the f.o.b. value of exports of goods and services), less the f.o.b. value of imports of goods and services. [SNA 1993]",U.S. dollars,Billions,"See notes for:  Gross domestic product, current prices (National currency).",38.684,61.487,70.954,49.337,17.998,15.970,15.086,12.692,13.566,13.723,15.882,17.795,17.666,14.532,13.433,15.692,16.629,17.024,18.528,19.165,12.349,13.113,15.229,18.790,21.754,26.415,30.963,36.544,41.323,37.127,45.447,53.625,55.800,62.846,54.678,49.437,56.144,60.385,67.259,68.353,70.008,79.514,73.919,80.547,82.825,88.332,92.300,96.762,101.673,110.710,118.609,2023.0,
652,GHA,PCPIPCH,Ghana,"Inflation, average consumer prices",Annual percentages of average consumer prices are year-on-year changes.,Percent change,Units,"See notes for:  Inflation, average consumer prices (Index).",50.005,116.504,22.485,122.245,40.030,10.301,24.539,39.758,31.369,25.237,37.241,18.097,10.049,24.942,24.874,59.317,44.487,24.825,19.208,12.471,25.113,32.932,14.846,26.626,12.666,15.095,11.683,10.729,16.505,13.139,6.698,7.676,7.072,11.666,15.486,17.153,17.455,12.372,9.837,7.208,9.918,9.976,31.921,39.210,22.875,17.171,9.383,8.000,8.000,8.000,8.000,2024.0,
652,GHA,LP,Ghana,Population,"For census purposes, the total population of the country consists of all persons falling within the scope of the census. In the broadest sense, the total may comprise either all usual residents of the country or all persons present in the country at the time of the census. [Principles and Recommendations for Population and Housing Censuses, Revision 1, paragraph 2.42]",Persons,Millions,Source: United Nations Latest actual data: 2023 Notes: Data cannot be confirmed by national sources at this time. Primary domestic currency: Ghanaian cedi Data last updated: 04/02/2025,11.941,12.282,12.644,13.030,13.371,13.661,13.965,14.289,14.637,15.007,15.395,15.787,16.185,16.590,16.993,17.399,17.810,18.239,18.688,19.150,19.637,20.167,20.729,21.297,21.868,22.449,23.041,23.642,24.250,24.863,25.475,26.095,26.734,27.386,28.042,28.696,29.357,30.008,30.638,31.259,31.888,32.519,33.149,33.788,34.427,35.064,35.698,36.328,36.959,37.590,38.222,2023.0,
174,GRC,NGDP_R,Greece,"Gross domestic product, constant prices","Expressed in billions of national currency units; the base year is country-specific. Expenditure-based GDP is total final expenditures at purchasers' prices (including the f.o.b. value of exports of goods and services), less the f.o.b. value of imports of goods and services. [SNA 1993]",National currency,Billions,"Source: National Statistics Office. Formally, the National Statistical Office (ELSTAT) Latest actual data: 2024 Notes: The National Statistical Office has significantly and repeatedly revised national accounts data over the course of the past several years. Official data are only available from 1995. Data prior to 1995 came from European Commission Macro Forecasts (AMECO National accounts manual used: European System of Accounts (ESA) 2010 GDP valuation: Market prices Reporting in calendar year: Yes Start/end months of reporting year: January/December Base year: 2020 Chain-weighted: Yes, from 1995 Primary domestic currency: Euro Data last updated: 04/08/2025",131.661,129.612,128.147,126.765,129.309,132.559,133.241,130.234,135.819,140.979,140.979,145.352,146.365,144.025,146.905,149.990,152.063,157.542,162.956,167.289,174.211,182.313,190.851,201.914,212.773,215.291,229.163,237.199,237.336,227.559,214.603,193.407,177.294,173.265,174.638,174.239,174.184,176.750,180.399,184.507,167.540,182.039,192.495,196.984,201.459,205.549,209.156,211.906,215.056,218.100,221.217,2024.0,
174,GRC,NGDPD,Greece,"Gross domestic product, current prices","Values are based upon GDP in national currency converted to U.S. dollars using market exchange rates (yearly average). Exchange rate projections are provided by country economists for the group of other emerging market and developing countries. Exchanges rates for advanced economies are established in the WEO assumptions for each WEO exercise. Expenditure-based GDP is total final expenditures at purchasers' prices (including the f.o.b. value of exports of goods and services), less the f.o.b. value of imports of goods and services. [SNA 1993]",U.S. dollars,Billions,"See notes for:  Gross domestic product, current prices (National currency).",56.217,51.873,54.114,48.913,47.657,47.269,55.636,64.769,75.384,78.148,96.601,104.164,114.846,107.505,115.055,135.036,142.513,138.930,139.821,143.693,127.438,132.051,150.148,196.881,234.873,242.450,269.088,314.264,351.083,326.474,296.660,283.178,238.992,236.560,233.972,194.587,193.044,200.310,213.396,207.329,191.210,218.449,219.053,243.569,257.067,267.348,279.637,288.684,298.640,308.815,319.516,2024.0,
174,GRC,PCPIPCH,Greece,"Inflation, average consumer prices",Annual percentages of average consumer prices are year-on-year changes.,Percent change,Units,"See notes for:  Inflation, average consumer prices (Index).",24.873,24.463,21.125,20.179,18.456,19.315,23.017,16.397,13.518,13.702,20.434,19.456,15.877,14.411,10.873,8.788,7.873,5.441,4.517,2.141,2.897,3.642,3.921,3.450,3.020,3.486,3.314,2.989,4.230,1.347,4.704,3.118,1.035,-0.854,-1.394,-1.094,0.013,1.138,0.774,0.517,-1.262,0.574,9.300,4.155,2.997,2.440,2.078,2.009,2.015,2.015,2.015,2024.0,
174,GRC,LP,Greece,Population,"For census purposes, the total population of the country consists of all persons falling within the scope of the census. In the broadest sense, the total may comprise either all usual residents of the country or all persons present in the country at the time of the census. [Principles and Recommendations for Population and Housing Censuses, Revision 1, paragraph 2.42]",Persons,Millions,"Source: National Statistics Office. Formally, the Statistical Office of the European Communities (EUROSTAT) Latest actual data: 2024 Primary domestic currency: Euro Data last updated: 04/08/2025",9.584,9.701,9.758,9.821,9.872,9.920,9.949,9.985,10.016,10.058,10.121,10.273,10.367,10.431,10.490,10.536,10.588,10.629,10.693,10.748,10.776,10.836,10.888,10.916,10.940,10.970,11.005,11.036,11.061,11.095,11.119,11.123,11.086,11.004,10.927,10.858,10.784,10.768,10.741,10.725,10.719,10.679,10.460,10.414,10.401,10.380,10.364,10.349,10.333,10.318,10.302,2024.0,
328,GRD,NGDP_R,Grenada,"Gross domestic product, constant prices","Expressed in billions of national currency units; the base year is country-specific. Expenditure-based GDP is total final expenditures at purchasers' prices (including the f.o.b. value of exports of goods and services), less the f.o.b. value of imports of goods and services. [SNA 1993]",National currency,Billions,Source: National Statistics Office Latest actual data: 2022 Notes: Historical values for expenditure based GDP components are not reported by authorities and are estimated by IMF staff using data from balance of payments and fiscal accounts. GDP expenditure component estimates prior 2014 have been removed due to internal National accounts manual used: System of National Accounts (SNA) 1993 GDP valuation: Market prices Reporting in calendar year: Yes Start/end months of reporting year: January/December Base year: 2006 Chain-weighted: No Primary domestic currency: Eastern Caribbean dollar Data last updated: 04/02/2025,0.712,0.721,0.751,0.776,0.806,0.855,0.918,1.001,1.030,1.069,1.114,1.130,1.121,1.099,1.119,1.144,1.194,1.252,1.400,1.498,1.574,1.542,1.595,1.746,1.735,1.965,1.886,2.002,2.021,1.887,1.878,1.892,1.870,1.914,2.055,2.187,2.269,2.370,2.473,2.490,2.147,2.248,2.412,2.526,2.617,2.719,2.809,2.885,2.963,3.044,3.128,2022.0,
328,GRD,NGDPD,Grenada,"Gross domestic product, current prices","Values are based upon GDP in national currency converted to U.S. dollars using market exchange rates (yearly average). Exchange rate projections are provided by country economists for the group of other emerging market and developing countries. Exchanges rates for advanced economies are established in the WEO assumptions for each WEO exercise. Expenditure-based GDP is total final expenditures at purchasers' prices (including the f.o.b. value of exports of goods and services), less the f.o.b. value of imports of goods and services. [SNA 1993]",U.S. dollars,Billions,"See notes for:  Gross domestic product, current prices (National currency).",0.111,0.116,0.125,0.132,0.146,0.168,0.188,0.215,0.236,0.267,0.278,0.301,0.310,0.310,0.325,0.342,0.367,0.392,0.446,0.482,0.520,0.520,0.540,0.591,0.599,0.695,0.699,0.759,0.826,0.771,0.771,0.779,0.800,0.843,0.911,0.997,1.062,1.126,1.167,1.213,1.043,1.123,1.231,1.325,1.392,1.464,1.543,1.616,1.693,1.773,1.858,2022.0,
328,GRD,PCPIPCH,Grenada,"Inflation, average consumer prices",Annual percentages of average consumer prices are year-on-year changes.,Percent change,Units,"See notes for:  Inflation, average consumer prices (Index).",21.821,18.787,7.813,6.095,5.660,2.501,0.557,-0.872,4.000,5.593,2.724,2.645,3.778,2.809,6.435,3.027,2.032,1.245,1.405,0.574,2.142,1.671,1.067,2.155,2.313,3.476,4.252,3.859,8.033,-0.309,3.437,3.033,2.411,-0.044,-0.983,-0.515,1.644,0.912,0.806,0.598,-0.742,1.221,2.561,2.715,1.407,1.255,1.996,1.990,1.990,1.990,1.990,2023.0,
328,GRD,LP,Grenada,Population,"For census purposes, the total population of the country consists of all persons falling within the scope of the census. In the broadest sense, the total may comprise either all usual residents of the country or all persons present in the country at the time of the census. [Principles and Recommendations for Population and Housing Censuses, Revision 1, paragraph 2.42]",Persons,Millions,Source: National Statistics Office Latest actual data: 2023 Primary domestic currency: Eastern Caribbean dollar Data last updated: 04/02/2025,0.089,0.091,0.093,0.096,0.098,0.100,0.100,0.099,0.098,0.097,0.096,0.096,0.097,0.098,0.099,0.100,0.101,0.102,0.102,0.102,0.103,0.103,0.104,0.105,0.105,0.104,0.105,0.105,0.105,0.105,0.105,0.107,0.108,0.109,0.109,0.110,0.111,0.111,0.112,0.113,0.113,0.114,0.114,0.115,0.116,0.116,0.117,0.118,0.118,0.119,0.119,2023.0,
258,GTM,NGDP_R,Guatemala,"Gross domestic product, constant prices","Expressed in billions of national currency units; the base year is country-specific. Expenditure-based GDP is total final expenditures at purchasers' prices (including the f.o.b. value of exports of goods and services), less the f.o.b. value of imports of goods and services. [SNA 1993]",National currency,Billions,"Source: Central Bank. Also use data from Haver. Latest actual data: 2023 National accounts manual used: System of National Accounts (SNA) 2008 GDP valuation: Market prices Reporting in calendar year: Yes Start/end months of reporting year: January/December Base year: 2013 Chain-weighted: Yes, from 2001 Primary domestic currency: Guatemalan quetzal Data last updated: 03/13/2025",171.190,172.292,166.191,161.990,162.817,161.840,162.002,167.799,174.330,181.204,186.824,192.428,201.280,208.123,215.408,224.886,231.183,240.661,251.731,261.045,267.572,275.876,286.467,293.802,303.021,312.948,329.696,350.591,362.138,363.865,374.359,389.947,401.547,416.383,434.887,452.684,464.805,479.121,495.444,515.350,506.148,546.809,569.776,589.870,611.628,636.704,660.899,686.013,711.396,738.429,766.489,2023.0,
258,GTM,NGDPD,Guatemala,"Gross domestic product, current prices","Values are based upon GDP in national currency converted to U.S. dollars using market exchange rates (yearly average). Exchange rate projections are provided by country economists for the group of other emerging market and developing countries. Exchanges rates for advanced economies are established in the WEO assumptions for each WEO exercise. Expenditure-based GDP is total final expenditures at purchasers' prices (including the f.o.b. value of exports of goods and services), less the f.o.b. value of imports of goods and services. [SNA 1993]",U.S. dollars,Billions,"See notes for:  Gross domestic product, current prices (National currency).",7.718,8.431,8.539,8.864,9.276,10.951,5.921,6.857,7.426,8.561,7.535,9.174,10.138,11.045,12.482,14.050,14.992,16.982,18.461,17.422,18.124,19.735,21.924,23.092,24.977,28.179,31.308,35.028,40.242,37.997,41.493,47.419,49.902,52.989,57.835,62.180,66.034,71.624,73.331,77.156,77.718,86.467,95.631,104.436,112.575,121.177,131.178,141.574,152.695,164.834,177.938,2023.0,
258,GTM,PCPIPCH,Guatemala,"Inflation, average consumer prices",Annual percentages of average consumer prices are year-on-year changes.,Percent change,Units,"See notes for:  Inflation, average consumer prices (Index).",10.667,11.400,4.898,6.719,3.208,19.176,32.780,10.848,10.295,12.988,37.977,35.105,10.245,13.362,12.510,8.414,11.060,9.231,6.610,5.212,5.976,7.294,8.134,5.602,7.573,9.111,6.561,6.822,11.351,1.862,3.950,6.197,3.800,4.341,3.423,2.388,4.450,4.423,3.752,3.701,3.212,4.263,6.882,6.209,2.869,2.972,4.272,3.952,3.995,4.033,4.033,2024.0,
258,GTM,LP,Guatemala,Population,"For census purposes, the total population of the country consists of all persons falling within the scope of the census. In the broadest sense, the total may comprise either all usual residents of the country or all persons present in the country at the time of the census. [Principles and Recommendations for Population and Housing Censuses, Revision 1, paragraph 2.42]",Persons,Millions,Source: National Statistics Office Latest actual data: 2023 Primary domestic currency: Guatemalan quetzal Data last updated: 03/13/2025,7.045,7.224,7.408,7.597,7.791,7.991,8.196,8.405,8.618,8.833,9.050,9.297,9.544,9.791,10.038,10.287,10.537,10.788,11.046,11.311,11.590,11.872,12.148,12.415,12.682,12.948,13.213,13.477,13.739,14.000,14.260,14.522,14.782,15.044,15.306,15.567,15.828,16.087,16.347,16.604,16.858,17.110,17.358,17.602,17.850,18.091,18.327,18.565,18.793,19.024,19.258,2023.0,
656,GIN,NGDP_R,Guinea,"Gross domestic product, constant prices","Expressed in billions of national currency units; the base year is country-specific. Expenditure-based GDP is total final expenditures at purchasers' prices (including the f.o.b. value of exports of goods and services), less the f.o.b. value of imports of goods and services. [SNA 1993]",National currency,Billions,Source: National Statistics Office Latest actual data: 2021. No quarterly data produced Notes: Data prior to 1995 cannot be confirmed by national sources at this time. National accounts manual used: System of National Accounts (SNA) 1993 GDP valuation: Market prices Reporting in calendar year: Yes Start/end months of reporting year: January/December Base year: 2010 Chain-weighted: No Primary domestic currency: Guinean franc Data last updated: 03/21/2025,"14,522.278","14,610.826","14,873.821","15,067.183","15,278.125","16,042.021","16,541.575","17,087.437","18,165.333","18,892.577","19,709.504","20,201.560","20,862.657","21,915.907","22,792.689","23,859.397","24,923.902","26,215.360","27,170.680","28,206.427","28,912.451","29,970.168","31,518.011","31,911.545","32,658.312","33,637.171","34,477.000","36,722.000","38,243.000","37,655.000","39,243.500","41,446.600","43,897.469","45,629.524","47,316.238","49,126.520","54,442.315","60,049.874","63,868.140","67,455.559","70,629.000","74,572.000","77,534.000","82,373.520","87,376.236","93,567.750","103,493.923","114,571.321","125,433.676","139,364.023","150,110.105",2021.0,
656,GIN,NGDPD,Guinea,"Gross domestic product, current prices","Values are based upon GDP in national currency converted to U.S. dollars using market exchange rates (yearly average). Exchange rate projections are provided by country economists for the group of other emerging market and developing countries. Exchanges rates for advanced economies are established in the WEO assumptions for each WEO exercise. Expenditure-based GDP is total final expenditures at purchasers' prices (including the f.o.b. value of exports of goods and services), less the f.o.b. value of imports of goods and services. [SNA 1993]",U.S. dollars,Billions,"See notes for:  Gross domestic product, current prices (National currency).",2.400,2.381,2.335,2.284,2.327,2.473,2.675,2.840,3.317,3.384,3.710,4.195,4.570,4.562,4.707,5.139,5.316,5.212,5.003,4.798,4.039,3.806,4.022,4.759,5.012,4.506,4.178,6.317,6.966,6.753,6.858,6.775,7.387,8.376,8.777,8.790,8.604,10.325,11.857,13.443,14.089,16.320,19.589,22.750,25.758,30.094,35.239,41.120,47.404,55.374,63.028,2021.0,
656,GIN,PCPIPCH,Guinea,"Inflation, average consumer prices",Annual percentages of average consumer prices are year-on-year changes.,Percent change,Units,"See notes for:  Inflation, average consumer prices (Index).",39.985,35.000,29.915,30.263,26.010,19.038,64.700,36.890,27.291,28.256,25.694,19.682,16.559,7.135,4.220,5.554,2.986,1.937,5.103,4.554,6.766,5.377,2.960,11.036,17.463,31.358,34.702,22.861,18.367,4.682,15.466,21.351,15.227,11.887,9.712,8.151,8.174,8.914,9.826,9.471,10.602,12.597,10.499,7.831,8.112,3.500,3.000,3.250,3.325,3.188,3.256,2024.0,
656,GIN,LP,Guinea,Population,"For census purposes, the total population of the country consists of all persons falling within the scope of the census. In the broadest sense, the total may comprise either all usual residents of the country or all persons present in the country at the time of the census. [Principles and Recommendations for Population and Housing Censuses, Revision 1, paragraph 2.42]",Persons,Millions,Source: National Statistics Office Latest actual data: 2014 Notes: Data prior to 1995 cannot be confirmed by national sources at this time. Primary domestic currency: Guinean franc Data last updated: 03/21/2025,,,,,,,,,,,6.020,6.352,6.734,7.136,7.514,7.837,8.095,8.296,8.457,8.601,8.746,8.895,9.046,9.205,9.380,9.576,9.799,10.047,10.315,10.593,10.876,11.162,11.451,11.745,12.044,12.345,12.654,12.970,13.294,13.627,13.967,14.317,14.674,15.041,15.417,15.803,16.198,16.603,17.018,17.443,17.879,2014.0,
654,GNB,NGDP_R,Guinea-Bissau,"Gross domestic product, constant prices","Expressed in billions of national currency units; the base year is country-specific. Expenditure-based GDP is total final expenditures at purchasers' prices (including the f.o.b. value of exports of goods and services), less the f.o.b. value of imports of goods and services. [SNA 1993]",National currency,Billions,"Source: National Statistics Office. The latest published national account by National Statistics Office is for 2018. Historical data after 2019 is the estimate by the Ministry of Finance. Latest actual data: 2023 Notes: Data prior to 1997 cannot be confirmed by national sources. National accounts manual used: System of National Accounts (SNA) 2008 GDP valuation: Market prices Reporting in calendar year: Yes Start/end months of reporting year: January/December Base year: 2015 Chain-weighted: Yes, from 2015 Primary domestic currency: CFA franc Data last updated: 03/25/2025",270.144,268.800,280.090,270.567,285.448,297.722,294.745,311.251,317.346,326.630,341.589,366.542,377.887,386.488,397.939,413.919,429.427,455.166,353.001,412.358,416.895,436.847,452.809,451.515,456.806,486.771,499.751,512.544,535.734,548.849,579.614,626.476,615.746,635.794,641.927,681.303,717.457,751.816,780.095,815.200,827.428,878.728,919.150,966.946,"1,012.392","1,064.024","1,117.225","1,173.086","1,225.875","1,281.040","1,338.687",2023.0,
654,GNB,NGDPD,Guinea-Bissau,"Gross domestic product, current prices","Values are based upon GDP in national currency converted to U.S. dollars using market exchange rates (yearly average). Exchange rate projections are provided by country economists for the group of other emerging market and developing countries. Exchanges rates for advanced economies are established in the WEO assumptions for each WEO exercise. Expenditure-based GDP is total final expenditures at purchasers' prices (including the f.o.b. value of exports of goods and services), less the f.o.b. value of imports of goods and services. [SNA 1993]",U.S. dollars,Billions,"See notes for:  Gross domestic product, current prices (National currency).",0.289,0.370,0.421,0.475,0.330,0.485,0.474,0.401,0.374,0.449,0.548,0.772,0.846,0.653,0.361,0.778,0.741,0.704,0.592,0.580,0.392,0.413,0.466,0.553,0.582,0.640,0.635,0.753,0.953,0.889,0.941,1.157,1.050,1.110,1.136,1.153,1.245,1.469,1.555,1.487,1.523,1.722,1.721,2.005,2.184,2.274,2.452,2.645,2.840,3.051,3.277,2023.0,
654,GNB,PCPIPCH,Guinea-Bissau,"Inflation, average consumer prices",Annual percentages of average consumer prices are year-on-year changes.,Percent change,Units,"See notes for:  Inflation, average consumer prices (Index).",64.762,41.940,16.542,23.309,64.855,112.710,26.548,86.771,60.309,80.788,33.001,57.599,69.444,48.227,15.176,45.133,50.933,49.065,8.071,-2.092,8.610,3.252,3.302,-3.474,0.821,3.358,1.953,4.627,10.445,-1.637,1.071,5.055,2.061,0.779,-1.032,1.481,2.707,-0.186,0.381,0.286,1.463,3.274,7.917,7.164,3.704,2.000,2.000,2.000,2.000,2.000,2.000,2024.0,
654,GNB,LP,Guinea-Bissau,Population,"For census purposes, the total population of the country consists of all persons falling within the scope of the census. In the broadest sense, the total may comprise either all usual residents of the country or all persons present in the country at the time of the census. [Principles and Recommendations for Population and Housing Censuses, Revision 1, paragraph 2.42]",Persons,Millions,Source: International Financial Institution. Human Development Indicators. Latest actual data: 2017 Primary domestic currency: CFA franc Data last updated: 03/25/2025,0.782,0.798,0.815,0.832,0.850,0.867,0.886,0.903,0.921,0.940,0.959,0.980,1.003,1.025,1.048,1.072,1.095,1.119,1.144,1.169,1.194,1.219,1.246,1.272,1.299,1.328,1.356,1.386,1.417,1.449,1.460,1.492,1.525,1.559,1.593,1.628,1.664,1.700,1.738,1.776,1.815,1.855,1.896,1.937,1.978,2.019,2.060,2.103,2.145,2.187,2.230,2017.0,
336,GUY,NGDP_R,Guyana,"Gross domestic product, constant prices","Expressed in billions of national currency units; the base year is country-specific. Expenditure-based GDP is total final expenditures at purchasers' prices (including the f.o.b. value of exports of goods and services), less the f.o.b. value of imports of goods and services. [SNA 1993]",National currency,Billions,"Source: National Statistics Office Latest actual data: 2024 Notes: Components of GDP by expenditure after 2007 (private and public consumption, private and public investment) are estimates because authorities stopped producing the data. National accounts manual used: System of National Accounts (SNA) 1993 GDP valuation: Factor costs Reporting in calendar year: Yes Start/end months of reporting year: January/December Base year: 2012. Projected real GDP growth in 2020 is potentially overstated and subject to large subsequent revisions because of the very high growth rate of oil GDP, which in turn is elevated on account of the very high oil price in the base year, 2012. A rebasing exerc Chain-weighted: No Primary domestic currency: Guyanese dollar Data last updated: 03/21/2025",511.366,514.242,468.559,414.690,423.539,425.088,424.092,423.539,398.209,378.519,367.126,389.249,419.446,453.847,492.341,517.229,558.377,592.910,582.789,600.189,592.114,605.498,612.458,608.465,617.995,605.993,637.061,681.785,695.262,718.335,749.732,790.496,830.327,860.661,875.176,881.192,914.743,948.904,991.044,"1,044.093","1,498.061","1,798.573","2,937.690","3,929.715","5,641.860","6,223.826","7,652.262","9,258.673","10,485.603","11,717.747","11,842.829",2024.0,
336,GUY,NGDPD,Guyana,"Gross domestic product, current prices","Values are based upon GDP in national currency converted to U.S. dollars using market exchange rates (yearly average). Exchange rate projections are provided by country economists for the group of other emerging market and developing countries. Exchanges rates for advanced economies are established in the WEO assumptions for each WEO exercise. Expenditure-based GDP is total final expenditures at purchasers' prices (including the f.o.b. value of exports of goods and services), less the f.o.b. value of imports of goods and services. [SNA 1993]",U.S. dollars,Billions,"See notes for:  Gross domestic product, current prices (National currency).",0.842,0.808,0.692,0.703,0.654,0.697,0.789,0.728,0.828,0.832,0.685,0.744,0.823,1.003,1.176,1.332,1.495,1.587,1.500,1.488,1.497,1.504,1.555,1.592,1.657,1.712,1.899,2.225,2.491,2.596,2.889,3.328,4.063,4.168,4.128,4.280,4.483,4.748,4.788,5.174,5.471,8.041,14.718,16.919,24.659,25.822,28.167,32.204,35.691,39.543,41.182,2024.0,
336,GUY,PCPIPCH,Guyana,"Inflation, average consumer prices",Annual percentages of average consumer prices are year-on-year changes.,Percent change,Units,"See notes for:  Inflation, average consumer prices (Index).",14.088,22.235,20.607,15.288,25.139,15.031,7.900,28.700,39.900,89.500,64.300,103.100,26.700,8.400,12.400,12.222,7.092,3.556,4.568,7.533,6.112,2.648,5.360,5.979,4.670,6.925,6.677,12.200,8.102,2.952,4.302,4.408,2.391,1.909,0.684,-0.865,0.827,1.944,1.272,2.092,1.232,3.321,6.477,4.519,2.455,3.557,4.361,5.026,5.515,5.643,5.413,2023.0,
336,GUY,LP,Guyana,Population,"For census purposes, the total population of the country consists of all persons falling within the scope of the census. In the broadest sense, the total may comprise either all usual residents of the country or all persons present in the country at the time of the census. [Principles and Recommendations for Population and Housing Censuses, Revision 1, paragraph 2.42]",Persons,Millions,Source: International Financial Institution Latest actual data: 2022 Primary domestic currency: Guyanese dollar Data last updated: 03/21/2025,0.764,0.765,0.765,0.763,0.759,0.754,0.748,0.742,0.735,0.726,0.720,0.718,0.718,0.720,0.723,0.727,0.730,0.734,0.737,0.740,0.742,0.743,0.743,0.743,0.742,0.742,0.744,0.746,0.748,0.751,0.753,0.756,0.758,0.761,0.764,0.767,0.773,0.778,0.782,0.785,0.787,0.789,0.792,0.794,0.796,0.799,0.801,0.804,0.806,0.808,0.811,2022.0,
263,HTI,NGDP_R,Haiti,"Gross domestic product, constant prices","Expressed in billions of national currency units; the base year is country-specific. Expenditure-based GDP is total final expenditures at purchasers' prices (including the f.o.b. value of exports of goods and services), less the f.o.b. value of imports of goods and services. [SNA 1993]",National currency,Billions,Source: National Statistics Office Latest actual data: FY2023/24 National accounts manual used: System of National Accounts (SNA) 2008 GDP valuation: Market prices Reporting in calendar year: No. Fiscal year data are mapped to calendar year as follows: FY(t-1/t) = CY(t) Start/end months of reporting year: October/September Base year: FY2011/12. Fiscal year 2011-2012 Chain-weighted: No Primary domestic currency: Haitian gourde Data last updated: 03/18/2025,466.150,471.073,457.896,451.029,451.935,455.354,456.597,454.623,457.164,451.994,450.007,455.685,445.427,423.505,374.367,411.398,428.442,440.030,449.631,461.817,465.835,464.238,469.121,485.450,479.053,493.770,502.504,526.154,540.139,571.956,539.631,567.143,569.992,594.643,604.887,620.387,631.631,647.487,658.286,647.196,625.558,614.309,603.976,592.719,567.825,562.146,567.768,576.284,584.929,593.703,602.608,2024.0,
263,HTI,NGDPD,Haiti,"Gross domestic product, current prices","Values are based upon GDP in national currency converted to U.S. dollars using market exchange rates (yearly average). Exchange rate projections are provided by country economists for the group of other emerging market and developing countries. Exchanges rates for advanced economies are established in the WEO assumptions for each WEO exercise. Expenditure-based GDP is total final expenditures at purchasers' prices (including the f.o.b. value of exports of goods and services), less the f.o.b. value of imports of goods and services. [SNA 1993]",U.S. dollars,Billions,"See notes for:  Gross domestic product, current prices (National currency).",2.664,2.932,3.050,3.273,3.627,4.028,4.475,2.205,1.450,1.340,1.706,1.530,0.918,1.107,3.054,4.846,5.000,5.748,6.408,7.148,6.810,6.285,6.064,4.866,6.037,7.186,7.507,9.522,10.488,11.598,11.852,13.009,13.709,14.904,15.137,14.831,13.996,15.036,16.454,14.787,14.508,21.017,19.826,19.603,26.229,33.548,37.476,38.551,39.667,39.849,40.835,2024.0,
263,HTI,PCPIPCH,Haiti,"Inflation, average consumer prices",Annual percentages of average consumer prices are year-on-year changes.,Percent change,Units,"See notes for:  Inflation, average consumer prices (Index).",19.079,10.858,7.359,10.244,6.402,10.649,3.280,-11.449,4.105,6.924,21.276,15.420,19.358,22.556,42.557,30.200,20.584,11.606,6.591,2.794,6.446,15.489,6.555,22.238,25.710,14.111,12.972,6.913,12.511,5.597,2.921,5.242,5.699,5.299,3.155,5.317,11.435,10.610,11.416,17.308,22.945,15.941,27.576,44.100,25.844,27.153,22.652,15.815,12.643,9.282,7.160,2024.0,
263,HTI,LP,Haiti,Population,"For census purposes, the total population of the country consists of all persons falling within the scope of the census. In the broadest sense, the total may comprise either all usual residents of the country or all persons present in the country at the time of the census. [Principles and Recommendations for Population and Housing Censuses, Revision 1, paragraph 2.42]",Persons,Millions,Source: National Statistics Office. Authorities official data Latest actual data: 2003 Primary domestic currency: Haitian gourde Data last updated: 03/18/2025,5.947,6.054,6.163,6.274,6.387,6.502,6.619,6.739,6.819,6.958,7.101,7.233,7.374,7.526,7.689,7.836,7.984,8.132,8.281,8.430,8.576,8.720,8.861,9.001,9.145,9.292,9.445,9.602,9.762,9.923,10.085,10.248,10.413,10.579,10.746,10.912,11.078,11.245,11.412,11.578,11.743,11.906,12.065,12.227,12.391,12.557,12.725,12.896,13.069,13.244,13.421,2003.0,
268,HND,NGDP_R,Honduras,"Gross domestic product, constant prices","Expressed in billions of national currency units; the base year is country-specific. Expenditure-based GDP is total final expenditures at purchasers' prices (including the f.o.b. value of exports of goods and services), less the f.o.b. value of imports of goods and services. [SNA 1993]",National currency,Billions,Source: Central Bank Latest actual data: 2023. Latest actual data is 2024Q3 National accounts manual used: System of National Accounts (SNA) 1993 GDP valuation: Market prices Reporting in calendar year: Yes Start/end months of reporting year: January/December Base year: 2000 Chain-weighted: No Primary domestic currency: Honduran lempira Data last updated: 03/13/2025,59.010,58.289,57.080,57.597,61.241,64.687,68.135,72.658,73.927,75.943,78.064,75.472,80.056,85.257,85.437,90.725,92.423,96.672,100.143,99.406,106.654,109.559,113.672,118.841,126.247,133.886,142.678,151.508,157.919,154.079,159.828,165.958,172.810,177.634,183.067,190.096,197.497,207.061,215.023,220.527,200.756,225.982,235.346,243.777,252.553,260.887,269.757,279.739,290.369,301.403,312.856,2023.0,
268,HND,NGDPD,Honduras,"Gross domestic product, current prices","Values are based upon GDP in national currency converted to U.S. dollars using market exchange rates (yearly average). Exchange rate projections are provided by country economists for the group of other emerging market and developing countries. Exchanges rates for advanced economies are established in the WEO assumptions for each WEO exercise. Expenditure-based GDP is total final expenditures at purchasers' prices (including the f.o.b. value of exports of goods and services), less the f.o.b. value of imports of goods and services. [SNA 1993]",U.S. dollars,Billions,"See notes for:  Gross domestic product, current prices (National currency).",3.968,4.044,4.267,4.477,4.915,5.278,5.678,6.191,6.877,7.877,4.923,4.649,4.944,4.961,4.642,5.415,5.217,5.736,6.366,6.417,7.104,7.568,7.775,8.139,8.769,9.672,10.843,12.276,13.789,14.486,15.730,17.590,18.399,18.370,19.617,20.834,21.564,22.982,23.907,24.711,23.190,27.950,31.233,34.229,36.965,38.172,39.735,42.021,44.471,47.049,49.794,2023.0,
268,HND,PCPIPCH,Honduras,"Inflation, average consumer prices",Annual percentages of average consumer prices are year-on-year changes.,Percent change,Units,"See notes for:  Inflation, average consumer prices (Index).",18.074,9.406,9.023,8.213,4.726,3.363,4.353,2.487,4.491,9.850,23.323,33.949,8.741,10.775,21.769,29.432,23.845,20.200,13.668,11.664,11.048,9.666,7.702,7.671,8.114,8.809,5.578,6.936,11.403,5.496,4.699,6.762,5.196,5.162,6.129,3.158,2.725,3.934,4.347,4.366,3.468,4.481,9.090,6.663,4.606,4.740,4.160,4.000,4.000,4.000,4.000,2024.0,
268,HND,LP,Honduras,Population,"For census purposes, the total population of the country consists of all persons falling within the scope of the census. In the broadest sense, the total may comprise either all usual residents of the country or all persons present in the country at the time of the census. [Principles and Recommendations for Population and Housing Censuses, Revision 1, paragraph 2.42]",Persons,Millions,"Source: World Development Indicators, The World Bank Latest actual data: 2023 Primary domestic currency: Honduran lempira Data last updated: 03/13/2025",3.673,3.790,3.908,4.029,4.154,4.283,4.411,4.544,4.680,4.816,4.955,5.099,5.245,5.394,5.549,5.709,5.875,6.046,6.220,6.397,6.575,6.752,6.929,7.106,7.283,7.459,7.634,7.809,7.981,8.151,8.317,8.481,8.641,8.799,8.956,9.113,9.273,9.436,9.602,9.770,9.942,10.117,10.294,10.475,10.659,10.846,11.037,11.231,11.428,11.629,11.833,2023.0,
532,HKG,NGDP_R,Hong Kong SAR,"Gross domestic product, constant prices","Expressed in billions of national currency units; the base year is country-specific. Expenditure-based GDP is total final expenditures at purchasers' prices (including the f.o.b. value of exports of goods and services), less the f.o.b. value of imports of goods and services. [SNA 1993]",National currency,Billions,"Source: National Statistics Office. Data retrieved from Haver Latest actual data: 2024 National accounts manual used: System of National Accounts (SNA) 2008 GDP valuation: Market prices Reporting in calendar year: Yes Start/end months of reporting year: January/December Base year: 2021 Chain-weighted: Yes, from 1980 Primary domestic currency: Hong Kong dollar Data last updated: 04/10/2025",561.867,613.517,631.226,669.192,736.127,741.390,823.713,934.053,"1,013.555","1,036.633","1,076.342","1,137.715","1,208.651","1,283.601","1,361.079","1,393.387","1,452.724","1,526.809","1,436.992","1,473.013","1,585.896","1,594.791","1,621.212","1,670.761","1,816.118","1,950.296","2,087.453","2,222.404","2,269.695","2,213.880","2,363.708","2,477.513","2,519.638","2,597.785","2,669.547","2,733.290","2,792.751","2,898.767","2,981.293","2,931.434","2,739.578","2,916.402","2,808.969","2,899.263","2,972.939","3,018.184","3,074.424","3,160.813","3,239.546","3,316.220","3,392.895",2024.0,
532,HKG,NGDPD,Hong Kong SAR,"Gross domestic product, current prices","Values are based upon GDP in national currency converted to U.S. dollars using market exchange rates (yearly average). Exchange rate projections are provided by country economists for the group of other emerging market and developing countries. Exchanges rates for advanced economies are established in the WEO assumptions for each WEO exercise. Expenditure-based GDP is total final expenditures at purchasers' prices (including the f.o.b. value of exports of goods and services), less the f.o.b. value of imports of goods and services. [SNA 1993]",U.S. dollars,Billions,"See notes for:  Gross domestic product, current prices (National currency).",28.862,31.055,32.291,29.907,33.511,35.700,41.076,50.623,59.708,68.790,76.929,88.960,104.272,120.354,135.812,144.652,159.718,177.349,168.858,165.734,171.643,169.381,166.336,161.370,169.085,181.556,193.515,211.583,219.279,214.048,228.639,248.514,262.629,275.697,291.460,309.386,320.860,341.271,361.731,363.075,344.941,368.954,358.680,381.066,407.107,423.999,438.377,461.227,483.888,506.970,531.531,2024.0,
532,HKG,PCPIPCH,Hong Kong SAR,"Inflation, average consumer prices",Annual percentages of average consumer prices are year-on-year changes.,Percent change,Units,"See notes for:  Inflation, average consumer prices (Index).",4.444,9.479,11.016,9.923,8.549,3.556,3.575,5.671,7.830,10.219,10.318,11.192,9.586,8.796,8.816,9.034,6.324,5.818,2.827,-3.967,-3.723,-1.610,-3.046,-2.587,-0.367,0.914,2.000,2.035,4.303,0.579,2.293,5.305,4.054,4.338,4.424,2.991,2.409,1.494,2.406,2.883,0.251,1.569,1.881,2.097,1.730,1.900,2.200,2.250,2.400,2.500,2.500,2024.0,
532,HKG,LP,Hong Kong SAR,Population,"For census purposes, the total population of the country consists of all persons falling within the scope of the census. In the broadest sense, the total may comprise either all usual residents of the country or all persons present in the country at the time of the census. [Principles and Recommendations for Population and Housing Censuses, Revision 1, paragraph 2.42]",Persons,Millions,Source: National Statistics Office. Data retrieved from CEIC Latest actual data: 2023 Primary domestic currency: Hong Kong dollar Data last updated: 04/10/2025,5.060,5.180,5.260,5.350,5.431,5.500,5.566,5.615,5.672,5.727,5.752,5.815,5.888,5.998,6.119,6.270,6.467,6.517,6.583,6.638,6.712,6.730,6.726,6.764,6.798,6.838,6.904,6.938,6.964,6.996,7.052,7.110,7.171,7.211,7.253,7.310,7.378,7.415,7.488,7.521,7.427,7.402,7.473,7.528,7.534,7.567,7.604,7.646,7.692,7.739,7.785,2023.0,
944,HUN,NGDP_R,Hungary,"Gross domestic product, constant prices","Expressed in billions of national currency units; the base year is country-specific. Expenditure-based GDP is total final expenditures at purchasers' prices (including the f.o.b. value of exports of goods and services), less the f.o.b. value of imports of goods and services. [SNA 1993]",National currency,Billions,"Source: National Statistics Office Latest actual data: 2024 Notes: We maintain data only after 1995, as this is what the Statistical office provides. National accounts manual used: European System of Accounts (ESA) 2010 GDP valuation: Market prices Reporting in calendar year: Yes Start/end months of reporting year: January/December Base year: 2021 Chain-weighted: Yes, from 2021. Changes in inventories is an estimate. Primary domestic currency: Hungarian forint Data last updated: 04/10/2025","28,967.247","29,797.664","30,644.242","30,865.789","31,686.216","31,606.029","32,091.165","33,391.252","33,369.460","33,615.201","32,439.792","28,582.038","27,706.233","27,546.615","28,358.457","29,079.098","29,108.537","29,975.352","31,128.837","32,089.491","33,504.437","34,865.397","36,514.551","37,952.780","39,836.422","41,549.502","43,184.031","43,327.556","43,757.987","40,808.627","41,244.442","42,034.979","41,471.925","42,314.706","44,148.776","45,764.539","46,880.572","48,814.013","51,550.594","54,167.913","51,817.715","55,560.466","57,933.091","57,444.988","57,739.282","58,549.347","60,042.507","61,698.907","63,523.282","65,428.981","67,391.850",2024.0,
944,HUN,NGDPD,Hungary,"Gross domestic product, current prices","Values are based upon GDP in national currency converted to U.S. dollars using market exchange rates (yearly average). Exchange rate projections are provided by country economists for the group of other emerging market and developing countries. Exchanges rates for advanced economies are established in the WEO assumptions for each WEO exercise. Expenditure-based GDP is total final expenditures at purchasers' prices (including the f.o.b. value of exports of goods and services), less the f.o.b. value of imports of goods and services. [SNA 1993]",U.S. dollars,Billions,"See notes for:  Gross domestic product, current prices (National currency).",23.117,23.706,24.142,21.910,21.243,21.511,24.778,27.233,29.800,30.423,34.478,34.867,38.857,40.256,43.308,46.578,46.834,47.399,48.784,49.160,47.276,53.800,67.636,85.190,104.015,113.098,115.604,140.123,158.228,130.807,131.899,141.713,128.470,135.646,141.129,125.244,128.984,143.335,161.185,164.927,158.468,183.283,178.321,214.098,223.060,237.070,253.087,267.594,282.989,299.580,317.342,2024.0,
944,HUN,PCPIPCH,Hungary,"Inflation, average consumer prices",Annual percentages of average consumer prices are year-on-year changes.,Percent change,Units,"See notes for:  Inflation, average consumer prices (Index).",9.286,4.511,7.016,6.403,8.651,7.007,5.292,8.682,15.788,16.950,28.970,34.234,22.950,22.451,18.866,28.303,23.455,18.295,14.227,9.973,9.788,9.151,5.261,4.665,6.750,3.562,3.904,7.952,6.056,4.198,4.872,3.929,5.661,1.713,-0.229,-0.066,0.397,2.354,2.839,3.373,3.305,5.105,14.620,17.140,3.707,4.920,3.551,3.172,3.027,3.003,3.010,2024.0,
944,HUN,LP,Hungary,Population,"For census purposes, the total population of the country consists of all persons falling within the scope of the census. In the broadest sense, the total may comprise either all usual residents of the country or all persons present in the country at the time of the census. [Principles and Recommendations for Population and Housing Censuses, Revision 1, paragraph 2.42]",Persons,Millions,"Source: National Statistics Office. Population from 1995 to 2024 is from the HCSO, and is for January 1 of each year. (a mid-year population series is also available). Latest actual data: 2024 Primary domestic currency: Hungarian forint Data last updated: 04/10/2025",10.710,10.706,10.695,10.672,10.641,10.599,10.560,10.509,10.464,10.422,10.375,10.373,10.374,10.365,10.350,10.337,10.321,10.301,10.280,10.253,10.222,10.200,10.175,10.142,10.117,10.098,10.077,10.066,10.045,10.031,10.014,9.986,9.932,9.895,9.850,9.816,9.780,9.740,9.714,9.700,9.689,9.651,9.610,9.600,9.585,9.556,9.532,9.509,9.485,9.462,9.439,2024.0,
176,ISL,NGDP_R,Iceland,"Gross domestic product, constant prices","Expressed in billions of national currency units; the base year is country-specific. Expenditure-based GDP is total final expenditures at purchasers' prices (including the f.o.b. value of exports of goods and services), less the f.o.b. value of imports of goods and services. [SNA 1993]",National currency,Billions,"Source: National Statistics Office Latest actual data: 2024 National accounts manual used: European System of Accounts (ESA) 2010 GDP valuation: Market prices Reporting in calendar year: Yes Start/end months of reporting year: January/December Base year: 2015 Chain-weighted: Yes, from 1990 Primary domestic currency: Icelandic króna Data last updated: 03/21/2025",908.575,947.326,967.736,946.919,986.019,"1,018.487","1,082.351","1,174.849","1,173.794","1,176.828","1,190.590","1,187.926","1,147.847","1,162.923","1,204.890","1,206.296","1,261.389","1,334.191","1,432.433","1,490.231","1,564.520","1,627.312","1,636.417","1,671.480","1,801.895","1,912.253","2,033.049","2,204.939","2,253.658","2,080.943","2,021.993","2,059.316","2,081.219","2,175.966","2,212.678","2,310.849","2,456.517","2,559.565","2,684.707","2,734.675","2,544.876","2,672.971","2,912.975","3,077.455","3,093.362","3,155.323","3,231.065","3,312.561","3,394.915","3,479.542","3,566.400",2024.0,
176,ISL,NGDPD,Iceland,"Gross domestic product, current prices","Values are based upon GDP in national currency converted to U.S. dollars using market exchange rates (yearly average). Exchange rate projections are provided by country economists for the group of other emerging market and developing countries. Exchanges rates for advanced economies are established in the WEO assumptions for each WEO exercise. Expenditure-based GDP is total final expenditures at purchasers' prices (including the f.o.b. value of exports of goods and services), less the f.o.b. value of imports of goods and services. [SNA 1993]",U.S. dollars,Billions,"See notes for:  Gross domestic product, current prices (National currency).",3.434,3.543,3.251,2.793,2.892,3.009,4.014,5.561,6.145,5.700,6.504,6.949,7.105,6.225,6.393,7.124,7.426,7.570,8.504,8.982,9.026,8.235,9.318,11.429,13.825,16.853,17.465,21.653,18.075,13.154,13.751,15.222,14.752,16.125,17.868,17.517,20.793,24.728,26.261,24.681,21.630,25.770,28.696,31.452,33.463,35.309,38.312,41.395,44.893,48.632,52.753,2024.0,
176,ISL,PCPIPCH,Iceland,"Inflation, average consumer prices",Annual percentages of average consumer prices are year-on-year changes.,Percent change,Units,"See notes for:  Inflation, average consumer prices (Index).",58.548,50.864,51.019,84.275,29.170,32.376,21.273,18.763,25.456,14.503,15.513,6.809,3.959,4.083,1.550,1.655,2.252,1.796,1.703,3.220,5.120,6.396,5.177,2.062,3.152,4.000,6.674,5.066,12.680,12.006,5.394,3.990,5.195,3.885,2.035,1.631,1.693,1.768,2.677,3.006,2.848,4.458,8.307,8.740,5.859,3.489,2.654,2.500,2.500,2.500,2.500,2024.0,
176,ISL,LP,Iceland,Population,"For census purposes, the total population of the country consists of all persons falling within the scope of the census. In the broadest sense, the total may comprise either all usual residents of the country or all persons present in the country at the time of the census. [Principles and Recommendations for Population and Housing Censuses, Revision 1, paragraph 2.42]",Persons,Millions,Source: National Statistics Office Latest actual data: 2024 Primary domestic currency: Icelandic króna Data last updated: 03/21/2025,0.227,0.229,0.232,0.236,0.238,0.241,0.242,0.244,0.248,0.252,0.254,0.256,0.260,0.262,0.265,0.267,0.268,0.270,0.272,0.276,0.279,0.283,0.287,0.288,0.291,0.294,0.300,0.308,0.315,0.319,0.318,0.312,0.313,0.316,0.320,0.323,0.326,0.333,0.342,0.349,0.354,0.358,0.365,0.375,0.384,0.391,0.400,0.408,0.417,0.425,0.433,2024.0,
534,IND,NGDP_R,India,"Gross domestic product, constant prices","Expressed in billions of national currency units; the base year is country-specific. Expenditure-based GDP is total final expenditures at purchasers' prices (including the f.o.b. value of exports of goods and services), less the f.o.b. value of imports of goods and services. [SNA 1993]",National currency,Billions,"Source: National Statistics Office. The original data is in fiscal years, which begins in April and ends in March, to match with authorities' reporting methods. Latest actual data: FY2023/24. Latest quarterly data is as of December 2024 (for the third quarter of FY2024/25) National accounts manual used: System of National Accounts (SNA) 2008 GDP valuation: Market prices Reporting in calendar year: No. Fiscal data are mapped to calendar year as follows: FY(t/t+1) = CY(t). Start/end months of reporting year: April/March Base year: FY2011/12. The base year is by Fiscal Year, which is April to March (e.g. FY2004: April 2004   March 2005). Chain-weighted: No Primary domestic currency: Indian rupee Data last updated: 04/08/2025","14,643.900","15,523.500","16,063.000","17,233.900","17,892.300","18,832.400","19,732.000","20,514.400","22,489.500","23,827.000","25,145.500","25,411.200","26,804.400","28,077.800","29,947.500","32,215.800","34,648.000","36,051.200","38,280.700","41,666.900","43,267.400","45,354.600","47,079.800","50,780.500","54,803.800","59,146.100","63,913.800","68,810.100","70,934.000","76,510.800","83,012.400","87,363.300","92,130.200","98,013.700","105,276.700","113,694.900","123,081.900","131,445.800","139,929.100","145,346.400","136,948.700","150,218.500","161,649.100","176,505.900","187,908.528","199,554.528","212,056.813","225,778.705","240,409.956","256,011.817","272,649.712",2024.0,
534,IND,NGDPD,India,"Gross domestic product, current prices","Values are based upon GDP in national currency converted to U.S. dollars using market exchange rates (yearly average). Exchange rate projections are provided by country economists for the group of other emerging market and developing countries. Exchanges rates for advanced economies are established in the WEO assumptions for each WEO exercise. Expenditure-based GDP is total final expenditures at purchasers' prices (including the f.o.b. value of exports of goods and services), less the f.o.b. value of imports of goods and services. [SNA 1993]",U.S. dollars,Billions,"See notes for:  Gross domestic product, current prices (National currency).",186.170,193.153,200.035,218.218,211.843,233.520,248.398,278.864,294.479,296.043,320.979,270.105,288.210,279.295,327.275,360.281,392.902,415.895,421.378,458.821,468.396,485.440,514.938,607.701,709.152,820.385,940.260,"1,216.736","1,198.895","1,341.889","1,675.615","1,823.052","1,827.637","1,856.721","2,039.127","2,103.588","2,294.797","2,651.474","2,702.930","2,835.606","2,674.852","3,167.271","3,346.107","3,638.490","3,909.097","4,187.017","4,601.225","5,069.470","5,584.476","6,148.426","6,769.816",2024.0,
534,IND,PCPIPCH,India,"Inflation, average consumer prices",Annual percentages of average consumer prices are year-on-year changes.,Percent change,Units,"See notes for:  Inflation, average consumer prices (Index).",11.346,12.654,7.736,12.558,6.518,6.251,8.890,9.058,7.214,4.570,11.198,13.481,9.862,7.283,10.272,9.960,9.433,6.845,13.126,3.425,3.817,4.442,4.997,4.096,3.997,3.679,6.736,5.919,9.212,10.607,9.368,8.112,10.049,9.383,5.833,4.908,4.525,3.587,3.414,4.769,6.165,5.506,6.653,5.361,4.668,4.238,4.092,4.000,4.000,4.000,4.000,2024.0,
534,IND,LP,India,Population,"For census purposes, the total population of the country consists of all persons falling within the scope of the census. In the broadest sense, the total may comprise either all usual residents of the country or all persons present in the country at the time of the census. [Principles and Recommendations for Population and Housing Censuses, Revision 1, paragraph 2.42]",Persons,Millions,Source: National Statistics Office Latest actual data: FY2012/13 Primary domestic currency: Indian rupee Data last updated: 04/08/2025,696.828,712.869,729.169,745.827,762.895,780.242,797.879,815.716,833.730,852.013,870.452,888.942,907.574,926.351,945.262,964.279,983.281,"1,002.335","1,021.435","1,040.500","1,059.634","1,078.971","1,098.313","1,117.415","1,136.265","1,154.639","1,172.374","1,189.692","1,206.735","1,223.640","1,240.614","1,257.621","1,274.487","1,291.132","1,307.247","1,322.867","1,338.636","1,354.196","1,369.003","1,383.112","1,396.387","1,407.564","1,417.173","1,428.628","1,441.720","1,454.607","1,467.231","1,479.579","1,491.671","1,503.471","1,514.994",2013.0,
536,IDN,NGDP_R,Indonesia,"Gross domestic product, constant prices","Expressed in billions of national currency units; the base year is country-specific. Expenditure-based GDP is total final expenditures at purchasers' prices (including the f.o.b. value of exports of goods and services), less the f.o.b. value of imports of goods and services. [SNA 1993]",National currency,Billions,Source: National Statistics Office. Accessed via Haver Data. Latest actual data: 2024 National accounts manual used: System of National Accounts (SNA) 2008 GDP valuation: Market prices Reporting in calendar year: Yes Start/end months of reporting year: January/December Base year: 2010 Chain-weighted: No Primary domestic currency: Indonesian rupiah Data last updated: 04/09/2025,"1,440,888.441","1,550,458.931","1,585,289.144","1,651,759.800","1,776,867.700","1,846,265.100","1,978,985.200","2,109,045.700","2,256,236.900","2,461,207.400","2,682,768.000","2,922,294.600","3,112,907.000","3,360,564.700","3,613,950.000","3,911,022.100","4,216,785.600","4,414,970.100","3,835,427.900","3,865,772.200","4,058,235.600","4,206,096.200","4,395,348.400","4,605,462.300","4,837,157.200","5,112,516.000","5,393,753.000","5,735,987.800","6,162,847.000","6,452,609.800","6,864,133.100","7,287,635.300","7,727,083.400","8,156,497.800","8,564,866.600","8,982,517.100","9,434,613.400","9,912,928.100","10,425,851.900","10,949,155.400","10,722,999.300","11,120,059.700","11,710,223.200","12,301,475.100","12,920,281.700","13,521,462.448","14,153,493.197","14,840,258.326","15,575,034.075","16,370,440.730","17,210,896.638",2024.0,
536,IDN,NGDPD,Indonesia,"Gross domestic product, current prices","Values are based upon GDP in national currency converted to U.S. dollars using market exchange rates (yearly average). Exchange rate projections are provided by country economists for the group of other emerging market and developing countries. Exchanges rates for advanced economies are established in the WEO assumptions for each WEO exercise. Expenditure-based GDP is total final expenditures at purchasers' prices (including the f.o.b. value of exports of goods and services), less the f.o.b. value of imports of goods and services. [SNA 1993]",U.S. dollars,Billions,"See notes for:  Gross domestic product, current prices (National currency).",99.296,110.848,113.799,103.149,107.218,107.062,101.220,95.214,107.279,122.582,138.258,154.558,168.280,190.913,213.727,244.227,274.722,260.680,115.323,169.158,179.482,174.507,212.807,255.346,279.344,310.920,396.518,470.092,558.291,578.577,755.094,892.969,917.870,912.524,890.815,860.854,931.877,"1,015.619","1,042.272","1,119.100","1,059.055","1,186.510","1,319.101","1,371.169","1,396.300","1,429.743","1,535.057","1,649.352","1,779.011","1,916.671","2,065.514",2024.0,
536,IDN,PCPIPCH,Indonesia,"Inflation, average consumer prices",Annual percentages of average consumer prices are year-on-year changes.,Percent change,Units,"See notes for:  Inflation, average consumer prices (Index).",18.017,12.244,9.481,11.787,10.475,4.705,5.821,9.250,8.072,6.407,7.800,9.435,7.546,9.664,8.528,9.415,7.981,6.237,58.447,20.470,3.688,11.466,11.908,6.791,6.062,10.464,13.099,6.319,9.871,4.804,5.137,5.345,3.979,6.410,6.399,6.360,3.530,3.807,3.291,2.822,2.031,1.561,4.139,3.713,2.300,1.683,2.512,2.500,2.519,2.519,2.519,2024.0,
536,IDN,LP,Indonesia,Population,"For census purposes, the total population of the country consists of all persons falling within the scope of the census. In the broadest sense, the total may comprise either all usual residents of the country or all persons present in the country at the time of the census. [Principles and Recommendations for Population and Housing Censuses, Revision 1, paragraph 2.42]",Persons,Millions,Source: BPS (Statistics Indonesia) and staff estimates. Latest actual data: 2024 Primary domestic currency: Indonesian rupiah Data last updated: 04/09/2025,147.490,150.406,153.379,156.410,159.502,162.655,165.870,169.149,172.492,175.902,179.379,182.354,185.378,188.452,191.578,194.755,197.004,199.280,201.581,203.909,206.265,209.206,212.190,215.216,218.285,221.398,224.555,227.758,231.006,234.300,237.641,241.991,245.425,248.818,252.165,255.182,258.497,261.356,264.162,266.912,270.204,272.679,275.720,278.696,281.604,284.439,287.198,289.880,292.481,294.998,297.431,2024.0,
429,IRN,NGDP_R,Islamic Republic of Iran,"Gross domestic product, constant prices","Expressed in billions of national currency units; the base year is country-specific. Expenditure-based GDP is total final expenditures at purchasers' prices (including the f.o.b. value of exports of goods and services), less the f.o.b. value of imports of goods and services. [SNA 1993]",National currency,Billions,"Source: Central Bank. The accuracy of data before 1990, the time of the Iran-Iraq war, cannot be verified. Latest actual data: FY2023/24. The fiscal year data are mapped to calendar year as follows: FY(t/t+1) = CY(t) Notes: GDP in US dollars is computed using Iran's official exchange rate up to 2017/18 and using Iran's NIMA rate from 2018/19 onwards. National accounts manual used: System of National Accounts (SNA) 2008 GDP valuation: Market prices Reporting in calendar year: No. Iranian year starts in March 21 and ends in March 20. Fiscal year data are mapped to calendar year as follows: FY(t/t+1) = CY(t) Start/end months of reporting year: April/March Base year: FY2016/17. 2016/17=100 Chain-weighted: No Primary domestic currency: Iranian rial Data last updated: 04/07/2025","4,890,831.833","4,612,211.549","5,680,918.412","6,310,745.751","5,860,167.939","5,969,615.361","5,385,494.135","5,376,225.285","5,049,243.445","5,358,868.894","6,087,403.178","6,861,486.403","7,087,776.984","6,983,514.971","6,864,914.905","7,029,744.570","7,476,170.328","7,577,128.478","7,734,733.643","7,889,636.863","8,350,827.753","8,550,593.976","9,241,381.866","10,039,772.421","10,475,163.816","10,809,301.019","11,349,743.940","12,275,403.351","12,306,197.005","12,430,167.844","13,150,861.306","13,498,796.000","12,992,972.000","12,795,223.000","13,433,037.000","13,241,632.000","14,408,891.000","14,806,361.000","14,534,216.000","14,087,930.000","14,557,100.000","15,244,164.000","15,819,880.000","16,617,975.000","17,196,004.948","17,249,189.059","17,439,550.794","17,718,583.607","18,073,425.056","18,431,960.710","18,793,834.891",2024.0,
429,IRN,NGDPD,Islamic Republic of Iran,"Gross domestic product, current prices","Values are based upon GDP in national currency converted to U.S. dollars using market exchange rates (yearly average). Exchange rate projections are provided by country economists for the group of other emerging market and developing countries. Exchanges rates for advanced economies are established in the WEO assumptions for each WEO exercise. Expenditure-based GDP is total final expenditures at purchasers' prices (including the f.o.b. value of exports of goods and services), less the f.o.b. value of imports of goods and services. [SNA 1993]",U.S. dollars,Billions,"See notes for:  Gross domestic product, current prices (National currency).",95.846,101.481,125.800,156.927,161.721,180.541,208.928,277.019,311.932,379.427,581.008,304.065,50.472,64.449,79.818,114.941,158.032,184.138,205.000,275.092,366.917,330.978,132.682,158.416,188.961,228.428,272.361,360.928,425.699,440.408,517.899,625.430,421.882,428.321,460.809,408.288,458.042,486.829,332.846,241.658,195.528,289.294,376.254,372.820,401.357,341.013,361.149,400.521,436.860,463.289,490.915,2024.0,
429,IRN,PCPIPCH,Islamic Republic of Iran,"Inflation, average consumer prices",Annual percentages of average consumer prices are year-on-year changes.,Percent change,Units,"See notes for:  Inflation, average consumer prices (Index).",20.627,24.199,18.681,19.742,12.578,4.378,23.722,27.708,28.900,17.401,9.000,20.168,24.476,22.472,34.862,49.320,23.918,16.544,18.454,20.240,12.292,11.538,15.827,15.573,15.324,10.252,12.000,18.414,25.304,10.816,12.299,25.309,29.310,32.853,14.532,11.146,6.843,8.235,26.916,34.787,36.458,40.187,45.750,40.692,32.600,43.327,42.500,33.750,28.750,25.000,25.000,2024.0,
429,IRN,LP,Islamic Republic of Iran,Population,"For census purposes, the total population of the country consists of all persons falling within the scope of the census. In the broadest sense, the total may comprise either all usual residents of the country or all persons present in the country at the time of the census. [Principles and Recommendations for Population and Housing Censuses, Revision 1, paragraph 2.42]",Persons,Millions,Source: National Statistics Office Latest actual data: FY2021/22 Primary domestic currency: Iranian rial Data last updated: 04/07/2025,39.291,40.826,42.420,44.077,45.798,47.587,49.445,50.662,51.909,53.187,54.496,55.837,56.656,57.488,58.331,59.187,60.055,60.994,61.842,62.512,63.515,64.584,65.657,67.315,68.345,69.390,70.496,71.532,72.266,73.196,74.157,75.150,76.038,77.016,77.970,78.940,79.926,81.070,82.084,83.075,84.038,84.055,84.904,85.761,86.626,87.500,88.382,89.275,90.176,91.087,92.007,2022.0,
433,IRQ,NGDP_R,Iraq,"Gross domestic product, constant prices","Expressed in billions of national currency units; the base year is country-specific. Expenditure-based GDP is total final expenditures at purchasers' prices (including the f.o.b. value of exports of goods and services), less the f.o.b. value of imports of goods and services. [SNA 1993]",National currency,Billions,Source: National Statistics Office Latest actual data: 2023 National accounts manual used: Other GDP valuation: Market prices Reporting in calendar year: Yes Start/end months of reporting year: January/December Base year: 2007. Base year rebased from 1988 to 2007 in end-2014. Chain-weighted: No Primary domestic currency: Iraqi dinar  Data last updated: 04/08/2025,,,,,,,,,,,,,,,,,,,,,"112,208.512","114,190.797","104,822.921","66,398.213","101,845.262","103,551.403","109,389.941","111,455.813","120,626.517","124,702.848","132,687.029","142,700.217","162,587.533","174,990.175","176,282.471","180,754.016","209,986.371","206,816.957","212,262.404","224,124.577","196,313.193","199,116.654","214,474.101","216,447.508","217,175.175","213,910.027","216,988.809","228,929.995","237,872.547","247,712.938","257,983.751",2023.0,
433,IRQ,NGDPD,Iraq,"Gross domestic product, current prices","Values are based upon GDP in national currency converted to U.S. dollars using market exchange rates (yearly average). Exchange rate projections are provided by country economists for the group of other emerging market and developing countries. Exchanges rates for advanced economies are established in the WEO assumptions for each WEO exercise. Expenditure-based GDP is total final expenditures at purchasers' prices (including the f.o.b. value of exports of goods and services), less the f.o.b. value of imports of goods and services. [SNA 1993]",U.S. dollars,Billions,"See notes for:  Gross domestic product, current prices (National currency).",,,,,,,,,,,,,,,,,,,,,25.984,21.113,21.063,15.800,36.642,50.065,65.144,88.833,131.614,111.660,138.517,185.750,218.032,234.638,234.651,177.634,168.429,190.048,230.189,236.682,182.576,210.753,288.059,270.799,277.478,258.020,260.803,278.128,294.469,312.578,331.460,2023.0,
433,IRQ,PCPIPCH,Iraq,"Inflation, average consumer prices",Annual percentages of average consumer prices are year-on-year changes.,Percent change,Units,"See notes for:  Inflation, average consumer prices (Index).",,,,,,,,,,,,,,,,,,,,,,,,,,36.959,53.231,30.835,2.668,-2.801,2.430,5.604,6.089,1.879,2.236,1.393,0.458,0.200,0.351,-0.199,0.574,6.042,4.987,4.416,2.578,2.500,2.700,3.000,3.000,3.000,3.000,2023.0,
433,IRQ,LP,Iraq,Population,"For census purposes, the total population of the country consists of all persons falling within the scope of the census. In the broadest sense, the total may comprise either all usual residents of the country or all persons present in the country at the time of the census. [Principles and Recommendations for Population and Housing Censuses, Revision 1, paragraph 2.42]",Persons,Millions,Source: National Statistics Office Latest actual data: 2013 Primary domestic currency: Iraqi dinar  Data last updated: 04/08/2025,,,,,,,,,,,,,,,,,,,,,,,,25.960,26.674,27.377,28.064,28.741,29.430,30.163,30.962,31.760,32.578,33.417,35.000,35.213,36.169,37.140,38.124,39.128,40.150,41.191,42.249,43.324,44.415,45.521,46.640,47.772,48.914,50.062,51.212,2013.0,
178,IRL,NGDP_R,Ireland,"Gross domestic product, constant prices","Expressed in billions of national currency units; the base year is country-specific. Expenditure-based GDP is total final expenditures at purchasers' prices (including the f.o.b. value of exports of goods and services), less the f.o.b. value of imports of goods and services. [SNA 1993]",National currency,Billions,"Source: National Statistics Office. Central Statistical Office of Ireland (CSO) Latest actual data: 2024 Notes: Prior to 1995 Real GDP is calculated using implied growth rates and excludes services produced by financial intermediaries (FISIM). National accounts manual used: European System of Accounts (ESA) 2010 GDP valuation: Market prices Reporting in calendar year: Yes Start/end months of reporting year: January/December Base year: 2022 Chain-weighted: Yes, from 1995 Primary domestic currency: Euro Data last updated: 04/07/2025",62.364,63.931,64.886,64.413,66.477,67.772,68.059,70.537,72.651,76.730,82.647,84.003,87.010,89.024,94.271,103.314,112.707,124.820,135.761,150.057,164.167,172.877,183.076,188.593,201.396,212.955,223.578,235.450,224.892,213.432,217.023,220.603,219.722,224.539,245.502,305.934,309.675,340.794,366.506,384.981,412.537,479.596,520.935,492.128,498.137,509.400,520.163,531.221,543.088,554.783,567.335,2024.0,
178,IRL,NGDPD,Ireland,"Gross domestic product, current prices","Values are based upon GDP in national currency converted to U.S. dollars using market exchange rates (yearly average). Exchange rate projections are provided by country economists for the group of other emerging market and developing countries. Exchanges rates for advanced economies are established in the WEO assumptions for each WEO exercise. Expenditure-based GDP is total final expenditures at purchasers' prices (including the f.o.b. value of exports of goods and services), less the f.o.b. value of imports of goods and services. [SNA 1993]",U.S. dollars,Billions,"See notes for:  Gross domestic product, current prices (National currency).",21.425,20.423,21.313,20.618,19.883,21.168,28.516,33.660,36.875,38.030,48.199,48.840,54.911,51.364,55.843,69.260,75.928,82.957,90.305,98.993,100.253,109.347,128.505,164.630,194.283,211.993,232.193,270.112,275.417,236.187,222.167,241.295,227.415,243.305,266.857,302.422,305.649,348.411,395.641,407.170,436.205,531.660,549.003,551.554,577.216,598.840,623.492,647.247,675.102,703.501,734.181,2024.0,
178,IRL,PCPIPCH,Ireland,"Inflation, average consumer prices",Annual percentages of average consumer prices are year-on-year changes.,Percent change,Units,"See notes for:  Inflation, average consumer prices (Index).",18.345,20.243,17.189,10.397,8.636,5.468,3.041,3.154,2.166,3.990,3.357,3.132,3.150,1.418,2.366,2.518,2.180,1.253,2.130,2.412,5.303,3.998,4.686,4.000,2.310,2.201,2.674,2.889,3.119,-1.676,-1.636,1.213,1.892,0.538,0.301,-0.050,-0.183,0.259,0.700,0.885,-0.459,2.413,8.074,5.201,1.323,1.908,1.662,1.758,1.936,2.030,2.030,2024.0,
178,IRL,LP,Ireland,Population,"For census purposes, the total population of the country consists of all persons falling within the scope of the census. In the broadest sense, the total may comprise either all usual residents of the country or all persons present in the country at the time of the census. [Principles and Recommendations for Population and Housing Censuses, Revision 1, paragraph 2.42]",Persons,Millions,Source: National Statistics Office. Central Statistical Office of Ireland (CSO). Latest actual data: 2024 Primary domestic currency: Euro Data last updated: 04/07/2025,3.426,3.469,3.505,3.530,3.555,3.566,3.566,3.572,3.556,3.535,3.531,3.551,3.580,3.600,3.612,3.628,3.653,3.691,3.730,3.773,3.828,3.888,3.956,4.021,4.100,4.200,4.321,4.445,4.516,4.547,4.568,4.585,4.605,4.631,4.667,4.714,4.781,4.848,4.920,4.996,5.054,5.124,5.243,5.331,5.422,5.498,5.558,5.609,5.642,5.675,5.709,2024.0,
436,ISR,NGDP_R,Israel,"Gross domestic product, constant prices","Expressed in billions of national currency units; the base year is country-specific. Expenditure-based GDP is total final expenditures at purchasers' prices (including the f.o.b. value of exports of goods and services), less the f.o.b. value of imports of goods and services. [SNA 1993]",National currency,Billions,"Source: National Statistics Office Latest actual data: 2024 National accounts manual used: System of National Accounts (SNA) 2008 GDP valuation: Market prices Reporting in calendar year: Yes Start/end months of reporting year: January/December Base year: 2015 Chain-weighted: Yes, from 1995 Primary domestic currency: Israeli new shekel Data last updated: 04/10/2025",283.879,297.288,301.523,309.320,316.157,330.228,341.954,367.567,380.667,386.069,411.677,430.686,461.501,478.906,512.481,561.956,595.165,617.199,642.109,663.534,720.660,722.651,722.002,732.549,766.817,799.243,844.062,895.257,923.984,935.422,987.191,"1,041.671","1,068.106","1,111.743","1,153.721","1,179.537","1,232.139","1,285.701","1,337.177","1,386.791","1,358.751","1,486.315","1,579.407","1,608.255","1,622.278","1,675.001","1,735.300","1,793.259","1,853.665","1,916.440","1,981.346",2024.0,
436,ISR,NGDPD,Israel,"Gross domestic product, current prices","Values are based upon GDP in national currency converted to U.S. dollars using market exchange rates (yearly average). Exchange rate projections are provided by country economists for the group of other emerging market and developing countries. Exchanges rates for advanced economies are established in the WEO assumptions for each WEO exercise. Expenditure-based GDP is total final expenditures at purchasers' prices (including the f.o.b. value of exports of goods and services), less the f.o.b. value of imports of goods and services. [SNA 1993]",U.S. dollars,Billions,"See notes for:  Gross domestic product, current prices (National currency).",25.071,26.565,28.470,31.752,30.059,27.938,34.394,41.080,50.888,51.777,61.097,69.307,77.446,77.837,88.852,105.553,115.181,119.516,120.586,121.425,136.516,134.990,125.339,131.544,140.162,147.442,159.076,184.706,221.231,213.401,239.679,268.095,263.591,298.479,315.019,303.469,321.941,358.453,376.301,400.648,410.771,489.854,525.183,512.185,540.381,583.361,610.712,638.253,667.600,698.299,730.427,2024.0,
436,ISR,PCPIPCH,Israel,"Inflation, average consumer prices",Annual percentages of average consumer prices are year-on-year changes.,Percent change,Units,"See notes for:  Inflation, average consumer prices (Index).",316.595,116.808,120.364,145.638,373.821,304.584,48.155,19.853,16.231,20.249,17.173,19.006,11.948,10.944,12.342,10.043,11.277,9.001,5.435,5.194,1.125,1.116,5.687,0.670,-0.414,1.329,2.107,0.516,4.594,3.317,2.694,3.450,1.708,1.526,0.476,-0.632,-0.545,0.242,0.807,0.842,-0.587,1.492,4.395,4.208,3.071,2.693,1.982,2.075,2.096,2.044,2.045,2024.0,
436,ISR,LP,Israel,Population,"For census purposes, the total population of the country consists of all persons falling within the scope of the census. In the broadest sense, the total may comprise either all usual residents of the country or all persons present in the country at the time of the census. [Principles and Recommendations for Population and Housing Censuses, Revision 1, paragraph 2.42]",Persons,Millions,Source: National Statistics Office Latest actual data: 2024 Primary domestic currency: Israeli new shekel Data last updated: 04/10/2025,3.920,3.948,4.018,4.104,4.157,4.231,4.296,4.366,4.439,4.516,4.658,4.946,5.124,5.259,5.395,5.542,5.682,5.824,5.967,6.117,6.286,6.436,6.567,6.687,6.806,6.927,7.052,7.176,7.307,7.482,7.621,7.763,7.907,8.056,8.212,8.377,8.543,8.710,8.879,9.051,9.214,9.367,9.551,9.845,9.972,10.100,10.229,10.361,10.494,10.629,10.765,2024.0,
136,ITA,NGDP_R,Italy,"Gross domestic product, constant prices","Expressed in billions of national currency units; the base year is country-specific. Expenditure-based GDP is total final expenditures at purchasers' prices (including the f.o.b. value of exports of goods and services), less the f.o.b. value of imports of goods and services. [SNA 1993]",National currency,Billions,"Source: National Statistics Office Latest actual data: 2024. Annual and quarterly data are on the work-adjusted basis. Notes: All historical national accounts data and projections reflect the official published quarterly series. The historical national accounts revisions, released on September 23, 2024, did not include corresponding updated quarterly series and thus are not inco National accounts manual used: European System of Accounts (ESA) 2010 GDP valuation: Market prices Reporting in calendar year: Yes Start/end months of reporting year: January/December Base year: 2020 Chain-weighted: Yes, from 1980 Primary domestic currency: Euro Data last updated: 04/10/2025","1,133.116","1,186.686","1,191.596","1,205.527","1,244.415","1,279.234","1,315.820","1,357.821","1,414.773","1,462.715","1,492.737","1,514.157","1,526.789","1,513.768","1,546.330","1,590.971","1,615.228","1,646.334","1,676.040","1,704.163","1,770.320","1,805.840","1,810.715","1,811.920","1,838.629","1,852.647","1,885.985","1,913.564","1,893.985","1,793.506","1,820.931","1,833.595","1,776.291","1,743.996","1,743.972","1,759.418","1,781.170","1,809.733","1,824.694","1,832.525","1,670.013","1,819.162","1,906.865","1,920.506","1,934.446","1,942.958","1,959.187","1,970.331","1,983.729","1,997.616","2,011.599",2024.0,
136,ITA,NGDPD,Italy,"Gross domestic product, current prices","Values are based upon GDP in national currency converted to U.S. dollars using market exchange rates (yearly average). Exchange rate projections are provided by country economists for the group of other emerging market and developing countries. Exchanges rates for advanced economies are established in the WEO assumptions for each WEO exercise. Expenditure-based GDP is total final expenditures at purchasers' prices (including the f.o.b. value of exports of goods and services), less the f.o.b. value of imports of goods and services. [SNA 1993]",U.S. dollars,Billions,"See notes for:  Gross domestic product, current prices (National currency).",479.967,435.267,430.169,446.399,441.048,455.457,645.071,809.632,897.006,932.931,"1,164.328","1,229.898","1,305.099","1,049.470","1,082.455","1,177.984","1,315.136","1,246.340","1,274.381","1,256.251","1,150.169","1,172.049","1,280.841","1,582.534","1,811.987","1,866.013","1,958.667","2,222.785","2,417.242","2,207.085","2,146.687","2,306.568","2,099.259","2,153.259","2,173.815","1,845.615","1,886.590","1,970.027","2,100.387","2,019.831","1,905.956","2,180.656","2,105.722","2,305.271","2,372.059","2,422.855","2,504.607","2,566.489","2,634.076","2,705.116","2,779.440",2024.0,
136,ITA,PCPIPCH,Italy,"Inflation, average consumer prices",Annual percentages of average consumer prices are year-on-year changes.,Percent change,Units,"See notes for:  Inflation, average consumer prices (Index).",21.800,19.510,16.460,14.700,10.740,8.969,5.820,4.720,5.090,6.245,6.395,6.215,4.982,4.499,4.167,5.387,3.985,1.849,2.031,1.651,2.580,2.324,2.612,2.813,2.257,2.207,2.229,2.025,3.492,0.765,1.620,2.935,3.315,1.245,0.234,0.108,-0.050,1.326,1.243,0.634,-0.145,1.941,8.736,5.903,1.089,1.707,1.959,2.000,2.000,2.000,2.000,2024.0,
136,ITA,LP,Italy,Population,"For census purposes, the total population of the country consists of all persons falling within the scope of the census. In the broadest sense, the total may comprise either all usual residents of the country or all persons present in the country at the time of the census. [Principles and Recommendations for Population and Housing Censuses, Revision 1, paragraph 2.42]",Persons,Millions,Source: National Statistics Office Latest actual data: 2024 Primary domestic currency: Euro Data last updated: 04/10/2025,56.388,56.479,56.524,56.563,56.565,56.588,56.598,56.594,56.609,56.649,56.694,56.744,56.773,56.821,56.842,56.844,56.844,56.876,56.904,56.909,56.924,56.961,56.993,57.186,57.612,58.044,58.289,58.511,59.002,59.421,59.690,59.948,60.105,60.277,60.346,60.295,60.164,60.067,59.938,59.817,59.641,59.236,59.030,58.997,58.971,58.963,58.916,58.850,58.768,58.671,58.559,2024.0,
343,JAM,NGDP_R,Jamaica,"Gross domestic product, constant prices","Expressed in billions of national currency units; the base year is country-specific. Expenditure-based GDP is total final expenditures at purchasers' prices (including the f.o.b. value of exports of goods and services), less the f.o.b. value of imports of goods and services. [SNA 1993]",National currency,Billions,Source: National Statistics Office Latest actual data: 2023 National accounts manual used: System of National Accounts (SNA) 1993 GDP valuation: Market prices Reporting in calendar year: Yes. CY data are constructed from quarterly data. Start/end months of reporting year: January/December Base year: 2007. Base year was changed from 2003 to 2007 for the Spring 2012 WEO round. Chain-weighted: No Primary domestic currency: Jamaican dollar Data last updated: 03/12/2025,455.278,475.401,490.041,510.392,515.239,510.602,546.344,588.412,564.920,591.471,620.306,625.480,642.854,657.065,669.384,686.261,687.879,676.591,668.405,674.961,680.201,688.912,693.561,718.991,728.510,735.020,756.329,767.252,760.975,735.021,724.471,734.800,731.120,732.757,736.968,743.373,754.511,759.636,773.518,781.023,703.543,735.916,774.342,794.511,788.155,804.706,817.581,830.663,843.953,857.457,871.176,2023.0,
343,JAM,NGDPD,Jamaica,"Gross domestic product, current prices","Values are based upon GDP in national currency converted to U.S. dollars using market exchange rates (yearly average). Exchange rate projections are provided by country economists for the group of other emerging market and developing countries. Exchanges rates for advanced economies are established in the WEO assumptions for each WEO exercise. Expenditure-based GDP is total final expenditures at purchasers' prices (including the f.o.b. value of exports of goods and services), less the f.o.b. value of imports of goods and services. [SNA 1993]",U.S. dollars,Billions,"See notes for:  Gross domestic product, current prices (National currency).",2.565,2.817,3.235,2.875,2.119,1.993,2.369,2.672,3.184,3.692,4.663,4.285,4.328,5.440,5.453,6.549,7.394,8.400,8.787,8.887,9.065,9.195,9.719,9.430,10.175,11.233,11.946,12.881,13.743,12.107,13.193,14.413,14.765,14.213,13.865,14.154,14.108,14.755,15.648,15.808,13.885,14.674,17.003,19.315,20.069,21.411,22.214,22.979,23.771,24.592,25.435,2023.0,
343,JAM,PCPIPCH,Jamaica,"Inflation, average consumer prices",Annual percentages of average consumer prices are year-on-year changes.,Percent change,Units,"See notes for:  Inflation, average consumer prices (Index).",17.984,9.172,6.830,16.657,31.255,29.700,24.400,11.200,8.200,16.120,24.779,51.021,77.287,21.635,35.543,19.910,26.405,9.658,8.632,5.951,8.070,6.881,6.992,10.131,13.521,15.099,8.520,9.287,22.026,9.576,12.616,7.522,6.892,9.360,8.275,3.681,2.350,4.378,3.740,3.910,5.210,5.882,10.347,6.471,5.548,5.000,5.040,5.020,5.000,5.000,5.000,2024.0,
343,JAM,LP,Jamaica,Population,"For census purposes, the total population of the country consists of all persons falling within the scope of the census. In the broadest sense, the total may comprise either all usual residents of the country or all persons present in the country at the time of the census. [Principles and Recommendations for Population and Housing Censuses, Revision 1, paragraph 2.42]",Persons,Millions,Source: International Financial Institution. National Statistics Office if data is not yet available in IFS. Latest actual data: 2019 Primary domestic currency: Jamaican dollar Data last updated: 03/12/2025,2.112,2.150,2.186,2.230,2.235,2.269,2.290,2.306,2.320,2.324,2.365,2.381,2.399,2.419,2.440,2.462,2.485,2.509,2.534,2.559,2.582,2.605,2.620,2.629,2.639,2.648,2.658,2.667,2.677,2.686,2.696,2.703,2.710,2.713,2.716,2.719,2.722,2.726,2.731,2.734,2.737,2.740,2.743,2.747,2.750,2.753,2.756,2.759,2.762,2.765,2.769,2019.0,
158,JPN,NGDP_R,Japan,"Gross domestic product, constant prices","Expressed in billions of national currency units; the base year is country-specific. Expenditure-based GDP is total final expenditures at purchasers' prices (including the f.o.b. value of exports of goods and services), less the f.o.b. value of imports of goods and services. [SNA 1993]",National currency,Billions,"Source: Cabinet Office of Japan via Haver Analytics Latest actual data: 2024 Notes: the recent revision didn't go back pre-1994 National accounts manual used: System of National Accounts (SNA) 2008 GDP valuation: Market prices Reporting in calendar year: Yes Start/end months of reporting year: January/December Base year: 2015 Chain-weighted: Yes, from 1980 Primary domestic currency: Japanese yen Data last updated: 04/09/2025","273,390.300","285,038.300","294,387.000","305,073.800","318,530.200","334,965.700","345,999.600","362,084.700","386,205.400","405,229.200","424,846.100","439,814.800","443,775.800","441,737.800","446,522.300","458,270.200","472,631.900","477,269.500","471,206.700","469,633.100","482,616.900","484,480.200","484,683.500","492,124.100","502,882.400","511,954.000","518,979.700","526,681.200","520,233.100","490,615.100","510,720.000","510,841.600","517,864.400","528,248.100","529,812.700","538,081.200","542,137.500","551,220.000","554,766.600","552,535.400","529,501.400","543,779.800","548,863.500","557,018.600","557,484.800","560,572.152","563,820.442","567,345.960","570,663.444","573,631.645","576,684.018",2024.0,
158,JPN,NGDPD,Japan,"Gross domestic product, current prices","Values are based upon GDP in national currency converted to U.S. dollars using market exchange rates (yearly average). Exchange rate projections are provided by country economists for the group of other emerging market and developing countries. Exchanges rates for advanced economies are established in the WEO assumptions for each WEO exercise. Expenditure-based GDP is total final expenditures at purchasers' prices (including the f.o.b. value of exports of goods and services), less the f.o.b. value of imports of goods and services. [SNA 1993]",U.S. dollars,Billions,"See notes for:  Gross domestic product, current prices (National currency).","1,129.378","1,245.221","1,158.731","1,270.860","1,345.825","1,427.020","2,120.084","2,580.749","3,125.725","3,109.455","3,185.904","3,648.066","3,980.703","4,536.941","4,998.798","5,545.566","4,923.393","4,492.449","4,098.363","4,635.982","4,968.360","4,374.710","4,182.845","4,519.564","4,893.135","4,831.467","4,601.663","4,579.750","5,106.679","5,289.494","5,759.072","6,233.148","6,272.362","5,212.328","4,896.995","4,444.931","5,003.678","4,930.837","5,040.881","5,117.995","5,054.069","5,039.148","4,262.146","4,213.167","4,026.211","4,186.431","4,373.091","4,520.523","4,708.707","4,828.281","4,994.892",2024.0,
158,JPN,PCPIPCH,Japan,"Inflation, average consumer prices",Annual percentages of average consumer prices are year-on-year changes.,Percent change,Units,"See notes for:  Inflation, average consumer prices (Index).",7.808,4.936,2.749,1.880,2.251,2.038,0.608,0.127,0.654,2.294,3.071,3.273,1.727,1.255,0.690,-0.088,0.138,1.699,0.652,-0.347,-0.687,-0.694,-0.897,-0.263,-0.010,-0.288,0.256,0.046,1.382,-1.331,-0.742,-0.277,-0.049,0.332,2.758,0.799,-0.124,0.486,0.989,0.468,-0.027,-0.235,2.496,3.269,2.739,2.363,1.714,1.961,2.007,2.019,2.009,2024.0,
158,JPN,LP,Japan,Population,"For census purposes, the total population of the country consists of all persons falling within the scope of the census. In the broadest sense, the total may comprise either all usual residents of the country or all persons present in the country at the time of the census. [Principles and Recommendations for Population and Housing Censuses, Revision 1, paragraph 2.42]",Persons,Millions,Source: Cabinet Office of Japan via Haver Analytics Latest actual data: 2024 Primary domestic currency: Japanese yen Data last updated: 04/09/2025,116.769,117.623,118.451,119.271,120.050,120.800,121.446,122.031,122.548,123.028,123.438,123.928,124.367,124.770,125.116,125.436,125.711,126.011,126.349,126.587,126.831,127.132,127.400,127.634,127.734,127.752,127.746,127.757,127.692,127.551,127.594,127.831,127.552,127.333,127.120,126.978,126.960,126.746,126.495,126.221,125.849,125.492,125.063,124.482,123.890,123.291,122.656,121.999,121.319,120.619,119.898,2024.0,
439,JOR,NGDP_R,Jordan,"Gross domestic product, constant prices","Expressed in billions of national currency units; the base year is country-specific. Expenditure-based GDP is total final expenditures at purchasers' prices (including the f.o.b. value of exports of goods and services), less the f.o.b. value of imports of goods and services. [SNA 1993]",National currency,Billions,Source: National Statistics Office Latest actual data: 2023 National accounts manual used: System of National Accounts (SNA) 2008 GDP valuation: Market prices Reporting in calendar year: Yes Start/end months of reporting year: January/December Base year: 2016 Chain-weighted: No Primary domestic currency: Jordanian dinar Data last updated: 04/11/2025,6.857,7.883,8.344,8.458,8.921,8.824,9.348,9.601,9.879,8.826,8.684,8.193,9.575,9.992,10.492,11.116,11.329,11.753,12.129,12.522,13.048,13.699,14.601,15.182,16.435,17.885,19.408,21.033,22.586,23.721,24.270,24.934,25.540,26.207,27.094,27.770,28.324,29.024,29.581,30.099,29.767,30.856,31.605,32.586,33.397,34.265,35.259,36.317,37.406,38.528,39.684,2023.0,
439,JOR,NGDPD,Jordan,"Gross domestic product, current prices","Values are based upon GDP in national currency converted to U.S. dollars using market exchange rates (yearly average). Exchange rate projections are provided by country economists for the group of other emerging market and developing countries. Exchanges rates for advanced economies are established in the WEO assumptions for each WEO exercise. Expenditure-based GDP is total final expenditures at purchasers' prices (including the f.o.b. value of exports of goods and services), less the f.o.b. value of imports of goods and services. [SNA 1993]",U.S. dollars,Billions,"See notes for:  Gross domestic product, current prices (National currency).",3.932,4.416,4.713,4.953,5.003,5.033,6.445,6.794,6.364,4.279,4.187,4.373,5.403,5.615,6.321,6.759,7.054,7.389,8.163,8.414,8.725,9.268,9.972,10.575,11.771,13.134,15.795,17.957,22.648,24.538,27.134,29.524,31.679,34.503,36.900,38.642,39.949,41.667,43.432,44.566,43.762,46.362,48.722,51.161,53.428,56.102,59.230,62.532,66.018,69.698,73.584,2023.0,
439,JOR,PCPIPCH,Jordan,"Inflation, average consumer prices",Annual percentages of average consumer prices are year-on-year changes.,Percent change,Units,"See notes for:  Inflation, average consumer prices (Index).",10.909,7.650,7.614,4.953,4.045,2.808,0.000,-0.210,6.705,25.668,16.192,8.155,4.017,3.304,3.524,2.353,6.501,3.038,3.079,0.598,0.674,1.768,1.835,1.627,3.365,3.491,6.255,4.744,13.972,-0.742,4.848,4.160,4.515,4.828,2.896,-0.878,-0.777,3.325,4.463,0.758,0.334,1.347,4.229,2.084,0.161,3.617,2.585,2.314,2.182,2.314,2.314,2024.0,
439,JOR,LP,Jordan,Population,"For census purposes, the total population of the country consists of all persons falling within the scope of the census. In the broadest sense, the total may comprise either all usual residents of the country or all persons present in the country at the time of the census. [Principles and Recommendations for Population and Housing Censuses, Revision 1, paragraph 2.42]",Persons,Millions,Source: National Statistics Office Latest actual data: 2023 Primary domestic currency: Jordanian dinar Data last updated: 04/11/2025,2.217,2.307,2.406,2.515,2.630,2.751,2.880,3.015,3.157,3.311,3.481,3.666,3.867,4.076,4.278,4.458,4.609,4.734,4.844,4.951,5.056,5.163,5.276,5.396,5.532,5.679,6.076,6.473,6.633,6.780,6.931,7.110,7.212,7.695,8.658,9.494,9.965,10.215,10.460,10.699,10.929,11.148,11.286,11.337,11.385,11.442,11.515,11.605,11.704,11.813,11.933,2023.0,
916,KAZ,NGDP_R,Kazakhstan,"Gross domestic product, constant prices","Expressed in billions of national currency units; the base year is country-specific. Expenditure-based GDP is total final expenditures at purchasers' prices (including the f.o.b. value of exports of goods and services), less the f.o.b. value of imports of goods and services. [SNA 1993]",National currency,Billions,"Source: National Statistics Office Latest actual data: 2023 Notes: Data prior to 1996 cannot be confirmed by national sources at this time. National accounts manual used: System of National Accounts (SNA) 1993 GDP valuation: Market prices. Official GDP is calculated based on production, which does not match the total by expenditure s components. Reporting in calendar year: Yes Start/end months of reporting year: January/December Base year: 2005 Chain-weighted: Yes, from 1994 Primary domestic currency: Kazakhstani tenge Data last updated: 04/08/2025",,,,,,,,,,,,,"5,625.734","5,108.167","4,465.572","4,099.395","4,119.892","4,189.930","4,110.321","4,221.300","4,635.000","5,260.700","5,776.200","6,313.400","6,919.400","7,590.594","8,402.905","9,150.763","9,452.739","9,566.172","10,264.502","11,034.340","11,586.057","12,269.634","12,797.228","12,925.201","13,041.527","13,550.147","14,105.703","14,740.460","14,357.208","14,945.853","15,424.120","16,210.751","16,981.667","17,810.462","18,568.655","19,283.122","19,785.795","20,390.758","21,022.008",2023.0,
916,KAZ,NGDPD,Kazakhstan,"Gross domestic product, current prices","Values are based upon GDP in national currency converted to U.S. dollars using market exchange rates (yearly average). Exchange rate projections are provided by country economists for the group of other emerging market and developing countries. Exchanges rates for advanced economies are established in the WEO assumptions for each WEO exercise. Expenditure-based GDP is total final expenditures at purchasers' prices (including the f.o.b. value of exports of goods and services), less the f.o.b. value of imports of goods and services. [SNA 1993]",U.S. dollars,Billions,"See notes for:  Gross domestic product, current prices (National currency).",,,,,,,,,,,,,2.875,5.152,11.881,16.639,21.035,22.166,22.135,16.871,18.292,22.153,24.637,30.834,43.152,57.125,81.003,104.850,133.442,115.309,148.047,192.626,207.999,236.635,221.416,184.388,137.278,166.806,179.340,181.667,171.082,197.112,225.496,261.840,284.810,300.538,325.095,351.156,374.090,398.524,425.854,2023.0,
916,KAZ,PCPIPCH,Kazakhstan,"Inflation, average consumer prices",Annual percentages of average consumer prices are year-on-year changes.,Percent change,Units,"See notes for:  Inflation, average consumer prices (Index).",,,,,,,,,,,,,,"1,662.275","1,401.987",176.379,39.180,17.401,7.132,8.323,13.154,8.373,5.959,6.379,6.995,7.412,8.612,10.795,17.156,7.302,7.102,8.380,5.128,5.820,6.577,6.750,14.565,7.458,6.008,5.280,6.761,8.002,14.986,14.522,8.676,9.922,9.378,9.207,7.444,5.710,5.000,2023.0,
916,KAZ,LP,Kazakhstan,Population,"For census purposes, the total population of the country consists of all persons falling within the scope of the census. In the broadest sense, the total may comprise either all usual residents of the country or all persons present in the country at the time of the census. [Principles and Recommendations for Population and Housing Censuses, Revision 1, paragraph 2.42]",Persons,Millions,Source: National Statistics Office Latest actual data: 2023 Notes: Data prior to 1996 cannot be confirmed by national sources at this time. Primary domestic currency: Kazakhstani tenge Data last updated: 04/08/2025,,,,,,,,,,,,,17.048,16.900,15.800,15.676,15.481,15.188,14.955,14.902,14.884,14.858,14.859,14.909,15.013,15.147,15.308,15.484,15.674,16.093,16.322,16.557,16.792,17.036,17.288,17.543,17.794,18.038,18.276,18.514,18.756,19.001,19.635,19.900,20.129,20.351,20.564,20.780,20.988,21.198,21.410,2023.0,
664,KEN,NGDP_R,Kenya,"Gross domestic product, constant prices","Expressed in billions of national currency units; the base year is country-specific. Expenditure-based GDP is total final expenditures at purchasers' prices (including the f.o.b. value of exports of goods and services), less the f.o.b. value of imports of goods and services. [SNA 1993]",National currency,Billions,Source: National Statistics Office Latest actual data: 2023 National accounts manual used: System of National Accounts (SNA) 2008 GDP valuation: Market prices Reporting in calendar year: Yes Start/end months of reporting year: January/December Base year: 2016 Chain-weighted: No Primary domestic currency: Kenyan shilling Data last updated: 04/14/2025,"2,112.193","2,198.793","2,309.884","2,346.682","2,384.232","2,481.339","2,654.588","2,808.838","2,979.920","3,115.633","3,244.423","3,287.876","3,252.360","3,249.278","3,331.524","3,474.342","3,629.969","3,644.890","3,753.603","3,836.155","3,849.464","4,002.630","4,021.900","4,140.504","4,332.418","4,577.836","4,845.836","5,177.812","5,189.838","5,361.462","5,793.514","6,090.206","6,368.448","6,610.312","6,942.157","7,287.024","7,594.064","7,883.816","8,330.891","8,756.946","8,733.061","9,395.942","9,852.583","10,399.981","10,868.952","11,391.761","11,948.704","12,548.515","13,179.859","13,839.671","14,536.291",2023.0,
664,KEN,NGDPD,Kenya,"Gross domestic product, current prices","Values are based upon GDP in national currency converted to U.S. dollars using market exchange rates (yearly average). Exchange rate projections are provided by country economists for the group of other emerging market and developing countries. Exchanges rates for advanced economies are established in the WEO assumptions for each WEO exercise. Expenditure-based GDP is total final expenditures at purchasers' prices (including the f.o.b. value of exports of goods and services), less the f.o.b. value of imports of goods and services. [SNA 1993]",U.S. dollars,Billions,"See notes for:  Gross domestic product, current prices (National currency).",13.449,12.667,12.196,11.279,11.703,11.646,13.832,15.163,15.721,15.586,16.219,15.315,15.084,10.479,12.546,15.905,18.064,18.300,20.630,18.594,18.206,18.697,19.030,21.391,22.790,26.307,29.668,36.708,41.058,42.347,45.406,46.555,56.407,61.703,68.395,70.370,74.816,81.965,92.211,100.328,100.912,109.875,114.733,108.747,120.899,131.673,127.968,131.798,140.341,150.725,161.759,2023.0,
664,KEN,PCPIPCH,Kenya,"Inflation, average consumer prices",Annual percentages of average consumer prices are year-on-year changes.,Percent change,Units,"See notes for:  Inflation, average consumer prices (Index).",13.858,11.603,20.667,11.398,10.284,13.007,2.534,8.638,12.265,13.789,17.782,20.084,27.332,45.979,28.814,1.554,6.814,11.322,5.416,5.779,9.975,5.732,1.966,9.805,11.795,9.912,6.032,4.271,15.114,10.537,4.084,14.022,9.378,5.717,6.878,6.582,6.318,7.985,4.690,5.240,5.290,6.109,7.648,7.675,4.496,4.063,4.868,4.887,5.000,5.000,5.000,2024.0,
664,KEN,LP,Kenya,Population,"For census purposes, the total population of the country consists of all persons falling within the scope of the census. In the broadest sense, the total may comprise either all usual residents of the country or all persons present in the country at the time of the census. [Principles and Recommendations for Population and Housing Censuses, Revision 1, paragraph 2.42]",Persons,Millions,Source: National Statistics Office Latest actual data: 2019 Notes: National Statistical Office. Series from January 1998 to October 2005 was adjusted in line with methodology reported in the 2011 Article IV Staff Report Primary domestic currency: Kenyan shilling Data last updated: 04/14/2025,15.721,16.308,16.900,17.500,18.100,18.700,19.300,20.000,20.700,21.400,22.000,22.700,23.400,24.100,24.800,25.500,26.300,27.000,27.800,28.700,29.500,30.300,31.100,32.000,32.900,33.800,34.700,35.700,36.700,37.700,38.600,39.500,40.400,41.400,42.400,43.300,44.300,45.400,46.400,47.600,48.797,49.747,50.640,51.539,52.444,53.354,54.269,55.189,56.114,57.043,57.976,2019.0,
826,KIR,NGDP_R,Kiribati,"Gross domestic product, constant prices","Expressed in billions of national currency units; the base year is country-specific. Expenditure-based GDP is total final expenditures at purchasers' prices (including the f.o.b. value of exports of goods and services), less the f.o.b. value of imports of goods and services. [SNA 1993]",National currency,Billions,Source: National Statistics Office Latest actual data: 2023 National accounts manual used: System of National Accounts (SNA) 2008 GDP valuation: Market prices Reporting in calendar year: Yes Start/end months of reporting year: January/December Base year: 2019 Chain-weighted: No Primary domestic currency: Australian dollar Data last updated: 04/11/2025,0.146,0.154,0.153,0.138,0.157,0.136,0.133,0.135,0.164,0.152,0.143,0.135,0.167,0.167,0.170,0.175,0.175,0.177,0.184,0.177,0.189,0.183,0.186,0.183,0.182,0.184,0.195,0.201,0.195,0.196,0.198,0.205,0.217,0.233,0.236,0.263,0.282,0.292,0.302,0.312,0.308,0.334,0.349,0.358,0.377,0.392,0.404,0.415,0.423,0.433,0.442,2023.0,
826,KIR,NGDPD,Kiribati,"Gross domestic product, current prices","Values are based upon GDP in national currency converted to U.S. dollars using market exchange rates (yearly average). Exchange rate projections are provided by country economists for the group of other emerging market and developing countries. Exchanges rates for advanced economies are established in the WEO assumptions for each WEO exercise. Expenditure-based GDP is total final expenditures at purchasers' prices (including the f.o.b. value of exports of goods and services), less the f.o.b. value of imports of goods and services. [SNA 1993]",U.S. dollars,Billions,"See notes for:  Gross domestic product, current prices (National currency).",0.033,0.035,0.033,0.031,0.034,0.026,0.026,0.030,0.038,0.038,0.037,0.041,0.062,0.059,0.067,0.069,0.081,0.080,0.075,0.077,0.075,0.065,0.075,0.097,0.104,0.114,0.112,0.138,0.150,0.142,0.166,0.196,0.207,0.202,0.201,0.192,0.207,0.223,0.234,0.217,0.222,0.285,0.271,0.289,0.308,0.312,0.327,0.339,0.351,0.365,0.379,2023.0,
826,KIR,PCPIPCH,Kiribati,"Inflation, average consumer prices",Annual percentages of average consumer prices are year-on-year changes.,Percent change,Units,"See notes for:  Inflation, average consumer prices (Index).",16.100,7.700,5.486,6.311,5.442,4.491,6.607,-10.211,1.135,5.609,3.951,6.077,4.217,6.109,4.000,4.100,-1.667,2.554,3.668,1.755,0.377,6.002,3.176,1.633,-0.740,-0.351,-0.997,3.578,13.665,9.816,-3.900,1.497,-3.046,-1.488,2.104,0.572,1.917,0.356,0.564,-1.813,2.553,2.054,5.346,9.250,2.488,4.636,3.500,3.000,2.500,2.000,2.000,2023.0,
826,KIR,LP,Kiribati,Population,"For census purposes, the total population of the country consists of all persons falling within the scope of the census. In the broadest sense, the total may comprise either all usual residents of the country or all persons present in the country at the time of the census. [Principles and Recommendations for Population and Housing Censuses, Revision 1, paragraph 2.42]",Persons,Millions,Source: National Statistics Office Latest actual data: 2023 Primary domestic currency: Australian dollar Data last updated: 04/11/2025,0.058,0.060,0.062,0.061,0.062,0.064,0.065,0.067,0.069,0.071,0.072,0.073,0.074,0.075,0.077,0.078,0.079,0.080,0.082,0.083,0.084,0.086,0.088,0.089,0.091,0.093,0.095,0.097,0.099,0.101,0.103,0.104,0.106,0.107,0.109,0.110,0.112,0.114,0.116,0.118,0.119,0.121,0.123,0.125,0.127,0.129,0.131,0.133,0.135,0.138,0.140,2023.0,
542,KOR,NGDP_R,Korea,"Gross domestic product, constant prices","Expressed in billions of national currency units; the base year is country-specific. Expenditure-based GDP is total final expenditures at purchasers' prices (including the f.o.b. value of exports of goods and services), less the f.o.b. value of imports of goods and services. [SNA 1993]",National currency,Billions,"Source: Central Bank Latest actual data: 2024 National accounts manual used: System of National Accounts (SNA) 2008 GDP valuation: Market prices Reporting in calendar year: Yes Start/end months of reporting year: January/December Base year: 2020 Chain-weighted: Yes, from before 1980 Primary domestic currency: South Korean won Data last updated: 04/10/2025","188,693.100","202,663.500","219,825.800","249,429.200","275,960.100","297,867.800","332,131.700","374,950.700","420,444.200","450,569.100","495,738.300","549,649.600","584,561.100","625,449.600","684,065.600","750,665.500","810,646.900","861,573.300","819,020.800","914,168.600","998,289.100","1,045,467.700","1,126,428.700","1,161,063.300","1,221,248.600","1,274,473.400","1,341,319.600","1,419,679.000","1,462,331.900","1,474,321.100","1,577,253.100","1,635,422.800","1,677,087.800","1,732,287.400","1,787,974.800","1,840,189.000","1,898,551.100","1,963,732.000","2,026,102.400","2,072,982.300","2,058,466.600","2,153,422.900","2,212,158.900","2,243,220.400","2,288,648.700","2,312,164.252","2,345,630.584","2,394,861.605","2,445,419.468","2,492,977.417","2,538,853.479",2024.0,
542,KOR,NGDPD,Korea,"Gross domestic product, current prices","Values are based upon GDP in national currency converted to U.S. dollars using market exchange rates (yearly average). Exchange rate projections are provided by country economists for the group of other emerging market and developing countries. Exchanges rates for advanced economies are established in the WEO assumptions for each WEO exercise. Expenditure-based GDP is total final expenditures at purchasers' prices (including the f.o.b. value of exports of goods and services), less the f.o.b. value of imports of goods and services. [SNA 1993]",U.S. dollars,Billions,"See notes for:  Gross domestic product, current prices (National currency).",66.517,74.287,79.912,89.621,99.750,103.764,119.966,152.241,205.479,254.236,292.064,340.863,366.912,405.772,478.988,586.301,631.194,590.070,396.803,515.427,597.802,567.655,649.747,728.497,822.583,971.540,"1,094.545","1,220.756","1,093.487",982.854,"1,192.722","1,307.239","1,335.344","1,434.670","1,556.252","1,539.212","1,578.816","1,710.197","1,824.251","1,751.046","1,744.456","1,942.314","1,799.363","1,839.058","1,869.714","1,790.322","1,851.816","1,925.580","1,999.258","2,072.744","2,149.510",2024.0,
542,KOR,PCPIPCH,Korea,"Inflation, average consumer prices",Annual percentages of average consumer prices are year-on-year changes.,Percent change,Units,"See notes for:  Inflation, average consumer prices (Index).",28.697,21.353,7.190,3.421,2.274,2.460,2.750,3.048,7.147,5.700,8.574,9.333,6.213,4.801,6.266,4.481,4.925,4.439,7.514,0.813,2.259,4.067,2.762,3.515,3.591,2.754,2.242,2.535,4.674,2.756,2.939,4.026,2.187,1.301,1.275,0.706,0.972,1.944,1.476,0.383,0.537,2.498,5.090,3.597,2.322,1.839,1.800,1.900,2.000,2.000,2.000,2024.0,
542,KOR,LP,Korea,Population,"For census purposes, the total population of the country consists of all persons falling within the scope of the census. In the broadest sense, the total may comprise either all usual residents of the country or all persons present in the country at the time of the census. [Principles and Recommendations for Population and Housing Censuses, Revision 1, paragraph 2.42]",Persons,Millions,Source: National Statistics Office Latest actual data: 2024 Primary domestic currency: South Korean won Data last updated: 04/10/2025,38.124,38.723,39.326,39.910,40.406,40.806,41.214,41.622,42.031,42.449,42.869,43.296,43.748,44.195,44.642,45.093,45.525,45.954,46.287,46.617,47.008,47.370,47.645,47.892,48.083,48.185,48.438,48.684,49.055,49.308,49.554,49.937,50.200,50.429,50.747,51.015,51.218,51.362,51.585,51.765,51.836,51.770,51.673,51.713,51.751,51.681,51.611,51.531,51.461,51.381,51.311,2024.0,
967,UVK,NGDP_R,Kosovo,"Gross domestic product, constant prices","Expressed in billions of national currency units; the base year is country-specific. Expenditure-based GDP is total final expenditures at purchasers' prices (including the f.o.b. value of exports of goods and services), less the f.o.b. value of imports of goods and services. [SNA 1993]",National currency,Billions,Source: National Statistics Office Latest actual data: 2023 National accounts manual used: European System of Accounts (ESA) 2010 GDP valuation: Market prices Reporting in calendar year: Yes Start/end months of reporting year: January/December Base year: 2016. Base year changes as new data is released - previous year's prices Chain-weighted: No Primary domestic currency: Euro Data last updated: 03/27/2025,,,,,,,,,,,,,,,,,,,,,3.244,3.391,3.376,3.463,3.484,3.641,3.772,4.087,4.161,4.370,4.586,4.876,4.959,5.224,5.399,5.719,6.037,6.329,6.544,6.855,6.489,7.187,7.494,7.799,8.143,8.469,8.807,9.151,9.508,9.879,10.274,2023.0,
967,UVK,NGDPD,Kosovo,"Gross domestic product, current prices","Values are based upon GDP in national currency converted to U.S. dollars using market exchange rates (yearly average). Exchange rate projections are provided by country economists for the group of other emerging market and developing countries. Exchanges rates for advanced economies are established in the WEO assumptions for each WEO exercise. Expenditure-based GDP is total final expenditures at purchasers' prices (including the f.o.b. value of exports of goods and services), less the f.o.b. value of imports of goods and services. [SNA 1993]",U.S. dollars,Billions,"See notes for:  Gross domestic product, current prices (National currency).",,,,,,,,,,,,,,,,,,,,,2.217,2.509,2.730,3.390,3.710,3.828,4.019,4.868,5.202,5.030,5.348,6.340,6.167,6.735,7.076,6.296,6.681,7.178,7.882,7.900,7.728,9.418,9.375,10.470,11.151,11.274,11.941,12.658,13.407,14.202,15.069,2023.0,
967,UVK,PCPIPCH,Kosovo,"Inflation, average consumer prices",Annual percentages of average consumer prices are year-on-year changes.,Percent change,Units,"See notes for:  Inflation, average consumer prices (Index).",,,,,,,,,,,,,,,,,,,,,,11.662,2.694,1.152,-1.065,-1.385,0.637,4.338,9.343,-2.419,3.501,7.324,2.492,1.762,0.425,-0.528,0.240,1.495,1.098,2.658,0.197,3.348,11.584,4.938,1.621,2.236,1.930,2.000,2.000,2.000,2.000,2023.0,
967,UVK,LP,Kosovo,Population,"For census purposes, the total population of the country consists of all persons falling within the scope of the census. In the broadest sense, the total may comprise either all usual residents of the country or all persons present in the country at the time of the census. [Principles and Recommendations for Population and Housing Censuses, Revision 1, paragraph 2.42]",Persons,Millions,Source: National Statistics Office Latest actual data: 2022 Primary domestic currency: Euro Data last updated: 03/27/2025,,,,,,,,,,,,,,,,,,,,,1.472,1.472,1.511,1.537,1.631,1.651,1.674,1.699,1.720,1.748,1.775,1.802,1.786,1.769,1.753,1.736,1.719,1.703,1.686,1.670,1.653,1.637,1.620,1.604,1.587,1.577,1.571,1.568,1.566,1.566,1.566,2022.0,
443,KWT,NGDP_R,Kuwait,"Gross domestic product, constant prices","Expressed in billions of national currency units; the base year is country-specific. Expenditure-based GDP is total final expenditures at purchasers' prices (including the f.o.b. value of exports of goods and services), less the f.o.b. value of imports of goods and services. [SNA 1993]",National currency,Billions,"Source: National Statistics Office Latest actual data: 2023. Preliminary numbers Notes: Real GDP data for the period 1990-2009 have been adjusted by desk economist to account for breaks in the source data. The breaks are associated with changes in the base year from 1984 to 1995, to 2000, and subsequently to 2010. Pre-revision data exist for National accounts manual used: System of National Accounts (SNA) 1993 GDP valuation: Market prices Reporting in calendar year: Yes Start/end months of reporting year: January/December Base year: 2010 Chain-weighted: No Primary domestic currency: Kuwaiti dinar Data last updated: 04/07/2025",,12.700,11.493,12.097,12.731,12.189,13.233,14.310,12.872,16.206,11.955,7.053,12.893,17.422,18.923,19.239,19.354,19.837,20.561,20.194,21.141,21.186,21.824,25.606,28.228,31.223,33.569,35.580,36.462,33.882,33.079,36.264,38.667,39.111,39.307,39.540,40.697,38.780,39.844,40.745,38.783,39.659,41.983,40.455,39.320,40.054,41.308,42.268,43.215,44.196,45.187,2023.0,
443,KWT,NGDPD,Kuwait,"Gross domestic product, current prices","Values are based upon GDP in national currency converted to U.S. dollars using market exchange rates (yearly average). Exchange rate projections are provided by country economists for the group of other emerging market and developing countries. Exchanges rates for advanced economies are established in the WEO assumptions for each WEO exercise. Expenditure-based GDP is total final expenditures at purchasers' prices (including the f.o.b. value of exports of goods and services), less the f.o.b. value of imports of goods and services. [SNA 1993]",U.S. dollars,Billions,"See notes for:  Gross domestic product, current prices (National currency).",,25.249,21.583,20.871,21.700,21.445,17.904,22.368,20.690,24.313,18.239,10.791,19.871,23.955,24.859,27.186,31.491,30.350,25.941,30.126,37.714,34.906,38.129,47.869,59.439,80.799,101.548,114.608,147.391,105.992,115.401,154.020,174.066,174.179,162.695,114.606,109.399,120.688,138.655,140.855,111.048,148.455,183.977,163.716,158.568,153.101,155.958,162.341,169.169,176.134,183.090,2023.0,
443,KWT,PCPIPCH,Kuwait,"Inflation, average consumer prices",Annual percentages of average consumer prices are year-on-year changes.,Percent change,Units,"See notes for:  Inflation, average consumer prices (Index).",,,,,,,,,,,,,,,,,,,,,,,,,,,,,,,,,,,2.901,3.276,2.947,1.560,0.556,1.092,2.102,3.424,3.981,3.642,2.899,2.471,2.165,2.023,1.872,1.762,1.687,2024.0,
443,KWT,LP,Kuwait,Population,"For census purposes, the total population of the country consists of all persons falling within the scope of the census. In the broadest sense, the total may comprise either all usual residents of the country or all persons present in the country at the time of the census. [Principles and Recommendations for Population and Housing Censuses, Revision 1, paragraph 2.42]",Persons,Millions,"Source: Ministry of Planning, Central Statistical Office, and Civil Information Authority Latest actual data: 2023 Primary domestic currency: Kuwaiti dinar Data last updated: 04/07/2025",,,,,,,,,,,,,,1.514,1.683,1.802,1.894,1.980,2.027,2.107,2.138,2.183,2.262,2.325,2.391,2.245,2.328,2.411,2.778,2.778,2.933,3.247,3.428,3.588,3.744,3.925,4.083,4.227,4.420,4.465,4.336,4.217,4.794,4.913,5.012,5.112,5.214,5.318,5.425,5.533,5.644,2023.0,
917,KGZ,NGDP_R,Kyrgyz Republic,"Gross domestic product, constant prices","Expressed in billions of national currency units; the base year is country-specific. Expenditure-based GDP is total final expenditures at purchasers' prices (including the f.o.b. value of exports of goods and services), less the f.o.b. value of imports of goods and services. [SNA 1993]",National currency,Billions,"Source: National Statistics Office Latest actual data: 2024 Notes: for 2022-2024, large E&O affecting the external CA lead to a large discrepancy between GDP and the sum of its components from an expenditure-side approach. National accounts manual used: System of National Accounts (SNA) 2008 GDP valuation: Market prices Reporting in calendar year: Yes Start/end months of reporting year: January/December Base year: 2005 Chain-weighted: Yes, from 2010 Primary domestic currency: Kyrgyz som Data last updated: 04/08/2025",,,,,,,,,,,,,96.667,84.096,67.439,63.781,68.300,75.072,76.665,79.468,83.793,88.252,88.237,94.440,101.077,100.899,104.030,112.917,121.461,124.966,124.377,131.785,131.669,146.042,151.918,157.806,164.649,172.453,178.418,186.627,173.285,182.828,199.223,217.179,236.813,252.971,266.293,281.681,296.511,312.617,329.165,2024.0,
917,KGZ,NGDPD,Kyrgyz Republic,"Gross domestic product, current prices","Values are based upon GDP in national currency converted to U.S. dollars using market exchange rates (yearly average). Exchange rate projections are provided by country economists for the group of other emerging market and developing countries. Exchanges rates for advanced economies are established in the WEO assumptions for each WEO exercise. Expenditure-based GDP is total final expenditures at purchasers' prices (including the f.o.b. value of exports of goods and services), less the f.o.b. value of imports of goods and services. [SNA 1993]",U.S. dollars,Billions,"See notes for:  Gross domestic product, current prices (National currency).",,,,,,,,,,,,,0.917,0.665,1.108,1.493,1.822,1.767,1.630,1.242,1.368,1.525,1.606,1.920,2.214,2.459,2.837,3.807,5.139,4.690,4.794,6.198,6.604,7.335,7.467,6.678,6.813,7.703,8.271,9.372,8.283,9.256,12.269,15.187,17.491,19.849,21.222,22.807,24.427,26.202,28.068,2024.0,
917,KGZ,PCPIPCH,Kyrgyz Republic,"Inflation, average consumer prices",Annual percentages of average consumer prices are year-on-year changes.,Percent change,Units,"See notes for:  Inflation, average consumer prices (Index).",,,,,,,,,,,,,,"1,086.190",180.683,42.174,31.947,23.435,10.457,35.901,19.688,6.920,2.134,2.975,4.111,4.339,5.552,10.230,24.520,6.837,7.968,16.636,2.768,6.614,7.534,6.503,0.389,3.175,1.543,1.136,6.323,11.908,13.910,10.797,5.021,6.967,5.730,5.232,5.032,5.032,5.032,2024.0,
917,KGZ,LP,Kyrgyz Republic,Population,"For census purposes, the total population of the country consists of all persons falling within the scope of the census. In the broadest sense, the total may comprise either all usual residents of the country or all persons present in the country at the time of the census. [Principles and Recommendations for Population and Housing Censuses, Revision 1, paragraph 2.42]",Persons,Millions,Source: National Statistics Office Latest actual data: 2022 Primary domestic currency: Kyrgyz som Data last updated: 04/08/2025,,,,,,,,,,,,,4.411,4.485,4.505,4.525,4.596,4.661,4.732,4.806,4.875,4.922,4.968,5.013,5.073,5.136,5.189,5.248,5.289,5.348,5.418,5.478,5.552,5.663,5.777,5.895,6.019,6.140,6.257,6.389,6.517,6.654,6.795,6.931,7.077,7.227,7.372,7.527,7.686,7.840,8.006,2022.0,
544,LAO,NGDP_R,Lao P.D.R.,"Gross domestic product, constant prices","Expressed in billions of national currency units; the base year is country-specific. Expenditure-based GDP is total final expenditures at purchasers' prices (including the f.o.b. value of exports of goods and services), less the f.o.b. value of imports of goods and services. [SNA 1993]",National currency,Billions,Source: National Statistics Office Latest actual data: 2024 National accounts manual used: System of National Accounts (SNA) 2008 GDP valuation: Market prices Reporting in calendar year: Yes Start/end months of reporting year: January/December Base year: 2012 Chain-weighted: No Primary domestic currency: Lao kip Data last updated: 04/11/2025,"11,305.050","13,038.325","13,653.042","14,062.668","14,968.075","16,333.403","17,122.141","16,957.820","16,601.706","18,244.087","19,463.960","20,242.264","21,659.096","22,929.797","24,800.903","26,548.117","28,377.926","30,337.982","31,636.235","32,910.539","35,026.266","36,697.758","39,196.339","41,618.352","44,609.376","47,705.195","51,976.501","56,057.405","60,442.394","64,898.804","70,102.553","75,701.259","81,610.000","88,160.000","94,871.000","101,768.000","108,915.000","116,421.600","123,695.630","129,449.941","128,886.948","131,543.805","134,506.364","139,426.426","145,420.325","149,088.795","151,998.580","155,069.209","158,166.001","161,273.932","164,434.120",2024.0,
544,LAO,NGDPD,Lao P.D.R.,"Gross domestic product, current prices","Values are based upon GDP in national currency converted to U.S. dollars using market exchange rates (yearly average). Exchange rate projections are provided by country economists for the group of other emerging market and developing countries. Exchanges rates for advanced economies are established in the WEO assumptions for each WEO exercise. Expenditure-based GDP is total final expenditures at purchasers' prices (including the f.o.b. value of exports of goods and services), less the f.o.b. value of imports of goods and services. [SNA 1993]",U.S. dollars,Billions,"See notes for:  Gross domestic product, current prices (National currency).",1.913,1.118,1.119,2.047,2.930,3.685,2.577,1.815,1.182,1.460,1.742,2.053,2.354,2.652,3.081,3.579,3.726,3.515,1.334,1.415,1.720,1.757,1.844,2.260,2.651,3.079,3.934,4.757,5.946,6.431,7.506,8.964,10.194,11.972,13.266,14.418,15.904,17.055,18.131,18.770,18.511,18.533,15.121,14.978,15.879,16.322,16.753,17.348,17.933,18.556,19.179,2024.0,
544,LAO,PCPIPCH,Lao P.D.R.,"Inflation, average consumer prices",Annual percentages of average consumer prices are year-on-year changes.,Percent change,Units,"See notes for:  Inflation, average consumer prices (Index).",188.816,33.700,70.381,62.511,27.175,114.698,35.002,6.112,14.800,59.700,-26.317,13.439,9.847,5.650,7.670,19.075,19.147,19.544,90.141,128.409,8.369,7.809,10.633,15.489,10.467,7.167,6.546,4.662,7.629,0.141,5.983,7.569,4.255,6.371,4.129,1.277,1.597,0.825,2.040,3.323,5.104,3.754,22.959,31.230,23.132,9.369,6.983,7.520,8.348,8.735,9.766,2024.0,
544,LAO,LP,Lao P.D.R.,Population,"For census purposes, the total population of the country consists of all persons falling within the scope of the census. In the broadest sense, the total may comprise either all usual residents of the country or all persons present in the country at the time of the census. [Principles and Recommendations for Population and Housing Censuses, Revision 1, paragraph 2.42]",Persons,Millions,Source: International Financial Institution. World Bank Latest actual data: 2022 Primary domestic currency: Lao kip Data last updated: 04/11/2025,3.272,3.335,3.412,3.500,3.595,3.694,3.798,3.906,4.018,4.133,4.289,4.416,4.545,4.675,4.801,4.923,5.039,5.151,5.247,5.340,5.431,5.520,5.606,5.689,5.768,5.853,5.947,6.041,6.136,6.230,6.323,6.416,6.509,6.601,6.691,6.787,6.891,6.998,7.105,7.212,7.319,7.425,7.477,7.582,7.686,7.788,7.889,7.988,8.086,8.182,8.276,2022.0,
941,LVA,NGDP_R,Latvia,"Gross domestic product, constant prices","Expressed in billions of national currency units; the base year is country-specific. Expenditure-based GDP is total final expenditures at purchasers' prices (including the f.o.b. value of exports of goods and services), less the f.o.b. value of imports of goods and services. [SNA 1993]",National currency,Billions,"Source: National Statistics Office Latest actual data: 2024 National accounts manual used: European System of Accounts (ESA) 2010 GDP valuation: Market prices Reporting in calendar year: Yes Start/end months of reporting year: January/December Base year: 2020 Chain-weighted: Yes, from 2020 Primary domestic currency: Euro Data last updated: 04/08/2025",,,,,,,,,,,,,13.484,11.947,12.210,11.955,12.230,13.352,14.226,14.627,15.482,16.482,17.745,19.241,20.920,23.350,26.345,29.088,28.103,23.595,22.731,23.421,25.132,25.659,26.197,27.188,27.881,28.829,30.072,30.275,29.224,31.253,31.818,32.726,32.581,33.233,34.058,34.895,35.752,36.631,37.532,2024.0,
941,LVA,NGDPD,Latvia,"Gross domestic product, current prices","Values are based upon GDP in national currency converted to U.S. dollars using market exchange rates (yearly average). Exchange rate projections are provided by country economists for the group of other emerging market and developing countries. Exchanges rates for advanced economies are established in the WEO assumptions for each WEO exercise. Expenditure-based GDP is total final expenditures at purchasers' prices (including the f.o.b. value of exports of goods and services), less the f.o.b. value of imports of goods and services. [SNA 1993]",U.S. dollars,Billions,"See notes for:  Gross domestic product, current prices (National currency).",,,,,,,,,,,,,1.641,2.643,4.391,5.242,5.799,6.351,6.977,7.325,7.765,8.192,9.256,11.249,13.831,16.332,20.453,29.463,34.296,25.758,23.509,26.832,27.136,29.157,30.285,26.347,27.110,29.381,33.263,33.103,33.353,38.209,38.045,42.584,43.508,45.535,48.353,50.889,53.446,56.178,59.013,2024.0,
941,LVA,PCPIPCH,Latvia,"Inflation, average consumer prices",Annual percentages of average consumer prices are year-on-year changes.,Percent change,Units,"See notes for:  Inflation, average consumer prices (Index).",,,,,,,,,,,,,,109.200,35.900,25.000,17.600,8.074,4.295,2.114,2.633,2.526,1.963,2.940,6.187,6.890,6.571,10.081,15.253,3.259,-1.224,4.222,2.285,0.011,0.690,0.213,0.099,2.894,2.554,2.747,0.081,3.239,17.245,9.058,1.349,2.360,2.417,2.558,2.180,2.222,2.215,2024.0,
941,LVA,LP,Latvia,Population,"For census purposes, the total population of the country consists of all persons falling within the scope of the census. In the broadest sense, the total may comprise either all usual residents of the country or all persons present in the country at the time of the census. [Principles and Recommendations for Population and Housing Censuses, Revision 1, paragraph 2.42]",Persons,Millions,Source: National Statistics Office Latest actual data: 2024 Primary domestic currency: Euro Data last updated: 04/08/2025,,,,,,,,,,,,,2.677,2.669,2.627,2.501,2.470,2.445,2.421,2.399,2.382,2.353,2.321,2.299,2.277,2.250,2.228,2.209,2.192,2.163,2.121,2.075,2.045,2.024,2.001,1.986,1.969,1.950,1.934,1.920,1.908,1.893,1.876,1.883,1.872,1.868,1.864,1.861,1.857,1.853,1.850,2024.0,
446,LBN,NGDP_R,Lebanon,"Gross domestic product, constant prices","Expressed in billions of national currency units; the base year is country-specific. Expenditure-based GDP is total final expenditures at purchasers' prices (including the f.o.b. value of exports of goods and services), less the f.o.b. value of imports of goods and services. [SNA 1993]",National currency,Billions,"Source: National Statistics Office Latest actual data: 2021 Notes: We use a weighted average of the official and parallel exchange rates for 2019-23. Starting in 2024, the exchange rate applied throughout the series is the parallel market exchange rate. National accounts manual used: System of National Accounts (SNA) 2008 GDP valuation: Market prices Reporting in calendar year: Yes Start/end months of reporting year: January/December Base year: 2019. Official quarterly and annual data are based on 2019. We re-base quarterly data in our files. Chain-weighted: Yes, from 2019. Official quarterly and annual data are based on 2019. We re-base quarterly data in our files. Primary domestic currency: Lebanese pound Data last updated: 03/31/2025","38,331.992","38,542.690","24,363.287","29,896.142","43,193.722","53,689.757","50,053.213","58,426.629","41,945.124","24,246.232","20,992.070","29,011.041","30,315.044","32,437.013","35,041.630","37,316.808","38,823.738","42,779.841","44,448.255","44,092.669","44,577.689","46,316.218","47,890.970","48,705.116","52,358.000","53,765.000","54,597.000","59,682.000","65,093.000","71,755.000","77,477.000","78,149.000","80,134.671","83,188.210","85,239.692","85,625.731","86,963.847","87,757.634","86,131.228","80,273.434","60,528.756","61,749.047","62,366.537","61,929.971","57,285.224",,,,,,,2021.0,
446,LBN,NGDPD,Lebanon,"Gross domestic product, current prices","Values are based upon GDP in national currency converted to U.S. dollars using market exchange rates (yearly average). Exchange rate projections are provided by country economists for the group of other emerging market and developing countries. Exchanges rates for advanced economies are established in the WEO assumptions for each WEO exercise. Expenditure-based GDP is total final expenditures at purchasers' prices (including the f.o.b. value of exports of goods and services), less the f.o.b. value of imports of goods and services. [SNA 1993]",U.S. dollars,Billions,"See notes for:  Gross domestic product, current prices (National currency).",4.020,3.843,2.621,3.611,4.269,3.566,2.780,3.254,3.269,2.682,2.801,4.392,5.472,7.435,8.988,10.971,12.824,15.535,17.059,17.174,17.018,17.361,18.837,19.486,21.160,21.497,22.023,24.827,29.119,35.400,38.444,39.927,44.017,46.880,48.095,49.929,51.150,53.030,54.900,50.928,24.976,19.782,24.748,23.607,28.280,,,,,,,2021.0,
446,LBN,PCPIPCH,Lebanon,"Inflation, average consumer prices",Annual percentages of average consumer prices are year-on-year changes.,Percent change,Units,"See notes for:  Inflation, average consumer prices (Index).",23.900,19.300,18.600,7.200,17.600,69.400,95.400,487.200,155.000,72.200,68.900,50.115,99.847,24.737,8.235,10.282,8.879,7.748,4.549,0.241,-0.356,-0.367,1.759,1.268,1.672,-1.426,4.092,4.058,10.698,1.215,3.962,4.986,6.573,5.559,1.128,-3.761,-0.807,4.485,6.058,2.891,84.880,154.759,171.195,221.343,45.243,,,,,,,2024.0,
446,LBN,LP,Lebanon,Population,"For census purposes, the total population of the country consists of all persons falling within the scope of the census. In the broadest sense, the total may comprise either all usual residents of the country or all persons present in the country at the time of the census. [Principles and Recommendations for Population and Housing Censuses, Revision 1, paragraph 2.42]",Persons,Millions,Source: United Nations Latest actual data: 2023 Primary domestic currency: Lebanese pound Data last updated: 03/31/2025,2.964,3.027,3.070,3.107,3.164,3.227,3.308,3.391,3.457,3.526,3.594,3.667,3.745,3.819,3.888,3.960,4.034,4.108,4.179,4.250,4.321,4.389,4.447,4.505,4.575,4.643,4.720,4.810,4.888,4.951,4.996,5.045,5.178,5.679,6.274,6.399,6.259,6.109,5.951,5.782,5.663,5.593,5.490,5.354,5.354,,,,,,,2023.0,
666,LSO,NGDP_R,Lesotho,"Gross domestic product, constant prices","Expressed in billions of national currency units; the base year is country-specific. Expenditure-based GDP is total final expenditures at purchasers' prices (including the f.o.b. value of exports of goods and services), less the f.o.b. value of imports of goods and services. [SNA 1993]",National currency,Billions,Source: National Statistics Office Latest actual data: FY2022/23. Fiscal year data are mapped to calendar year as follows: FY(t/t+1) = CY(t) Notes: The national accounts real values have been updated from 2015 onwards. Prior to 2015 the data has been adjusted to produce smooth series with the use of splicing technique. These estimates continue to serve as proxies for historical series when complete i National accounts manual used: System of National Accounts (SNA) 2008 GDP valuation: Market prices Reporting in calendar year: No Start/end months of reporting year: April/March Base year: FY2012/13 Chain-weighted: No Primary domestic currency: Lesotho loti Data last updated: 04/11/2025,5.687,5.862,6.188,6.376,6.681,6.878,7.137,7.329,7.905,8.378,8.917,9.590,10.171,10.576,11.126,11.579,12.131,12.527,12.694,12.877,13.386,13.827,14.162,14.763,15.068,15.569,16.223,16.905,17.540,17.604,18.502,19.438,20.438,20.800,21.230,21.920,22.331,21.721,21.403,20.779,19.686,20.059,20.456,20.861,21.407,21.732,22.046,22.269,22.582,22.916,23.299,2023.0,
666,LSO,NGDPD,Lesotho,"Gross domestic product, current prices","Values are based upon GDP in national currency converted to U.S. dollars using market exchange rates (yearly average). Exchange rate projections are provided by country economists for the group of other emerging market and developing countries. Exchanges rates for advanced economies are established in the WEO assumptions for each WEO exercise. Expenditure-based GDP is total final expenditures at purchasers' prices (including the f.o.b. value of exports of goods and services), less the f.o.b. value of imports of goods and services. [SNA 1993]",U.S. dollars,Billions,"See notes for:  Gross domestic product, current prices (National currency).",0.428,0.435,0.362,0.401,0.360,0.288,0.331,0.434,0.496,0.519,0.635,0.743,0.863,0.865,0.915,1.032,0.977,1.027,0.949,0.937,0.922,0.774,0.856,1.256,1.598,1.730,1.720,1.759,1.652,1.937,2.356,2.571,2.465,2.345,2.477,2.202,2.206,2.424,2.472,2.323,2.092,2.445,2.275,2.213,2.309,2.404,2.501,2.566,2.667,2.761,2.948,2023.0,
666,LSO,PCPIPCH,Lesotho,"Inflation, average consumer prices",Annual percentages of average consumer prices are year-on-year changes.,Percent change,Units,"See notes for:  Inflation, average consumer prices (Index).",19.629,12.214,12.416,17.549,10.812,13.241,18.152,11.634,11.585,14.843,11.466,17.857,17.047,13.768,7.250,9.962,9.058,8.550,7.775,8.644,6.131,6.919,12.562,7.166,5.023,3.438,6.073,8.012,10.715,7.380,3.495,5.037,6.051,4.865,5.370,3.218,6.597,4.448,4.752,5.187,4.978,6.048,8.272,6.343,6.102,4.266,5.096,5.056,5.159,5.000,5.000,2023.0,
666,LSO,LP,Lesotho,Population,"For census purposes, the total population of the country consists of all persons falling within the scope of the census. In the broadest sense, the total may comprise either all usual residents of the country or all persons present in the country at the time of the census. [Principles and Recommendations for Population and Housing Censuses, Revision 1, paragraph 2.42]",Persons,Millions,Source: Other Latest actual data: 2022 Primary domestic currency: Lesotho loti Data last updated: 04/11/2025,1.281,1.315,1.349,1.384,1.358,1.390,1.425,1.492,1.532,1.576,1.621,1.643,1.708,1.749,1.786,1.877,1.862,1.864,1.865,1.867,1.868,1.869,1.871,1.872,1.874,1.875,1.877,1.889,1.902,1.915,1.928,1.941,1.954,1.967,1.980,1.994,2.007,2.021,2.034,2.048,2.062,2.087,2.112,2.138,2.164,2.190,2.216,2.243,2.270,2.298,2.326,2022.0,
668,LBR,NGDP_R,Liberia,"Gross domestic product, constant prices","Expressed in billions of national currency units; the base year is country-specific. Expenditure-based GDP is total final expenditures at purchasers' prices (including the f.o.b. value of exports of goods and services), less the f.o.b. value of imports of goods and services. [SNA 1993]",National currency,Billions,"Source: IMF Staff Estimates. IMF STA preliminary survey; Publish growth rate from 2000 only, no data prior to 1999 due to civil war in the country. Latest actual data: 2023. The actual data is based on IMF staff estimates. STA is currently providing TA to the authorities to produce more reliable estimates. Notes: Real GDP are in billions of U.S. dollars. The National Accounts data are staff estimates and are based on the preliminary results of the 2016 Household Income and Expenditure Survey, and of an ongoing STA technical assistance on National Accounts. The pre National accounts manual used: System of National Accounts (SNA) 1993 GDP valuation: Market prices Reporting in calendar year: Yes Start/end months of reporting year: January/December Base year: 2000. Official base year is 1992. Chain-weighted: No Primary domestic currency: US dollar Data last updated: 02/21/2025",,,,,,,,,,,,,,,,,,,,,2.046,2.102,2.195,1.559,1.621,1.716,1.862,2.106,2.234,2.350,2.499,2.692,2.918,3.176,3.198,3.199,3.146,3.224,3.264,3.182,3.088,3.242,3.398,3.554,3.725,3.924,4.141,4.381,4.635,4.902,5.174,2023.0,
668,LBR,NGDPD,Liberia,"Gross domestic product, current prices","Values are based upon GDP in national currency converted to U.S. dollars using market exchange rates (yearly average). Exchange rate projections are provided by country economists for the group of other emerging market and developing countries. Exchanges rates for advanced economies are established in the WEO assumptions for each WEO exercise. Expenditure-based GDP is total final expenditures at purchasers' prices (including the f.o.b. value of exports of goods and services), less the f.o.b. value of imports of goods and services. [SNA 1993]",U.S. dollars,Billions,"See notes for:  Gross domestic product, current prices (National currency).",,,,,,,,,,,,,,,,,,,,,0.863,0.904,0.943,0.714,0.897,0.944,1.109,1.344,1.676,1.765,1.966,2.340,2.675,3.044,3.090,3.092,3.256,3.321,3.264,3.080,3.037,3.509,3.974,4.390,4.818,5.166,5.490,5.864,6.268,6.684,7.108,2023.0,
668,LBR,PCPIPCH,Liberia,"Inflation, average consumer prices",Annual percentages of average consumer prices are year-on-year changes.,Percent change,Units,"See notes for:  Inflation, average consumer prices (Index).",,,,,,,,,,,,,,,,,,,,1.982,5.300,12.149,14.160,10.330,3.555,6.945,9.514,11.391,17.490,7.427,7.291,8.487,6.832,7.578,9.858,7.742,8.844,12.435,23.547,26.969,16.953,7.816,7.593,10.094,8.215,8.173,7.403,5.854,5.275,4.968,4.884,2023.0,
668,LBR,LP,Liberia,Population,"For census purposes, the total population of the country consists of all persons falling within the scope of the census. In the broadest sense, the total may comprise either all usual residents of the country or all persons present in the country at the time of the census. [Principles and Recommendations for Population and Housing Censuses, Revision 1, paragraph 2.42]",Persons,Millions,"Source: National Statistics Office. Publish growth rate from 2000 only, no data prior to 1999 due to civil war in the country. Latest actual data: 2023 Primary domestic currency: US dollar Data last updated: 02/21/2025",,,,,,,,,,,,,,,,,,,2.517,2.700,2.848,2.954,3.025,3.077,3.136,3.218,3.329,3.462,3.608,3.754,3.891,4.017,4.136,4.248,4.360,4.472,4.587,4.702,4.819,4.937,5.058,5.180,5.305,5.432,5.561,5.692,5.825,5.959,6.095,6.233,6.372,2023.0,
672,LBY,NGDP_R,Libya,"Gross domestic product, constant prices","Expressed in billions of national currency units; the base year is country-specific. Expenditure-based GDP is total final expenditures at purchasers' prices (including the f.o.b. value of exports of goods and services), less the f.o.b. value of imports of goods and services. [SNA 1993]",National currency,Billions,Source: Ministry of Economy and/or Planning Latest actual data: 2022. No quarterly data provided. National accounts manual used: System of National Accounts (SNA) 1993 GDP valuation: Market prices Reporting in calendar year: Yes Start/end months of reporting year: January/December Base year: 2013. We received new data rebased to 2013 from 2007 Chain-weighted: No Primary domestic currency: Libyan dinar Data last updated: 03/17/2025,142.814,114.194,115.927,110.467,101.292,101.907,90.338,77.057,82.897,88.865,92.171,109.056,104.099,98.407,101.575,85.901,87.412,85.109,84.533,84.373,87.784,90.089,86.732,100.735,106.622,117.945,118.273,125.642,125.438,119.919,125.947,62.547,116.855,95.823,73.743,73.122,72.031,95.436,103.015,91.481,64.535,82.820,75.986,83.703,83.171,97.563,101.743,103.567,105.492,107.616,110.016,2022.0,
672,LBY,NGDPD,Libya,"Gross domestic product, current prices","Values are based upon GDP in national currency converted to U.S. dollars using market exchange rates (yearly average). Exchange rate projections are provided by country economists for the group of other emerging market and developing countries. Exchanges rates for advanced economies are established in the WEO assumptions for each WEO exercise. Expenditure-based GDP is total final expenditures at purchasers' prices (including the f.o.b. value of exports of goods and services), less the f.o.b. value of imports of goods and services. [SNA 1993]",U.S. dollars,Billions,"See notes for:  Gross domestic product, current prices (National currency).",40.190,34.720,34.616,32.988,30.890,30.384,24.756,23.009,25.870,27.446,31.627,34.995,35.459,31.912,29.719,33.739,36.827,37.702,30.921,37.129,39.498,35.206,21.128,27.026,34.054,48.852,60.094,68.211,86.804,60.767,75.381,48.170,92.542,75.355,57.384,48.718,49.913,67.153,76.682,69.237,46.893,35.216,43.281,43.958,42.159,47.484,48.722,50.180,51.961,54.194,56.688,2022.0,
672,LBY,PCPIPCH,Libya,"Inflation, average consumer prices",Annual percentages of average consumer prices are year-on-year changes.,Percent change,Units,"See notes for:  Inflation, average consumer prices (Index).",14.286,13.194,13.804,10.512,12.439,9.111,3.380,4.423,3.131,4.464,0.721,11.700,9.450,7.474,10.671,8.342,3.996,3.586,3.719,2.574,-2.907,-8.839,-9.863,-2.057,1.252,2.658,1.465,6.211,10.401,2.448,2.458,15.902,6.072,2.594,2.433,10.012,25.854,25.804,13.972,-2.870,1.468,2.868,4.510,2.373,2.126,2.290,2.290,2.290,2.290,2.290,2.290,2024.0,
672,LBY,LP,Libya,Population,"For census purposes, the total population of the country consists of all persons falling within the scope of the census. In the broadest sense, the total may comprise either all usual residents of the country or all persons present in the country at the time of the census. [Principles and Recommendations for Population and Housing Censuses, Revision 1, paragraph 2.42]",Persons,Millions,Source: International Financial Institution. World Development Indicators Latest actual data: 2019 Primary domestic currency: Libyan dinar Data last updated: 03/17/2025,2.988,3.126,3.273,3.411,3.558,3.539,3.676,3.834,4.325,4.522,4.260,4.360,4.460,4.560,4.650,4.750,4.840,4.920,5.010,5.090,5.180,5.260,5.340,5.420,5.510,5.590,5.690,5.780,5.880,5.960,6.041,5.923,6.283,6.266,6.259,6.322,6.385,6.448,6.513,6.578,6.644,6.710,6.777,6.845,6.913,6.982,7.052,7.122,7.194,7.265,7.338,2019.0,
946,LTU,NGDP_R,Lithuania,"Gross domestic product, constant prices","Expressed in billions of national currency units; the base year is country-specific. Expenditure-based GDP is total final expenditures at purchasers' prices (including the f.o.b. value of exports of goods and services), less the f.o.b. value of imports of goods and services. [SNA 1993]",National currency,Billions,"Source: National Statistics Office. Data from Statistics Lithuania: http://www.stat.gov.lt/en/ Latest actual data: 2024 Notes: Data prior to 1995 cannot be confirmed by national sources at this time. National accounts manual used: European System of Accounts (ESA) 2010 GDP valuation: Market prices Reporting in calendar year: Yes Start/end months of reporting year: January/December Base year: 2021 Chain-weighted: Yes, from 2005 Primary domestic currency: Euro Data last updated: 04/09/2025",,,,,,,,,,,,,,,,19.346,20.359,22.059,23.752,23.494,24.283,25.894,27.586,30.491,32.417,35.070,37.631,41.808,42.720,36.524,36.624,38.947,40.652,42.310,43.904,45.153,46.333,48.513,50.857,53.259,53.285,56.674,58.100,58.349,59.939,61.609,63.124,64.731,66.290,67.858,69.456,2024.0,
946,LTU,NGDPD,Lithuania,"Gross domestic product, current prices","Values are based upon GDP in national currency converted to U.S. dollars using market exchange rates (yearly average). Exchange rate projections are provided by country economists for the group of other emerging market and developing countries. Exchanges rates for advanced economies are established in the WEO assumptions for each WEO exercise. Expenditure-based GDP is total final expenditures at purchasers' prices (including the f.o.b. value of exports of goods and services), less the f.o.b. value of imports of goods and services. [SNA 1993]",U.S. dollars,Billions,"See notes for:  Gross domestic product, current prices (National currency).",,,,,,,,,,,,,,,,6.742,8.440,10.159,11.284,11.017,11.541,12.260,14.283,18.801,22.710,26.118,30.138,39.765,48.004,37.591,36.693,43.201,42.736,46.321,48.388,41.548,42.952,47.745,54.294,55.132,57.352,67.068,71.082,79.824,84.847,89.192,94.182,98.885,103.789,108.927,114.355,2024.0,
946,LTU,PCPIPCH,Lithuania,"Inflation, average consumer prices",Annual percentages of average consumer prices are year-on-year changes.,Percent change,Units,"See notes for:  Inflation, average consumer prices (Index).",,,,,,,,,,,,,,,,,23.092,8.735,5.369,1.443,1.094,1.549,0.336,-1.077,1.154,2.672,3.757,5.818,11.092,4.161,1.191,4.124,3.164,1.164,0.242,-0.677,0.678,3.718,2.531,2.242,1.062,4.625,18.858,8.685,0.852,3.462,2.774,2.569,2.529,2.495,2.495,2024.0,
946,LTU,LP,Lithuania,Population,"For census purposes, the total population of the country consists of all persons falling within the scope of the census. In the broadest sense, the total may comprise either all usual residents of the country or all persons present in the country at the time of the census. [Principles and Recommendations for Population and Housing Censuses, Revision 1, paragraph 2.42]",Persons,Millions,Source: National Statistics Office. Data from Statistics Lithuania: http://www.stat.gov.lt/en/ Latest actual data: 2024 Primary domestic currency: Euro Data last updated: 04/09/2025,,,,,,,,,,,,,,,,3.629,3.602,3.575,3.549,3.524,3.500,3.471,3.443,3.415,3.377,3.323,3.270,3.231,3.198,3.163,3.097,3.028,2.988,2.958,2.932,2.905,2.868,2.828,2.802,2.794,2.795,2.801,2.824,2.883,2.892,2.893,2.893,2.870,2.847,2.824,2.801,2024.0,
137,LUX,NGDP_R,Luxembourg,"Gross domestic product, constant prices","Expressed in billions of national currency units; the base year is country-specific. Expenditure-based GDP is total final expenditures at purchasers' prices (including the f.o.b. value of exports of goods and services), less the f.o.b. value of imports of goods and services. [SNA 1993]",National currency,Billions,"Source: National Statistics Office Latest actual data: 2023 National accounts manual used: European System of Accounts (ESA) 2010 GDP valuation: Market prices Reporting in calendar year: Yes Start/end months of reporting year: January/December Base year: 2015 Chain-weighted: Yes, from 1995. The Luxembourg statistics office (STATEC) publishes the national accounts data starting from 2000 only. Previously, the same data were published from 1995, but when the authorities moved to the ESA 2010 standard, the historical data were only revised back Primary domestic currency: Euro Data last updated: 04/08/2025",13.529,13.637,13.778,14.038,14.702,15.525,17.075,17.749,19.252,21.138,22.262,24.187,24.627,25.662,26.642,27.024,27.433,29.062,30.949,33.555,36.387,37.506,38.716,39.730,41.411,42.439,44.992,48.636,48.489,46.918,48.682,49.191,50.002,51.588,52.941,54.142,56.838,57.586,58.514,60.123,59.816,63.961,63.261,62.822,63.470,64.470,65.897,67.413,68.875,70.343,71.807,2023.0,
137,LUX,NGDPD,Luxembourg,"Gross domestic product, current prices","Values are based upon GDP in national currency converted to U.S. dollars using market exchange rates (yearly average). Exchange rate projections are provided by country economists for the group of other emerging market and developing countries. Exchanges rates for advanced economies are established in the WEO assumptions for each WEO exercise. Expenditure-based GDP is total final expenditures at purchasers' prices (including the f.o.b. value of exports of goods and services), less the f.o.b. value of imports of goods and services. [SNA 1993]",U.S. dollars,Billions,"See notes for:  Gross domestic product, current prices (National currency).",6.434,5.549,4.557,4.473,4.385,4.544,6.611,8.211,9.301,9.903,12.628,13.683,15.328,15.714,17.487,20.571,20.464,18.428,19.263,21.088,21.240,21.388,23.633,29.660,35.049,37.693,42.912,51.594,58.838,54.408,56.260,61.685,59.814,65.204,68.823,60.078,62.200,65.689,71.118,69.880,73.612,86.444,80.865,87.599,93.169,96.613,100.440,104.767,109.193,113.820,118.641,2023.0,
137,LUX,PCPIPCH,Luxembourg,"Inflation, average consumer prices",Annual percentages of average consumer prices are year-on-year changes.,Percent change,Units,"See notes for:  Inflation, average consumer prices (Index).",6.300,8.073,9.357,8.669,5.637,4.094,0.300,-0.100,1.400,3.400,3.700,3.100,3.200,3.600,2.200,1.900,1.156,1.371,0.972,1.021,3.782,2.404,2.056,2.528,3.244,3.761,2.962,2.655,4.092,0.007,2.795,3.728,2.888,1.699,0.694,0.059,0.043,2.113,2.018,1.650,0.008,3.474,8.149,2.927,2.252,2.229,2.127,1.991,2.010,2.012,2.030,2023.0,
137,LUX,LP,Luxembourg,Population,"For census purposes, the total population of the country consists of all persons falling within the scope of the census. In the broadest sense, the total may comprise either all usual residents of the country or all persons present in the country at the time of the census. [Principles and Recommendations for Population and Housing Censuses, Revision 1, paragraph 2.42]",Persons,Millions,Source: National Statistics Office Latest actual data: 2023 Primary domestic currency: Euro Data last updated: 04/08/2025,0.364,0.365,0.366,0.366,0.366,0.367,0.368,0.371,0.374,0.378,0.382,0.387,0.392,0.398,0.404,0.406,0.412,0.417,0.422,0.427,0.434,0.439,0.444,0.448,0.455,0.461,0.469,0.476,0.484,0.494,0.502,0.512,0.525,0.537,0.550,0.563,0.576,0.591,0.602,0.614,0.626,0.635,0.645,0.661,0.672,0.685,0.699,0.713,0.727,0.742,0.757,2023.0,
546,MAC,NGDP_R,Macao SAR,"Gross domestic product, constant prices","Expressed in billions of national currency units; the base year is country-specific. Expenditure-based GDP is total final expenditures at purchasers' prices (including the f.o.b. value of exports of goods and services), less the f.o.b. value of imports of goods and services. [SNA 1993]",National currency,Billions,"Source: National Statistics Office Latest actual data: 2024 National accounts manual used: System of National Accounts (SNA) 2008 GDP valuation: Market prices Reporting in calendar year: Yes Start/end months of reporting year: January/December Base year: 2022 Chain-weighted: Yes, from 2022 Primary domestic currency: Macanese pataca Data last updated: 04/10/2025",,,,,,,,,,,,,,,,,,,,,,122.770,133.709,149.274,189.027,204.291,231.647,265.181,274.175,277.668,347.427,422.528,461.578,511.210,500.742,393.008,390.340,428.827,456.296,444.600,203.022,250.803,201.622,352.964,384.054,397.858,411.872,427.144,441.679,455.345,469.104,2024.0,
546,MAC,NGDPD,Macao SAR,"Gross domestic product, current prices","Values are based upon GDP in national currency converted to U.S. dollars using market exchange rates (yearly average). Exchange rate projections are provided by country economists for the group of other emerging market and developing countries. Exchanges rates for advanced economies are established in the WEO assumptions for each WEO exercise. Expenditure-based GDP is total final expenditures at purchasers' prices (including the f.o.b. value of exports of goods and services), less the f.o.b. value of imports of goods and services. [SNA 1993]",U.S. dollars,Billions,"See notes for:  Gross domestic product, current prices (National currency).",,,,,,,,,,,,,,,,,,,,,,6.860,7.372,8.247,10.643,12.160,14.874,18.440,21.027,21.588,28.242,36.844,43.190,51.536,54.903,45.048,45.071,50.384,55.191,55.082,25.344,30.969,24.998,45.802,50.182,53.354,56.312,59.692,63.219,66.759,70.331,2024.0,
546,MAC,PCPIPCH,Macao SAR,"Inflation, average consumer prices",Annual percentages of average consumer prices are year-on-year changes.,Percent change,Units,"See notes for:  Inflation, average consumer prices (Index).",,,,,,,,,,,,,,,,,,,,,,,-2.638,-1.560,0.978,4.397,5.153,5.568,8.609,1.172,2.810,5.805,6.103,5.507,6.045,4.560,2.369,1.227,3.006,2.752,0.811,0.028,1.044,0.939,0.738,0.864,1.340,1.849,2.085,2.127,2.185,2024.0,
546,MAC,LP,Macao SAR,Population,"For census purposes, the total population of the country consists of all persons falling within the scope of the census. In the broadest sense, the total may comprise either all usual residents of the country or all persons present in the country at the time of the census. [Principles and Recommendations for Population and Housing Censuses, Revision 1, paragraph 2.42]",Persons,Millions,Source: National Statistics Office Latest actual data: 2024 Primary domestic currency: Macanese pataca Data last updated: 04/10/2025,,,,,,,,,,,,,,,,,,,,,,0.436,0.441,0.447,0.463,0.484,0.513,0.538,0.549,0.542,0.552,0.557,0.582,0.608,0.636,0.647,0.645,0.653,0.667,0.680,0.683,0.683,0.673,0.684,0.688,0.699,0.709,0.717,0.723,0.728,0.733,2024.0,
674,MDG,NGDP_R,Madagascar,"Gross domestic product, constant prices","Expressed in billions of national currency units; the base year is country-specific. Expenditure-based GDP is total final expenditures at purchasers' prices (including the f.o.b. value of exports of goods and services), less the f.o.b. value of imports of goods and services. [SNA 1993]",National currency,Billions,Source: National Statistics Office Latest actual data: 2022. 2021 is still preliminary data. National accounts manual used: System of National Accounts (SNA) 1993 GDP valuation: Market prices Reporting in calendar year: Yes Start/end months of reporting year: January/December Base year: 2007 Chain-weighted: No Primary domestic currency: Malagasy ariary Data last updated: 04/11/2025,"10,238.323","9,234.967","9,059.503","9,141.038","9,301.937","9,409.500","9,593.947","9,706.668","10,037.367","10,446.378","10,773.235","10,093.837","10,213.033","10,427.499","10,423.109","10,598.071","10,826.375","11,226.246","11,665.987","12,214.198","12,758.567","13,521.560","11,843.808","13,002.712","13,686.265","14,337.163","15,111.156","15,974.088","17,046.371","16,368.146","16,469.502","16,729.461","17,233.210","17,629.641","18,218.330","18,788.982","19,539.253","20,307.794","20,956.495","21,880.934","20,319.145","21,264.124","22,147.882","23,078.768","24,048.076","24,995.570","26,046.866","27,220.648","28,532.934","29,940.557","31,442.681",2022.0,
674,MDG,NGDPD,Madagascar,"Gross domestic product, current prices","Values are based upon GDP in national currency converted to U.S. dollars using market exchange rates (yearly average). Exchange rate projections are provided by country economists for the group of other emerging market and developing countries. Exchanges rates for advanced economies are established in the WEO assumptions for each WEO exercise. Expenditure-based GDP is total final expenditures at purchasers' prices (including the f.o.b. value of exports of goods and services), less the f.o.b. value of imports of goods and services. [SNA 1993]",U.S. dollars,Billions,"See notes for:  Gross domestic product, current prices (National currency).",5.202,4.759,4.785,4.686,3.906,3.803,4.348,3.213,3.189,3.176,3.931,3.255,3.715,4.063,3.522,3.838,4.932,4.263,4.402,4.278,4.629,5.438,5.352,6.372,5.065,5.859,6.396,8.525,10.725,9.617,9.983,11.552,11.579,12.424,12.523,11.323,11.849,13.176,13.760,14.105,13.051,14.355,15.326,15.870,17.420,18.708,20.099,21.797,24.048,26.553,29.336,2022.0,
674,MDG,PCPIPCH,Madagascar,"Inflation, average consumer prices",Annual percentages of average consumer prices are year-on-year changes.,Percent change,Units,"See notes for:  Inflation, average consumer prices (Index).",18.278,30.457,31.907,19.469,9.720,10.566,14.492,15.461,26.338,9.017,11.859,8.540,14.567,9.990,38.992,49.036,19.761,4.492,6.210,7.189,11.570,7.917,16.499,-1.704,13.956,18.364,10.766,10.288,9.297,8.954,9.247,9.483,5.714,5.826,6.080,7.404,6.056,8.590,8.598,5.623,4.188,5.819,8.157,9.861,7.640,8.430,7.220,6.410,6.000,6.000,6.000,2023.0,
674,MDG,LP,Madagascar,Population,"For census purposes, the total population of the country consists of all persons falling within the scope of the census. In the broadest sense, the total may comprise either all usual residents of the country or all persons present in the country at the time of the census. [Principles and Recommendations for Population and Housing Censuses, Revision 1, paragraph 2.42]",Persons,Millions,"Source: UN, World Bank, and National Statistical Office Latest actual data: 2018 Notes: In 2021 were published latest Madagascar Population Census data that took place in 2018. Primary domestic currency: Malagasy ariary Data last updated: 04/11/2025",8.679,8.911,9.150,9.395,9.647,9.906,10.171,10.444,10.724,11.011,11.306,11.609,11.920,12.239,12.607,12.987,13.378,13.780,14.195,14.622,15.063,15.516,15.983,16.464,16.960,17.470,17.996,18.538,19.096,19.670,20.262,20.872,21.501,22.148,22.814,23.501,24.209,24.937,25.674,26.525,27.340,28.178,28.961,29.766,30.594,31.444,32.319,33.217,34.141,35.090,36.065,2018.0,
676,MWI,NGDP_R,Malawi,"Gross domestic product, constant prices","Expressed in billions of national currency units; the base year is country-specific. Expenditure-based GDP is total final expenditures at purchasers' prices (including the f.o.b. value of exports of goods and services), less the f.o.b. value of imports of goods and services. [SNA 1993]",National currency,Billions,Source: National Statistics Office Latest actual data: 2022. Since 2011 we have used IMF staff s and Malawian authorities  combined estimates for National Accounts data. National accounts manual used: System of National Accounts (SNA) 2008 GDP valuation: Market prices Reporting in calendar year: Yes Start/end months of reporting year: January/December Base year: 2017. Rebased to 2017 from 2010 Chain-weighted: No Primary domestic currency: Malawian kwacha Data last updated: 03/24/2025,"1,801.659","1,707.163","1,750.116","1,814.760","1,912.263","1,999.672","1,995.377","2,027.806","2,092.235","2,120.369","2,241.067","2,436.717","2,258.033","2,476.878","2,221.434","2,528.648","2,780.978","2,964.166","2,995.616","3,101.696","3,125.748","2,998.353","3,051.136","3,225.223","3,400.046","3,511.185","3,676.210","4,029.126","4,336.941","4,698.126","5,021.079","5,264.805","5,364.088","5,643.021","5,964.673","6,140.631","6,280.023","6,531.224","6,818.055","7,189.515","7,262.379","7,593.420","7,663.364","7,808.390","7,948.941","8,227.154","8,580.921","8,967.063","9,379.548","9,811.007","10,262.313",2022.0,
676,MWI,NGDPD,Malawi,"Gross domestic product, current prices","Values are based upon GDP in national currency converted to U.S. dollars using market exchange rates (yearly average). Exchange rate projections are provided by country economists for the group of other emerging market and developing countries. Exchanges rates for advanced economies are established in the WEO assumptions for each WEO exercise. Expenditure-based GDP is total final expenditures at purchasers' prices (including the f.o.b. value of exports of goods and services), less the f.o.b. value of imports of goods and services. [SNA 1993]",U.S. dollars,Billions,"See notes for:  Gross domestic product, current prices (National currency).",3.022,3.022,2.881,2.986,2.949,2.762,2.883,2.834,3.258,3.715,4.222,5.380,4.394,5.056,2.930,3.412,5.569,6.504,4.275,4.336,4.257,4.178,4.922,4.521,4.895,5.148,5.630,6.240,7.492,8.723,9.796,11.241,8.421,7.648,8.526,9.014,7.733,8.943,9.882,11.031,11.847,12.475,12.531,13.439,11.797,13.959,14.632,15.441,16.334,17.290,17.835,2022.0,
676,MWI,PCPIPCH,Malawi,"Inflation, average consumer prices",Annual percentages of average consumer prices are year-on-year changes.,Percent change,Units,"See notes for:  Inflation, average consumer prices (Index).",19.190,12.000,9.524,13.768,19.745,10.638,14.183,25.053,33.838,12.453,11.857,8.227,23.236,22.775,34.659,83.148,37.733,9.137,29.779,44.759,29.597,22.700,14.745,9.577,11.424,15.466,13.918,7.942,8.716,8.416,7.409,7.621,21.296,28.279,23.775,21.860,21.727,11.541,9.215,9.378,8.639,9.343,20.839,28.799,32.162,24.213,11.510,8.191,5.515,5.395,5.423,2023.0,
676,MWI,LP,Malawi,Population,"For census purposes, the total population of the country consists of all persons falling within the scope of the census. In the broadest sense, the total may comprise either all usual residents of the country or all persons present in the country at the time of the census. [Principles and Recommendations for Population and Housing Censuses, Revision 1, paragraph 2.42]",Persons,Millions,Source: National Statistics Office Latest actual data: 2024 Primary domestic currency: Malawian kwacha Data last updated: 03/24/2025,6.564,6.748,6.923,7.116,7.368,7.700,8.133,8.647,9.185,9.667,10.039,10.275,10.400,10.461,10.533,10.666,10.876,11.148,11.458,11.774,12.070,12.343,12.813,13.098,13.385,13.654,14.043,14.439,14.846,15.274,15.714,16.166,16.632,17.111,17.604,18.111,18.632,19.169,19.721,20.289,20.873,21.474,22.093,22.729,23.384,24.057,24.750,25.463,26.196,26.950,27.727,2024.0,
548,MYS,NGDP_R,Malaysia,"Gross domestic product, constant prices","Expressed in billions of national currency units; the base year is country-specific. Expenditure-based GDP is total final expenditures at purchasers' prices (including the f.o.b. value of exports of goods and services), less the f.o.b. value of imports of goods and services. [SNA 1993]",National currency,Billions,"Source: National Statistics Office. From Department of Statistics Malaysia (DOS) downloaded via CEIC Latest actual data: 2024 Notes: GDP was rebased by the National Statistical Office, new base year is 2015. The official series starts in 2015. Data prior to that is spliced based on the old series. National accounts manual used: System of National Accounts (SNA) 2008 GDP valuation: Market prices Reporting in calendar year: Yes Start/end months of reporting year: January/December Base year: 2015. Data prior to 2015 are spliced by the country team. Chain-weighted: No Primary domestic currency: Malaysian ringgit Data last updated: 04/09/2025",163.494,174.844,185.231,196.808,212.085,210.227,212.650,224.109,246.381,268.702,292.905,320.870,349.383,383.957,419.324,460.542,506.606,543.727,503.715,534.598,580.951,583.958,615.440,651.066,695.226,729.820,770.576,819.115,858.696,845.697,909.361,957.498,"1,009.908","1,057.310","1,120.819","1,176.940","1,229.312","1,300.768","1,363.766","1,423.952","1,346.249","1,390.882","1,514.139","1,567.974","1,648.163","1,715.738","1,780.936","1,852.173","1,926.260","2,003.311","2,083.443",2024.0,
548,MYS,NGDPD,Malaysia,"Gross domestic product, current prices","Values are based upon GDP in national currency converted to U.S. dollars using market exchange rates (yearly average). Exchange rate projections are provided by country economists for the group of other emerging market and developing countries. Exchanges rates for advanced economies are established in the WEO assumptions for each WEO exercise. Expenditure-based GDP is total final expenditures at purchasers' prices (including the f.o.b. value of exports of goods and services), less the f.o.b. value of imports of goods and services. [SNA 1993]",U.S. dollars,Billions,"See notes for:  Gross domestic product, current prices (National currency).",26.757,27.321,29.278,32.745,37.087,34.090,30.303,34.529,37.845,41.678,47.245,53.519,64.427,72.857,81.156,96.606,109.846,109.116,78.639,86.203,102.149,101.054,109.833,120.025,135.869,150.345,170.410,202.732,241.946,211.847,258.640,302.184,318.909,327.869,342.868,301.355,301.256,319.109,358.783,365.178,337.456,373.785,407.605,399.705,419.617,444.984,475.129,503.927,534.617,565.411,599.678,2024.0,
548,MYS,PCPIPCH,Malaysia,"Inflation, average consumer prices",Annual percentages of average consumer prices are year-on-year changes.,Percent change,Units,"See notes for:  Inflation, average consumer prices (Index).",6.724,9.700,5.834,3.704,3.904,2.587,0.350,0.737,0.290,2.557,3.043,4.328,4.778,3.547,3.687,3.468,3.479,2.655,5.293,2.731,1.551,1.427,1.793,1.074,1.420,3.039,3.621,2.027,5.429,0.597,1.720,3.183,1.655,2.105,3.143,2.104,2.076,3.799,0.969,0.663,-1.139,2.477,3.379,2.489,1.834,2.431,2.223,2.019,2.020,2.021,2.022,2024.0,
548,MYS,LP,Malaysia,Population,"For census purposes, the total population of the country consists of all persons falling within the scope of the census. In the broadest sense, the total may comprise either all usual residents of the country or all persons present in the country at the time of the census. [Principles and Recommendations for Population and Housing Censuses, Revision 1, paragraph 2.42]",Persons,Millions,Source: National Statistics Office. From Department of Statistics Malaysia (DOS) downloaded via CEIC Latest actual data: 2024 Primary domestic currency: Malaysian ringgit Data last updated: 04/09/2025,13.885,14.229,14.592,14.955,15.328,15.823,16.257,16.681,17.094,17.508,18.267,18.547,19.068,19.602,20.142,20.682,21.223,21.769,22.334,22.910,23.495,24.123,24.727,25.320,25.905,26.477,26.832,27.100,27.600,28.082,28.589,29.062,29.510,30.214,30.709,31.186,31.634,32.023,32.382,32.523,32.447,32.576,32.652,33.059,33.460,33.852,34.234,34.606,34.968,35.319,35.659,2024.0,
556,MDV,NGDP_R,Maldives,"Gross domestic product, constant prices","Expressed in billions of national currency units; the base year is country-specific. Expenditure-based GDP is total final expenditures at purchasers' prices (including the f.o.b. value of exports of goods and services), less the f.o.b. value of imports of goods and services. [SNA 1993]",National currency,Billions,Source: Ministry of Finance or Treasury. National Bureau of Statistics Latest actual data: 2023 National accounts manual used: System of National Accounts (SNA) 2008 GDP valuation: Market prices. Production-based measure. Reporting in calendar year: Yes Start/end months of reporting year: January/December Base year: 2019 Chain-weighted: No Primary domestic currency: Maldivian rufiyaa Data last updated: 04/11/2025,6.769,7.303,7.848,8.194,9.618,10.946,11.887,12.941,14.069,15.377,14.754,15.772,16.792,17.701,19.030,20.434,22.290,24.609,27.018,28.972,30.345,30.785,32.662,37.284,39.533,35.096,43.381,46.471,50.644,46.513,49.692,53.952,55.228,59.073,63.682,66.211,70.562,75.540,82.088,88.079,59.093,81.258,92.493,96.864,101.837,106.389,111.004,115.534,120.157,124.945,129.962,2023.0,
556,MDV,NGDPD,Maldives,"Gross domestic product, current prices","Values are based upon GDP in national currency converted to U.S. dollars using market exchange rates (yearly average). Exchange rate projections are provided by country economists for the group of other emerging market and developing countries. Exchanges rates for advanced economies are established in the WEO assumptions for each WEO exercise. Expenditure-based GDP is total final expenditures at purchasers' prices (including the f.o.b. value of exports of goods and services), less the f.o.b. value of imports of goods and services. [SNA 1993]",U.S. dollars,Billions,"See notes for:  Gross domestic product, current prices (National currency).",0.063,0.073,0.087,0.094,0.113,0.134,0.158,0.149,0.178,0.201,0.231,0.262,0.306,0.346,0.382,0.466,0.527,0.652,0.693,0.756,0.801,0.767,0.828,1.052,1.227,1.163,1.575,1.868,2.272,2.345,2.588,2.629,2.885,3.286,3.690,4.118,4.398,4.809,5.398,5.716,3.706,5.242,6.168,6.581,7.019,7.480,8.119,8.620,9.144,9.698,10.289,2023.0,
556,MDV,PCPIPCH,Maldives,"Inflation, average consumer prices",Annual percentages of average consumer prices are year-on-year changes.,Percent change,Units,"See notes for:  Inflation, average consumer prices (Index).",27.877,11.100,-0.810,9.891,0.991,-9.158,9.100,11.700,6.484,7.164,15.542,12.500,16.857,20.126,3.386,5.488,6.244,7.579,-1.410,2.956,-1.178,0.673,0.927,-2.803,6.339,2.460,3.500,6.795,12.041,4.530,6.150,11.273,10.891,3.997,2.448,1.371,0.801,2.272,1.367,1.326,-1.594,0.213,2.601,2.605,1.445,2.008,4.036,2.000,2.000,2.000,2.000,2023.0,
556,MDV,LP,Maldives,Population,"For census purposes, the total population of the country consists of all persons falling within the scope of the census. In the broadest sense, the total may comprise either all usual residents of the country or all persons present in the country at the time of the census. [Principles and Recommendations for Population and Housing Censuses, Revision 1, paragraph 2.42]",Persons,Millions,Source: Department of National Planning. Latest actual data: 2014 Primary domestic currency: Maldivian rufiyaa Data last updated: 04/11/2025,0.152,0.158,0.163,0.169,0.175,0.182,0.189,0.193,0.198,0.204,0.212,0.222,0.228,0.234,0.240,0.245,0.250,0.255,0.261,0.266,0.270,0.276,0.281,0.285,0.289,0.294,0.299,0.305,0.310,0.315,0.320,0.325,0.331,0.336,0.342,0.348,0.354,0.360,0.366,0.372,0.378,0.384,0.391,0.397,0.404,0.411,0.418,0.425,0.432,0.439,0.446,2014.0,
678,MLI,NGDP_R,Mali,"Gross domestic product, constant prices","Expressed in billions of national currency units; the base year is country-specific. Expenditure-based GDP is total final expenditures at purchasers' prices (including the f.o.b. value of exports of goods and services), less the f.o.b. value of imports of goods and services. [SNA 1993]",National currency,Billions,Source: National Statistics Office Latest actual data: 2023 Notes: National accounts have new methodology starting in 1990. National accounts manual used: System of National Accounts (SNA) 1993 GDP valuation: Market prices Reporting in calendar year: Yes Start/end months of reporting year: January/December Base year: 1999 Chain-weighted: No Primary domestic currency: CFA franc Data last updated: 03/04/2025,"1,209.880","1,154.922","1,021.445","1,054.423","1,079.930","1,114.948","1,183.002","1,212.328","1,212.981","1,342.672","1,467.680","1,580.399","1,555.711","1,611.113","1,672.365","1,722.492","1,847.901","1,936.537","1,993.192","2,117.674","2,116.386","2,441.807","2,517.657","2,747.243","2,790.100","2,972.426","3,111.006","3,219.693","3,373.381","3,531.224","3,722.385","3,843.000","3,810.865","3,898.327","4,174.512","4,432.154","4,691.537","4,940.444","5,174.942","5,421.070","5,354.096","5,517.536","5,709.267","5,975.135","6,238.041","6,543.705","6,877.434","7,228.183","7,596.820","7,984.258","8,391.455",2023.0,
678,MLI,NGDPD,Mali,"Gross domestic product, current prices","Values are based upon GDP in national currency converted to U.S. dollars using market exchange rates (yearly average). Exchange rate projections are provided by country economists for the group of other emerging market and developing countries. Exchanges rates for advanced economies are established in the WEO assumptions for each WEO exercise. Expenditure-based GDP is total final expenditures at purchasers' prices (including the f.o.b. value of exports of goods and services), less the f.o.b. value of imports of goods and services. [SNA 1993]",U.S. dollars,Billions,"See notes for:  Gross domestic product, current prices (National currency).",2.031,1.660,1.468,1.418,1.416,1.426,1.981,2.308,2.316,2.827,3.223,3.284,3.372,3.362,2.575,3.337,3.416,3.208,3.328,3.444,2.963,3.468,3.905,4.713,5.452,6.251,6.906,8.157,9.871,10.249,10.698,12.993,12.450,13.243,14.369,13.106,14.022,15.360,17.079,17.281,17.491,19.320,19.319,21.184,22.724,23.208,24.821,26.587,28.486,30.541,32.752,2023.0,
678,MLI,PCPIPCH,Mali,"Inflation, average consumer prices",Annual percentages of average consumer prices are year-on-year changes.,Percent change,Units,"See notes for:  Inflation, average consumer prices (Index).",20.250,12.717,3.852,10.500,10.714,9.078,-1.387,-14.936,8.948,-0.158,1.608,1.508,-5.907,-0.568,24.289,11.643,6.452,-0.673,4.068,-1.163,-0.777,5.184,5.030,-1.299,-3.123,6.390,1.552,1.414,9.177,2.376,1.196,2.956,5.301,-0.580,0.892,1.433,-1.802,2.388,1.912,-3.030,0.481,3.808,9.734,2.059,3.221,3.000,2.000,2.000,2.000,2.000,2.000,2023.0,
678,MLI,LP,Mali,Population,"For census purposes, the total population of the country consists of all persons falling within the scope of the census. In the broadest sense, the total may comprise either all usual residents of the country or all persons present in the country at the time of the census. [Principles and Recommendations for Population and Housing Censuses, Revision 1, paragraph 2.42]",Persons,Millions,Source: National Statistics Office Latest actual data: 2023 Notes: Population data from World Development Indicators. Primary domestic currency: CFA franc Data last updated: 03/04/2025,7.373,7.533,7.696,7.864,8.030,8.188,8.335,8.474,8.617,8.774,8.945,9.124,9.311,9.507,9.712,9.921,10.132,10.359,10.620,10.917,11.239,11.584,11.953,12.342,12.752,13.181,13.624,14.081,14.551,15.033,15.529,16.040,16.515,17.004,17.552,18.113,18.700,19.311,19.934,20.567,21.224,21.905,22.594,23.294,24.031,24.790,25.573,26.377,27.206,28.064,28.949,2023.0,
181,MLT,NGDP_R,Malta,"Gross domestic product, constant prices","Expressed in billions of national currency units; the base year is country-specific. Expenditure-based GDP is total final expenditures at purchasers' prices (including the f.o.b. value of exports of goods and services), less the f.o.b. value of imports of goods and services. [SNA 1993]",National currency,Billions,"Source: National Statistics Office. Eurostat Latest actual data: 2024 National accounts manual used: European System of Accounts (ESA) 2010 GDP valuation: Market prices Reporting in calendar year: Yes Start/end months of reporting year: January/December Base year: 2020 Chain-weighted: Yes, from 2000 Primary domestic currency: Euro Data last updated: 04/07/2025",,,,,,,,,,,,,,,,,,,,,6.696,6.646,6.828,7.080,7.109,7.314,7.484,7.862,8.208,8.094,8.595,8.681,9.037,9.605,10.338,11.333,11.795,13.325,14.283,14.866,14.367,16.278,16.973,18.126,19.208,19.957,20.736,21.565,22.428,23.325,24.258,2024.0,
181,MLT,NGDPD,Malta,"Gross domestic product, current prices","Values are based upon GDP in national currency converted to U.S. dollars using market exchange rates (yearly average). Exchange rate projections are provided by country economists for the group of other emerging market and developing countries. Exchanges rates for advanced economies are established in the WEO assumptions for each WEO exercise. Expenditure-based GDP is total final expenditures at purchasers' prices (including the f.o.b. value of exports of goods and services), less the f.o.b. value of imports of goods and services. [SNA 1993]",U.S. dollars,Billions,"See notes for:  Gross domestic product, current prices (National currency).",,,,,,,,,,,,,,,,3.353,3.419,3.461,3.667,3.827,4.042,4.072,4.462,5.425,6.109,6.392,6.783,7.972,9.171,8.760,9.104,9.788,9.616,10.797,11.891,11.342,12.022,14.156,16.161,16.340,16.397,19.737,19.254,22.217,24.315,25.750,27.488,29.135,30.894,32.773,34.791,2024.0,
181,MLT,PCPIPCH,Malta,"Inflation, average consumer prices",Annual percentages of average consumer prices are year-on-year changes.,Percent change,Units,"See notes for:  Inflation, average consumer prices (Index).",2.692,11.610,5.817,-0.925,-0.443,-0.236,2.031,0.416,0.946,0.866,2.975,2.552,1.845,4.031,4.128,3.973,1.964,3.924,3.686,2.294,3.037,2.514,2.614,1.931,2.726,2.522,2.576,0.697,4.684,1.840,2.041,2.513,3.227,0.979,0.771,1.176,0.900,1.261,1.741,1.523,0.787,0.706,6.130,5.564,2.441,2.084,1.907,2.050,2.050,2.016,1.963,2024.0,
181,MLT,LP,Malta,Population,"For census purposes, the total population of the country consists of all persons falling within the scope of the census. In the broadest sense, the total may comprise either all usual residents of the country or all persons present in the country at the time of the census. [Principles and Recommendations for Population and Housing Censuses, Revision 1, paragraph 2.42]",Persons,Millions,Source: Eurostat Latest actual data: 2024 Primary domestic currency: Euro Data last updated: 04/07/2025,0.315,0.318,0.320,0.332,0.329,0.332,0.341,0.343,0.346,0.349,0.352,0.362,0.366,0.369,0.373,0.376,0.378,0.381,0.384,0.386,0.389,0.391,0.395,0.397,0.400,0.403,0.405,0.406,0.408,0.411,0.414,0.415,0.418,0.421,0.428,0.439,0.450,0.459,0.475,0.493,0.515,0.516,0.520,0.542,0.553,0.563,0.573,0.584,0.594,0.604,0.614,2024.0,
867,MHL,NGDP_R,Marshall Islands,"Gross domestic product, constant prices","Expressed in billions of national currency units; the base year is country-specific. Expenditure-based GDP is total final expenditures at purchasers' prices (including the f.o.b. value of exports of goods and services), less the f.o.b. value of imports of goods and services. [SNA 1993]",National currency,Billions,Source: National Statistics Office Latest actual data: 2023 National accounts manual used: System of National Accounts (SNA) 2008 GDP valuation: Market prices Reporting in calendar year: No. Fiscal year data are mapped to calendar year as follows: FY(t-1/t) = CY(t) Start/end months of reporting year: October/September. Fiscal year starts on October 1 and ends September 30. Base year: FY2014/15 Chain-weighted: No Primary domestic currency: US dollar Data last updated: 04/11/2025,,,,,,,,,,,,,,,,,,0.154,0.153,0.151,0.155,0.166,0.171,0.169,0.168,0.171,0.171,0.177,0.164,0.170,0.179,0.178,0.176,0.183,0.180,0.184,0.188,0.195,0.206,0.227,0.221,0.224,0.221,0.212,0.218,0.224,0.233,0.238,0.243,0.247,0.251,2023.0,
867,MHL,NGDPD,Marshall Islands,"Gross domestic product, current prices","Values are based upon GDP in national currency converted to U.S. dollars using market exchange rates (yearly average). Exchange rate projections are provided by country economists for the group of other emerging market and developing countries. Exchanges rates for advanced economies are established in the WEO assumptions for each WEO exercise. Expenditure-based GDP is total final expenditures at purchasers' prices (including the f.o.b. value of exports of goods and services), less the f.o.b. value of imports of goods and services. [SNA 1993]",U.S. dollars,Billions,"See notes for:  Gross domestic product, current prices (National currency).",,,,,,,,,,,,,,,,,,0.110,0.112,0.113,0.115,0.123,0.132,0.131,0.133,0.138,0.143,0.150,0.147,0.151,0.161,0.172,0.181,0.186,0.186,0.184,0.202,0.214,0.220,0.233,0.242,0.259,0.253,0.259,0.280,0.297,0.317,0.338,0.354,0.369,0.384,2023.0,
867,MHL,PCPIPCH,Marshall Islands,"Inflation, average consumer prices",Annual percentages of average consumer prices are year-on-year changes.,Percent change,Units,"See notes for:  Inflation, average consumer prices (Index).",,,,,,,,,,,,,,,,,,,,,,,,,2.014,3.489,5.260,2.627,14.669,0.480,1.770,5.352,4.340,1.851,1.098,-2.237,-1.507,0.050,0.802,-0.110,-0.658,2.247,2.775,7.441,5.363,3.264,2.918,4.084,2.907,2.422,2.422,2023.0,
867,MHL,LP,Marshall Islands,Population,"For census purposes, the total population of the country consists of all persons falling within the scope of the census. In the broadest sense, the total may comprise either all usual residents of the country or all persons present in the country at the time of the census. [Principles and Recommendations for Population and Housing Censuses, Revision 1, paragraph 2.42]",Persons,Millions,Source: National Statistics Office Latest actual data: 2023 Primary domestic currency: US dollar Data last updated: 04/11/2025,,,,,,,,,,,,,,,,,,0.049,0.050,0.051,0.051,0.051,0.050,0.050,0.050,0.051,0.051,0.052,0.052,0.052,0.053,0.053,0.053,0.052,0.051,0.050,0.049,0.047,0.045,0.044,0.044,0.042,0.041,0.040,0.038,0.036,0.035,0.034,0.034,0.033,0.033,2023.0,
682,MRT,NGDP_R,Mauritania,"Gross domestic product, constant prices","Expressed in billions of national currency units; the base year is country-specific. Expenditure-based GDP is total final expenditures at purchasers' prices (including the f.o.b. value of exports of goods and services), less the f.o.b. value of imports of goods and services. [SNA 1993]",National currency,Billions,"Source: National Statistics Office Latest actual data: 2023 National accounts manual used: System of National Accounts (SNA) 2008 GDP valuation: Market prices Reporting in calendar year: Yes Start/end months of reporting year: January/December Base year: 1998 Chain-weighted: Yes, from 2014 Primary domestic currency: New Mauritanian ouguiya Data last updated: 04/11/2025",,,,,,,,,,,31.998,31.998,32.565,34.478,33.423,36.705,38.840,37.270,38.305,39.712,38.156,37.851,38.374,41.032,42.974,46.656,55.209,54.122,53.943,53.995,55.410,57.722,60.303,62.806,65.491,69.012,69.882,74.264,77.808,80.256,79.912,80.501,85.971,91.566,95.747,100.003,103.718,109.035,116.080,121.445,122.601,2023.0,
682,MRT,NGDPD,Mauritania,"Gross domestic product, current prices","Values are based upon GDP in national currency converted to U.S. dollars using market exchange rates (yearly average). Exchange rate projections are provided by country economists for the group of other emerging market and developing countries. Exchanges rates for advanced economies are established in the WEO assumptions for each WEO exercise. Expenditure-based GDP is total final expenditures at purchasers' prices (including the f.o.b. value of exports of goods and services), less the f.o.b. value of imports of goods and services. [SNA 1993]",U.S. dollars,Billions,"See notes for:  Gross domestic product, current prices (National currency).",,,,,,,,,,,1.793,2.055,2.164,1.847,1.945,2.092,2.132,2.072,2.027,1.986,1.780,1.746,1.777,2.051,2.362,2.936,4.009,4.328,5.138,4.725,5.637,6.782,6.721,7.331,6.615,6.182,6.414,6.826,7.472,7.894,8.464,9.126,9.564,10.649,10.697,11.470,11.938,12.510,13.567,14.112,14.250,2023.0,
682,MRT,PCPIPCH,Mauritania,"Inflation, average consumer prices",Annual percentages of average consumer prices are year-on-year changes.,Percent change,Units,"See notes for:  Inflation, average consumer prices (Index).",,,,,,,,,,,,5.629,10.142,9.370,4.128,6.544,4.681,4.625,8.032,4.074,3.254,4.715,3.896,5.152,10.368,12.126,6.241,7.254,7.450,2.137,6.262,5.686,4.902,4.131,3.772,0.486,1.472,2.269,3.053,2.306,2.382,3.558,9.553,4.949,2.285,3.500,4.000,4.000,4.000,4.000,4.000,2023.0,
682,MRT,LP,Mauritania,Population,"For census purposes, the total population of the country consists of all persons falling within the scope of the census. In the broadest sense, the total may comprise either all usual residents of the country or all persons present in the country at the time of the census. [Principles and Recommendations for Population and Housing Censuses, Revision 1, paragraph 2.42]",Persons,Millions,Source: National Statistics Office Latest actual data: 2014 Primary domestic currency: New Mauritanian ouguiya Data last updated: 04/11/2025,,,,,,,,,,,1.996,2.050,2.108,2.167,2.228,2.292,2.358,2.425,2.495,2.568,2.643,2.720,2.800,2.882,2.965,3.047,2.953,3.036,3.119,3.202,3.285,3.369,3.454,3.537,3.621,3.706,3.794,3.881,3.970,4.058,4.147,4.240,4.334,4.430,4.529,4.629,4.732,4.837,4.944,5.054,5.166,2014.0,
684,MUS,NGDP_R,Mauritius,"Gross domestic product, constant prices","Expressed in billions of national currency units; the base year is country-specific. Expenditure-based GDP is total final expenditures at purchasers' prices (including the f.o.b. value of exports of goods and services), less the f.o.b. value of imports of goods and services. [SNA 1993]",National currency,Billions,"Source: National Statistics Office Latest actual data: 2023 Notes: Figures for exports and imports of services are not equal to those compiled by the BOM, due to the difference in sectoral coverage and the treatment of FISIM by CSO and BOM. National accounts manual used: System of National Accounts (SNA) 2008 GDP valuation: Market prices Reporting in calendar year: Yes Start/end months of reporting year: January/December Base year: 2018. In July 2022, the authorities changed the benchmark year of the national accounts from 2013 to 2018. The revision also brought some improvements in the estimation process and coverage. This resulted in a historical revision of national accounts Chain-weighted: Yes, from 1999 Primary domestic currency: Mauritian rupee Data last updated: 04/13/2025",83.065,87.951,92.786,93.142,97.589,104.300,114.461,126.094,134.657,140.670,150.779,157.467,167.723,176.246,183.536,191.406,202.101,213.596,226.565,232.480,251.526,259.610,263.834,279.622,291.644,295.880,309.235,326.945,344.558,355.980,371.562,386.713,400.233,413.682,429.514,445.365,462.567,480.783,500.047,514.505,439.662,454.627,494.180,518.856,543.242,559.539,576.325,593.615,611.423,629.766,648.659,2023.0,
684,MUS,NGDPD,Mauritius,"Gross domestic product, current prices","Values are based upon GDP in national currency converted to U.S. dollars using market exchange rates (yearly average). Exchange rate projections are provided by country economists for the group of other emerging market and developing countries. Exchanges rates for advanced economies are established in the WEO assumptions for each WEO exercise. Expenditure-based GDP is total final expenditures at purchasers' prices (including the f.o.b. value of exports of goods and services), less the f.o.b. value of imports of goods and services. [SNA 1993]",U.S. dollars,Billions,"See notes for:  Gross domestic product, current prices (National currency).",1.242,1.179,1.131,1.198,1.108,1.122,1.515,1.919,2.225,2.286,2.743,3.017,3.398,3.502,3.887,4.439,4.590,4.310,4.354,4.597,4.935,4.882,5.123,6.155,6.962,6.867,7.123,8.260,10.125,9.252,10.138,11.673,11.826,12.293,13.074,12.007,12.594,13.714,14.736,14.436,11.408,11.484,12.908,14.101,14.953,15.495,16.638,17.653,18.717,19.821,20.968,2023.0,
684,MUS,PCPIPCH,Mauritius,"Inflation, average consumer prices",Annual percentages of average consumer prices are year-on-year changes.,Percent change,Units,"See notes for:  Inflation, average consumer prices (Index).",33.040,26.450,13.384,7.452,5.525,8.321,4.336,0.719,3.600,13.610,10.705,12.817,2.857,15.288,7.335,6.026,6.553,6.831,6.808,6.882,4.217,5.391,6.414,2.686,4.710,4.937,8.914,8.825,9.723,2.524,2.924,6.532,3.860,3.535,3.224,1.275,0.999,3.675,3.231,0.454,2.520,4.039,10.785,7.045,3.599,3.600,3.600,3.500,3.500,3.500,3.500,2024.0,
684,MUS,LP,Mauritius,Population,"For census purposes, the total population of the country consists of all persons falling within the scope of the census. In the broadest sense, the total may comprise either all usual residents of the country or all persons present in the country at the time of the census. [Principles and Recommendations for Population and Housing Censuses, Revision 1, paragraph 2.42]",Persons,Millions,Source: National Statistics Office Latest actual data: 2022 Primary domestic currency: Mauritian rupee Data last updated: 04/13/2025,0.966,0.980,0.993,1.002,1.012,1.021,1.028,1.036,1.043,1.051,1.059,1.070,1.084,1.097,1.113,1.122,1.134,1.148,1.160,1.175,1.187,1.196,1.205,1.213,1.221,1.228,1.234,1.240,1.244,1.247,1.250,1.252,1.256,1.259,1.261,1.263,1.264,1.265,1.266,1.265,1.266,1.264,1.261,1.260,1.258,1.256,1.254,1.251,1.249,1.245,1.241,2022.0,
273,MEX,NGDP_R,Mexico,"Gross domestic product, constant prices","Expressed in billions of national currency units; the base year is country-specific. Expenditure-based GDP is total final expenditures at purchasers' prices (including the f.o.b. value of exports of goods and services), less the f.o.b. value of imports of goods and services. [SNA 1993]",National currency,Billions,Source: National Statistics Office Latest actual data: 2024 National accounts manual used: System of National Accounts (SNA) 2008 GDP valuation: Market prices Reporting in calendar year: Yes Start/end months of reporting year: January/December Base year: 2018 Chain-weighted: No Primary domestic currency: Mexican peso Data last updated: 04/08/2025,"10,516.029","11,524.079","11,518.365","10,985.741","11,371.715","11,589.963","11,134.482","11,364.227","11,502.673","11,919.696","12,545.486","13,044.282","13,509.782","13,897.108","14,507.764","13,650.312","14,499.129","15,542.903","16,504.244","16,958.941","17,811.854","17,731.551","17,689.600","17,899.318","18,537.508","18,929.251","19,838.804","20,251.027","20,442.062","19,155.183","20,107.451","20,799.961","21,539.027","21,722.561","22,266.443","22,868.154","23,273.491","23,709.107","24,176.670","24,081.731","22,069.935","23,404.831","24,273.382","25,073.285","25,437.866","25,371.628","25,719.179","26,270.443","26,849.137","27,433.051","28,010.145",2024.0,
273,MEX,NGDPD,Mexico,"Gross domestic product, current prices","Values are based upon GDP in national currency converted to U.S. dollars using market exchange rates (yearly average). Exchange rate projections are provided by country economists for the group of other emerging market and developing countries. Exchanges rates for advanced economies are established in the WEO assumptions for each WEO exercise. Expenditure-based GDP is total final expenditures at purchasers' prices (including the f.o.b. value of exports of goods and services), less the f.o.b. value of imports of goods and services. [SNA 1993]",U.S. dollars,Billions,"See notes for:  Gross domestic product, current prices (National currency).",242.153,311.012,225.706,184.010,217.001,230.272,159.434,174.840,213.893,260.663,307.613,368.772,427.661,530.226,553.618,380.182,432.158,523.450,557.485,631.240,742.061,796.055,810.666,765.550,819.459,917.572,"1,020.265","1,102.356","1,161.553",943.437,"1,105.424","1,229.014","1,255.110","1,327.436","1,364.508","1,213.294","1,112.233","1,190.721","1,256.300","1,304.106","1,121.065","1,316.569","1,466.465","1,793.799","1,852.723","1,692.640","1,775.296","1,863.832","1,959.010","2,053.884","2,151.879",2024.0,
273,MEX,PCPIPCH,Mexico,"Inflation, average consumer prices",Annual percentages of average consumer prices are year-on-year changes.,Percent change,Units,"See notes for:  Inflation, average consumer prices (Index).",26.471,28.034,59.115,101.805,65.439,57.789,86.449,131.959,113.503,19.919,26.650,22.609,15.517,9.763,6.986,35.061,34.350,20.597,15.917,16.566,9.486,6.366,5.037,4.550,4.694,3.990,3.633,3.969,5.130,5.296,4.155,3.404,4.111,3.804,4.019,2.719,2.820,6.042,4.898,3.635,3.398,5.693,7.897,5.526,4.723,3.538,3.174,3.012,3.000,3.000,3.000,2024.0,
273,MEX,LP,Mexico,Population,"For census purposes, the total population of the country consists of all persons falling within the scope of the census. In the broadest sense, the total may comprise either all usual residents of the country or all persons present in the country at the time of the census. [Principles and Recommendations for Population and Housing Censuses, Revision 1, paragraph 2.42]",Persons,Millions,Source: National Population Statistics Office (CONAPO) Latest actual data: 2020 Primary domestic currency: Mexican peso Data last updated: 04/08/2025,68.072,69.715,71.370,73.035,74.707,76.375,78.029,79.665,81.282,82.890,84.503,86.127,87.753,89.365,90.954,92.507,94.006,95.438,96.799,98.085,99.369,100.739,102.167,103.588,104.971,106.371,107.886,109.539,111.276,113.030,114.756,116.446,118.061,119.598,121.049,122.368,123.587,124.777,125.996,127.216,128.209,128.983,129.961,131.135,132.274,133.367,134.407,135.392,136.322,137.201,138.034,2020.0,
868,FSM,NGDP_R,Micronesia,"Gross domestic product, constant prices","Expressed in billions of national currency units; the base year is country-specific. Expenditure-based GDP is total final expenditures at purchasers' prices (including the f.o.b. value of exports of goods and services), less the f.o.b. value of imports of goods and services. [SNA 1993]",National currency,Billions,Source: National Statistics Office Latest actual data: FY2021/22 National accounts manual used: System of National Accounts (SNA) 2008 GDP valuation: Market prices Reporting in calendar year: No. Fiscal year data are mapped to calendar year as follows: FY(t-1/t) = CY(t) Start/end months of reporting year: October/September Base year: FY2003/04 Chain-weighted: No Primary domestic currency: US dollar Data last updated: 02/24/2025,,,,,,,,,,,,,,,,0.239,0.231,0.216,0.223,0.225,0.235,0.240,0.241,0.244,0.236,0.242,0.241,0.237,0.231,0.234,0.238,0.247,0.243,0.234,0.228,0.238,0.241,0.246,0.247,0.256,0.251,0.259,0.251,0.252,0.254,0.257,0.261,0.263,0.264,0.266,0.268,2022.0,
868,FSM,NGDPD,Micronesia,"Gross domestic product, current prices","Values are based upon GDP in national currency converted to U.S. dollars using market exchange rates (yearly average). Exchange rate projections are provided by country economists for the group of other emerging market and developing countries. Exchanges rates for advanced economies are established in the WEO assumptions for each WEO exercise. Expenditure-based GDP is total final expenditures at purchasers' prices (including the f.o.b. value of exports of goods and services), less the f.o.b. value of imports of goods and services. [SNA 1993]",U.S. dollars,Billions,"See notes for:  Gross domestic product, current prices (National currency).",,,,,,,,,,,,,,,,0.222,0.221,0.207,0.219,0.220,0.233,0.240,0.240,0.243,0.236,0.247,0.250,0.253,0.261,0.277,0.292,0.308,0.324,0.314,0.316,0.312,0.327,0.361,0.394,0.395,0.373,0.392,0.416,0.444,0.471,0.500,0.523,0.539,0.554,0.570,0.587,2022.0,
868,FSM,PCPIPCH,Micronesia,"Inflation, average consumer prices",Annual percentages of average consumer prices are year-on-year changes.,Percent change,Units,"See notes for:  Inflation, average consumer prices (Index).",,,,,,,,,,,,,,,,,2.796,2.667,1.633,1.919,1.839,1.317,-0.159,-0.245,1.745,4.087,4.396,3.639,6.572,8.154,3.618,3.851,6.302,2.138,0.724,0.034,-0.916,0.098,1.040,2.209,0.964,1.772,5.020,6.210,5.439,4.967,2.954,2.288,2.193,2.216,2.216,2024.0,
868,FSM,LP,Micronesia,Population,"For census purposes, the total population of the country consists of all persons falling within the scope of the census. In the broadest sense, the total may comprise either all usual residents of the country or all persons present in the country at the time of the census. [Principles and Recommendations for Population and Housing Censuses, Revision 1, paragraph 2.42]",Persons,Millions,Source: National Statistics Office Latest actual data: FY2020/21 Primary domestic currency: US dollar Data last updated: 02/24/2025,,,,,,,,,,,,,,,,0.106,0.106,0.106,0.107,0.107,0.107,0.107,0.106,0.106,0.106,0.106,0.105,0.104,0.104,0.103,0.103,0.104,0.104,0.104,0.103,0.103,0.102,0.101,0.100,0.098,0.097,0.096,0.095,0.095,0.095,0.095,0.095,0.095,0.095,0.095,0.095,2021.0,
921,MDA,NGDP_R,Moldova,"Gross domestic product, constant prices","Expressed in billions of national currency units; the base year is country-specific. Expenditure-based GDP is total final expenditures at purchasers' prices (including the f.o.b. value of exports of goods and services), less the f.o.b. value of imports of goods and services. [SNA 1993]",National currency,Billions,Source: National Statistics Office Latest actual data: 2023 Notes: National accounts data from 2010 onwards sourced from the latest update by the National Bureau of Statistics. National accounts data prior to 2010 have been backspliced by IMF staff. National accounts manual used: System of National Accounts (SNA) 2008 GDP valuation: Market prices Reporting in calendar year: Yes Start/end months of reporting year: January/December Base year: 1995. The National Statistics Office is using 2010 as a base year while this submission is based on 1995. Chain-weighted: No Primary domestic currency: Moldovan leu Data last updated: 04/09/2025,,,,,,,,,,,,,9.629,9.513,6.574,6.480,6.097,6.195,5.792,5.595,5.713,6.061,6.534,6.965,7.481,8.042,8.428,8.681,9.358,8.796,9.421,9.969,9.910,10.807,11.347,11.267,11.786,12.281,12.784,13.244,12.145,13.833,13.197,13.355,13.422,13.503,13.847,14.542,15.274,16.042,16.848,2023.0,
921,MDA,NGDPD,Moldova,"Gross domestic product, current prices","Values are based upon GDP in national currency converted to U.S. dollars using market exchange rates (yearly average). Exchange rate projections are provided by country economists for the group of other emerging market and developing countries. Exchanges rates for advanced economies are established in the WEO assumptions for each WEO exercise. Expenditure-based GDP is total final expenditures at purchasers' prices (including the f.o.b. value of exports of goods and services), less the f.o.b. value of imports of goods and services. [SNA 1993]",U.S. dollars,Billions,"See notes for:  Gross domestic product, current prices (National currency).",,,,,,,,,,,,,0.864,1.110,1.158,1.441,1.694,1.928,1.697,1.172,1.315,1.481,1.662,1.981,2.598,2.988,3.408,4.401,6.055,5.438,6.977,8.417,8.708,9.496,9.402,7.778,7.981,9.515,11.252,11.737,11.530,13.694,14.493,16.751,18.126,19.462,20.611,22.368,24.299,26.393,28.736,2023.0,
921,MDA,PCPIPCH,Moldova,"Inflation, average consumer prices",Annual percentages of average consumer prices are year-on-year changes.,Percent change,Units,"See notes for:  Inflation, average consumer prices (Index).",,,,,,,,,,,,,,788.503,329.636,30.216,23.506,11.773,7.696,39.262,31.206,9.641,5.219,11.667,12.426,11.851,12.707,12.382,12.704,0.006,7.358,7.650,4.558,4.569,5.058,9.628,6.358,6.506,3.590,4.846,3.771,5.099,28.722,13.447,4.683,7.960,5.871,5.000,5.000,5.000,5.000,2024.0,
921,MDA,LP,Moldova,Population,"For census purposes, the total population of the country consists of all persons falling within the scope of the census. In the broadest sense, the total may comprise either all usual residents of the country or all persons present in the country at the time of the census. [Principles and Recommendations for Population and Housing Censuses, Revision 1, paragraph 2.42]",Persons,Millions,Source: National Statistics Office Latest actual data: 2024 Primary domestic currency: Moldovan leu Data last updated: 04/09/2025,,,,,,,,,,,,,2.977,2.969,2.973,2.970,2.960,2.950,2.946,2.941,2.934,2.928,2.920,2.911,2.906,2.897,2.890,2.883,2.879,2.876,2.873,2.873,2.873,2.871,2.869,2.845,2.824,2.780,2.730,2.685,2.644,2.627,2.565,2.492,2.423,2.356,2.291,2.228,2.166,2.106,2.048,2024.0,
948,MNG,NGDP_R,Mongolia,"Gross domestic product, constant prices","Expressed in billions of national currency units; the base year is country-specific. Expenditure-based GDP is total final expenditures at purchasers' prices (including the f.o.b. value of exports of goods and services), less the f.o.b. value of imports of goods and services. [SNA 1993]",National currency,Billions,Source: National Statistics Office. Discrepancies rise from staff estimates based on the balance of payment data and the authorities' data on net exports at constant price. Latest actual data: 2024 Notes: Data prior to 1991 cannot be confirmed by national sources. Data after 2000 has been rebased National accounts manual used: System of National Accounts (SNA) 2008 GDP valuation: Market prices Reporting in calendar year: Yes Start/end months of reporting year: January/December Base year: 2015 Chain-weighted: No Primary domestic currency: Mongolian tögrög   Data last updated: 04/09/2025,"4,594.864","4,979.738","5,394.602","5,707.069","6,044.577","6,387.860","6,990.000","7,237.582","7,610.018","7,928.340","7,731.271","7,020.097","6,370.284","6,168.423","6,300.081","6,701.801","6,851.592","7,118.579","7,356.335","7,582.202","7,669.099","8,024.838","8,447.499","9,069.015","9,923.769","10,569.536","11,432.318","12,433.418","13,405.578","13,128.151","14,088.218","16,524.181","18,559.930","20,721.961","22,355.934","22,894.781","23,235.864","24,545.641","26,446.671","27,928.279","26,655.377","27,091.664","28,455.109","30,567.079","32,053.862","33,990.741","35,995.994","37,962.097","40,042.117","42,041.903","44,144.168",2024.0,
948,MNG,NGDPD,Mongolia,"Gross domestic product, current prices","Values are based upon GDP in national currency converted to U.S. dollars using market exchange rates (yearly average). Exchange rate projections are provided by country economists for the group of other emerging market and developing countries. Exchanges rates for advanced economies are established in the WEO assumptions for each WEO exercise. Expenditure-based GDP is total final expenditures at purchasers' prices (including the f.o.b. value of exports of goods and services), less the f.o.b. value of imports of goods and services. [SNA 1993]",U.S. dollars,Billions,"See notes for:  Gross domestic product, current prices (National currency).",2.728,2.854,2.963,3.071,2.837,3.294,3.636,4.086,4.104,4.275,2.678,2.821,1.566,0.771,0.926,1.452,1.348,1.181,1.125,1.057,1.137,1.268,1.397,1.595,1.992,2.523,3.414,4.235,5.623,4.584,7.185,10.410,12.278,12.582,12.227,11.620,11.154,11.481,13.207,14.206,13.313,15.286,17.146,20.315,23.586,25.804,27.981,29.965,32.326,34.573,36.657,2024.0,
948,MNG,PCPIPCH,Mongolia,"Inflation, average consumer prices",Annual percentages of average consumer prices are year-on-year changes.,Percent change,Units,"See notes for:  Inflation, average consumer prices (Index).",,,,,,,,,,,,120.200,202.875,268.414,193.414,0.218,46.831,30.032,9.590,7.487,11.363,6.255,1.067,5.060,8.247,12.708,4.345,9.643,27.974,7.594,8.231,8.792,13.886,10.568,12.949,6.783,0.771,4.278,6.808,7.320,3.735,7.359,15.153,10.348,6.799,9.519,9.100,7.850,7.150,6.650,6.500,2024.0,
948,MNG,LP,Mongolia,Population,"For census purposes, the total population of the country consists of all persons falling within the scope of the census. In the broadest sense, the total may comprise either all usual residents of the country or all persons present in the country at the time of the census. [Principles and Recommendations for Population and Housing Censuses, Revision 1, paragraph 2.42]",Persons,Millions,Source: National Statistics Office Latest actual data: 2024 Primary domestic currency: Mongolian tögrög   Data last updated: 04/09/2025,,,,,,,,,,,2.078,2.129,2.169,2.189,2.210,2.243,2.276,2.307,2.340,2.373,2.403,2.432,2.466,2.495,2.522,2.551,2.583,2.620,2.666,2.716,2.761,2.812,2.868,2.930,2.996,3.058,3.120,3.178,3.238,3.297,3.358,3.410,3.458,3.505,3.545,3.584,3.623,3.662,3.703,3.743,3.784,2024.0,
943,MNE,NGDP_R,Montenegro,"Gross domestic product, constant prices","Expressed in billions of national currency units; the base year is country-specific. Expenditure-based GDP is total final expenditures at purchasers' prices (including the f.o.b. value of exports of goods and services), less the f.o.b. value of imports of goods and services. [SNA 1993]",National currency,Billions,Source: National Statistics Office. MONSTAT Latest actual data: 2023 National accounts manual used: European System of Accounts (ESA) 2010 GDP valuation: Market prices Reporting in calendar year: Yes Start/end months of reporting year: January/December Base year: 2006 Chain-weighted: No Primary domestic currency: Euro Data last updated: 04/09/2025,,,,,,,,,,,,,,,,,,,,,1.739,1.758,1.792,1.836,1.917,1.998,2.170,2.317,2.484,2.340,2.403,2.480,2.412,2.498,2.543,2.629,2.706,2.834,2.978,3.099,2.625,2.967,3.157,3.357,3.459,3.570,3.684,3.795,3.908,4.026,4.146,2023.0,
943,MNE,NGDPD,Montenegro,"Gross domestic product, current prices","Values are based upon GDP in national currency converted to U.S. dollars using market exchange rates (yearly average). Exchange rate projections are provided by country economists for the group of other emerging market and developing countries. Exchanges rates for advanced economies are established in the WEO assumptions for each WEO exercise. Expenditure-based GDP is total final expenditures at purchasers' prices (including the f.o.b. value of exports of goods and services), less the f.o.b. value of imports of goods and services. [SNA 1993]",U.S. dollars,Billions,"See notes for:  Gross domestic product, current prices (National currency).",,,,,,,,,,,,,,,,,,,,,0.966,1.150,1.269,1.681,2.073,2.261,2.724,3.686,4.564,4.171,4.146,4.544,4.090,4.466,4.595,4.055,4.376,4.855,5.509,5.543,4.777,5.865,6.243,7.532,8.023,8.562,9.157,9.612,10.107,10.631,11.177,2023.0,
943,MNE,PCPIPCH,Montenegro,"Inflation, average consumer prices",Annual percentages of average consumer prices are year-on-year changes.,Percent change,Units,"See notes for:  Inflation, average consumer prices (Index).",,,,,,,,,,,,,,,,,,,,,29.864,23.729,19.701,7.502,3.099,3.446,2.116,3.365,9.000,3.551,0.383,3.452,4.146,2.204,-0.710,1.549,-0.272,2.381,2.609,0.363,-0.258,2.415,13.039,8.585,3.335,3.332,2.855,1.991,2.092,2.015,2.039,2023.0,
943,MNE,LP,Montenegro,Population,"For census purposes, the total population of the country consists of all persons falling within the scope of the census. In the broadest sense, the total may comprise either all usual residents of the country or all persons present in the country at the time of the census. [Principles and Recommendations for Population and Housing Censuses, Revision 1, paragraph 2.42]",Persons,Millions,"Source: National Statistics Office. MONSTAT Latest actual data: 2023 Notes: A population census was conducted in 2023. The preliminary data show a population of 633,158 in 2023 compared with 620,029 in Census 2011. The complete population data series will be made available upon the release of the final estimates of the census by Primary domestic currency: Euro Data last updated: 04/09/2025",,,,,,,,,,,,,,,,,,,,,,,,,,,,,,,,,,,,,,,,,,,,0.633,0.634,0.634,0.634,0.634,0.635,0.635,0.635,2023.0,
686,MAR,NGDP_R,Morocco,"Gross domestic product, constant prices","Expressed in billions of national currency units; the base year is country-specific. Expenditure-based GDP is total final expenditures at purchasers' prices (including the f.o.b. value of exports of goods and services), less the f.o.b. value of imports of goods and services. [SNA 1993]",National currency,Billions,"Source: National Statistics Office Latest actual data: 2023 National accounts manual used: System of National Accounts (SNA) 2008 GDP valuation: Market prices Reporting in calendar year: Yes Start/end months of reporting year: January/December Base year: 2014 Chain-weighted: Yes, from 2007 Primary domestic currency: Moroccan dirham Data last updated: 03/25/2025",275.459,267.843,293.607,291.971,304.633,323.899,350.783,341.858,377.462,386.392,401.982,432.318,419.748,415.538,463.301,433.982,492.394,482.488,520.987,523.745,532.086,572.269,591.246,628.594,658.779,678.400,731.044,750.824,795.297,829.047,860.681,905.831,933.096,975.416,"1,001.454","1,044.963","1,050.409","1,103.538","1,137.369","1,170.249","1,086.246","1,174.827","1,192.769","1,233.363","1,272.663","1,322.366","1,371.905","1,421.252","1,472.370","1,524.939","1,579.300",2023.0,
686,MAR,NGDPD,Morocco,"Gross domestic product, current prices","Values are based upon GDP in national currency converted to U.S. dollars using market exchange rates (yearly average). Exchange rate projections are provided by country economists for the group of other emerging market and developing countries. Exchanges rates for advanced economies are established in the WEO assumptions for each WEO exercise. Expenditure-based GDP is total final expenditures at purchasers' prices (including the f.o.b. value of exports of goods and services), less the f.o.b. value of imports of goods and services. [SNA 1993]",U.S. dollars,Billions,"See notes for:  Gross domestic product, current prices (National currency).",23.807,19.329,19.510,17.635,16.130,16.280,21.497,23.713,28.080,28.901,32.661,34.940,36.483,34.259,38.532,42.238,46.710,42.366,45.243,45.055,42.053,42.704,45.711,56.345,64.528,67.468,74.284,85.539,100.112,100.535,100.881,109.705,106.345,115.608,119.131,110.414,111.573,118.541,127.341,128.920,121.354,142.022,130.952,144.438,155.350,165.835,176.587,187.662,199.368,211.597,224.509,2023.0,
686,MAR,PCPIPCH,Morocco,"Inflation, average consumer prices",Annual percentages of average consumer prices are year-on-year changes.,Percent change,Units,"See notes for:  Inflation, average consumer prices (Index).",9.408,12.493,10.528,6.208,12.448,7.729,8.734,2.699,2.369,3.138,6.026,7.940,5.779,5.298,5.031,6.287,2.817,1.096,2.710,0.792,1.832,0.643,2.810,1.118,1.474,1.090,3.234,1.972,3.754,-0.219,0.989,0.979,1.293,1.809,0.522,1.559,1.535,0.806,1.600,0.197,0.688,1.366,6.641,6.137,0.935,2.152,2.252,2.194,2.110,2.034,2.007,2024.0,
686,MAR,LP,Morocco,Population,"For census purposes, the total population of the country consists of all persons falling within the scope of the census. In the broadest sense, the total may comprise either all usual residents of the country or all persons present in the country at the time of the census. [Principles and Recommendations for Population and Housing Censuses, Revision 1, paragraph 2.42]",Persons,Millions,Source: National Statistics Office Latest actual data: 2023 Primary domestic currency: Moroccan dirham Data last updated: 03/25/2025,19.432,19.938,20.459,20.944,21.441,21.951,22.469,23.002,23.528,24.075,24.167,24.634,25.095,25.549,25.996,26.384,26.761,27.140,27.519,27.900,28.283,28.666,29.051,29.438,29.826,30.215,30.606,30.998,31.391,31.786,32.182,32.579,32.978,33.378,33.770,34.125,34.487,34.852,35.220,35.587,35.952,36.313,36.670,37.022,37.370,37.712,38.050,38.381,38.706,39.023,39.330,2023.0,
688,MOZ,NGDP_R,Mozambique,"Gross domestic product, constant prices","Expressed in billions of national currency units; the base year is country-specific. Expenditure-based GDP is total final expenditures at purchasers' prices (including the f.o.b. value of exports of goods and services), less the f.o.b. value of imports of goods and services. [SNA 1993]",National currency,Billions,Source: National Statistics Office. Instituto Nacional de Estadistica (INE). Latest actual data: 2023 Notes: Data prior to 1992 cannot be confirmed by national sources at this time. National accounts manual used: System of National Accounts (SNA) 2008 GDP valuation: Market prices Reporting in calendar year: Yes Start/end months of reporting year: January/December Base year: 2019. Annual NA has been rebased to 2019. Quarterly NA is still with base 2014 Chain-weighted: No Primary domestic currency: Mozambican metical Data last updated: 04/11/2025,147.748,155.135,144.431,121.755,113.841,114.979,112.335,128.848,139.414,148.475,149.960,159.785,147.679,163.836,174.387,178.089,197.137,220.429,243.286,272.035,274.119,309.348,339.257,363.744,393.588,418.431,459.901,495.080,529.132,560.504,597.944,640.602,691.815,737.277,794.066,852.772,892.827,916.382,948.317,970.297,958.464,981.251,"1,024.077","1,079.755","1,099.748","1,127.504","1,167.239","1,217.151","1,265.504","1,382.669","1,540.493",2023.0,
688,MOZ,NGDPD,Mozambique,"Gross domestic product, current prices","Values are based upon GDP in national currency converted to U.S. dollars using market exchange rates (yearly average). Exchange rate projections are provided by country economists for the group of other emerging market and developing countries. Exchanges rates for advanced economies are established in the WEO assumptions for each WEO exercise. Expenditure-based GDP is total final expenditures at purchasers' prices (including the f.o.b. value of exports of goods and services), less the f.o.b. value of imports of goods and services. [SNA 1993]",U.S. dollars,Billions,"See notes for:  Gross domestic product, current prices (National currency).",4.615,3.585,3.662,3.280,3.417,4.516,5.301,2.395,2.105,2.199,3.529,3.855,2.799,2.883,2.958,3.062,4.030,4.874,5.551,6.285,5.931,5.650,5.951,6.584,7.937,8.868,9.510,10.811,12.920,12.264,11.412,14.619,16.688,17.198,17.978,16.209,12.069,13.265,15.017,15.513,14.235,16.168,18.884,20.954,21.944,23.771,25.394,27.082,28.720,32.016,36.344,2023.0,
688,MOZ,PCPIPCH,Mozambique,"Inflation, average consumer prices",Annual percentages of average consumer prices are year-on-year changes.,Percent change,Units,"See notes for:  Inflation, average consumer prices (Index).",2.000,4.200,17.695,28.198,30.044,30.785,40.491,164.115,58.507,42.076,43.723,33.258,45.076,42.255,63.123,47.668,48.491,7.360,1.487,2.874,12.713,9.061,16.769,13.455,12.634,6.428,13.245,10.404,14.511,3.781,12.426,11.171,2.598,4.266,2.555,3.560,18.387,15.785,3.167,5.687,0.930,6.620,10.369,6.996,3.202,4.900,5.400,5.500,5.500,5.500,5.500,2024.0,
688,MOZ,LP,Mozambique,Population,"For census purposes, the total population of the country consists of all persons falling within the scope of the census. In the broadest sense, the total may comprise either all usual residents of the country or all persons present in the country at the time of the census. [Principles and Recommendations for Population and Housing Censuses, Revision 1, paragraph 2.42]",Persons,Millions,Source: International Financial Institution. Human Development Indicators. Latest actual data: 2015 Notes: Data prior to 1992 cannot be confirmed by national sources at this time. Primary domestic currency: Mozambican metical Data last updated: 04/11/2025,11.630,11.913,12.190,12.440,12.636,12.764,12.809,12.786,12.758,12.806,12.987,13.328,13.806,14.371,14.948,15.483,15.960,16.397,16.814,17.244,17.712,18.222,18.764,19.331,19.911,20.494,21.080,21.673,22.277,22.895,23.532,24.188,24.863,25.561,26.286,27.042,27.830,28.649,29.424,30.286,31.178,32.077,32.970,33.897,34.858,35.835,36.826,37.831,38.850,39.880,40.921,2015.0,
518,MMR,NGDP_R,Myanmar,"Gross domestic product, constant prices","Expressed in billions of national currency units; the base year is country-specific. Expenditure-based GDP is total final expenditures at purchasers' prices (including the f.o.b. value of exports of goods and services), less the f.o.b. value of imports of goods and services. [SNA 1993]",National currency,Billions,Source: Ministry of Planning and Finance. Historical data up to 2015/16 have been re-estimated by IMF staff to ensure data consistency after the change of fiscal year from April-March to October-September. The fiscal year was restored to April-March since FY2021/ Latest actual data: FY2020/21. FY(t/t+1) = CY(t+1) National accounts manual used: Other GDP valuation: Market prices. Data refer to fiscal years Reporting in calendar year: No. Fiscal year data are mapped to calendar year as follows: FY(t-1/t) = CY(t) Start/end months of reporting year: April/March. In 2018 Myanmar authorities changed the fiscal year to 1 October to 30 September from previously 1 April to 31 March. Historical data up to 2015/16 have been re-estimated by IMF staff to ensure data consistency. The fiscal year was restored to April-March Base year: FY2015/16 Chain-weighted: No Primary domestic currency: Myanmar kyat Data last updated: 04/03/2025,,,,,,,,,,,,,,,,,,,"15,435.135","16,736.603","18,814.987","21,160.785","23,261.532","26,331.141","30,364.426","34,483.954","39,072.692","43,956.969","47,279.407","49,352.811","51,942.183","54,784.100","58,337.262","62,945.129","68,106.528","72,099.254","76,972.175","81,695.271","86,823.685","92,521.347","84,164.900","74,069.189","77,044.583","77,813.076","76,940.027","78,404.663","80,013.308","81,589.603","83,098.460","84,583.202","86,096.131",2021.0,
518,MMR,NGDPD,Myanmar,"Gross domestic product, current prices","Values are based upon GDP in national currency converted to U.S. dollars using market exchange rates (yearly average). Exchange rate projections are provided by country economists for the group of other emerging market and developing countries. Exchanges rates for advanced economies are established in the WEO assumptions for each WEO exercise. Expenditure-based GDP is total final expenditures at purchasers' prices (including the f.o.b. value of exports of goods and services), less the f.o.b. value of imports of goods and services. [SNA 1993]",U.S. dollars,Billions,"See notes for:  Gross domestic product, current prices (National currency).",,,,,,,,,,,,,,,,,,,5.122,6.400,7.688,7.087,6.878,8.826,10.688,12.051,13.502,17.745,25.313,30.675,37.851,53.250,58.374,62.656,53.250,57.338,58.808,60.285,67.051,82.568,65.631,58.264,61.723,61.466,61.176,64.944,70.365,76.178,82.373,85.757,89.117,2021.0,
518,MMR,PCPIPCH,Myanmar,"Inflation, average consumer prices",Annual percentages of average consumer prices are year-on-year changes.,Percent change,Units,"See notes for:  Inflation, average consumer prices (Index).",,,,,,,,,,,,,,,,,,,47.286,26.795,4.254,-19.791,21.916,47.469,8.005,6.886,16.551,34.437,20.911,3.692,5.924,6.829,0.360,6.382,5.739,10.043,6.767,4.035,7.279,9.074,2.248,9.601,28.006,25.488,26.500,30.000,20.000,13.000,8.900,7.800,7.800,2021.0,
518,MMR,LP,Myanmar,Population,"For census purposes, the total population of the country consists of all persons falling within the scope of the census. In the broadest sense, the total may comprise either all usual residents of the country or all persons present in the country at the time of the census. [Principles and Recommendations for Population and Housing Censuses, Revision 1, paragraph 2.42]",Persons,Millions,Source: Department of Population Latest actual data: FY2020/21 Primary domestic currency: Myanmar kyat Data last updated: 04/03/2025,,,,,,,,,,,,,,,,,,,44.923,45.567,46.179,46.727,47.197,47.589,47.920,48.218,48.510,48.813,49.127,49.454,49.799,50.166,50.559,50.979,51.419,51.846,52.254,52.645,53.019,53.378,53.722,54.050,54.360,54.652,54.926,55.182,55.420,55.639,55.840,56.022,56.185,2021.0,
728,NAM,NGDP_R,Namibia,"Gross domestic product, constant prices","Expressed in billions of national currency units; the base year is country-specific. Expenditure-based GDP is total final expenditures at purchasers' prices (including the f.o.b. value of exports of goods and services), less the f.o.b. value of imports of goods and services. [SNA 1993]",National currency,Billions,Source: National Statistics Office Latest actual data: 2024 National accounts manual used: System of National Accounts (SNA) 1993 GDP valuation: Market prices Reporting in calendar year: Yes Start/end months of reporting year: January/December Base year: 2015 Chain-weighted: No Primary domestic currency: Namibian dollar Data last updated: 04/10/2025,,,,,,,,,,,52.859,55.683,60.844,59.859,61.657,64.194,66.246,69.039,71.311,73.712,76.290,78.115,83.333,86.231,91.950,96.245,100.044,103.692,106.439,106.754,113.202,118.965,124.987,132.004,140.047,146.019,146.068,144.568,146.100,144.874,133.137,137.935,145.382,151.841,157.476,163.435,169.491,174.375,179.569,185.037,190.543,2024.0,
728,NAM,NGDPD,Namibia,"Gross domestic product, current prices","Values are based upon GDP in national currency converted to U.S. dollars using market exchange rates (yearly average). Exchange rate projections are provided by country economists for the group of other emerging market and developing countries. Exchanges rates for advanced economies are established in the WEO assumptions for each WEO exercise. Expenditure-based GDP is total final expenditures at purchasers' prices (including the f.o.b. value of exports of goods and services), less the f.o.b. value of imports of goods and services. [SNA 1993]",U.S. dollars,Billions,"See notes for:  Gross domestic product, current prices (National currency).",,,,,,,,,,,2.568,2.841,3.296,3.156,3.537,3.948,3.954,4.110,3.832,3.824,3.941,3.577,3.396,4.974,6.673,7.324,7.711,8.730,8.496,8.915,11.281,12.423,13.016,12.168,12.434,11.450,10.719,12.883,13.676,12.539,10.583,12.399,12.564,12.402,13.370,14.214,15.186,15.905,16.688,17.486,17.986,2024.0,
728,NAM,PCPIPCH,Namibia,"Inflation, average consumer prices",Annual percentages of average consumer prices are year-on-year changes.,Percent change,Units,"See notes for:  Inflation, average consumer prices (Index).",,,,,,,,,,,,13.512,21.551,9.329,12.056,11.123,8.704,9.679,6.617,9.382,10.215,10.212,12.716,7.215,4.137,2.282,4.961,6.548,9.095,9.452,4.875,5.006,6.722,5.601,5.348,3.396,6.727,6.147,4.294,3.721,2.209,3.620,6.077,5.880,4.240,3.792,4.525,4.500,4.500,4.500,4.500,2024.0,
728,NAM,LP,Namibia,Population,"For census purposes, the total population of the country consists of all persons falling within the scope of the census. In the broadest sense, the total may comprise either all usual residents of the country or all persons present in the country at the time of the census. [Principles and Recommendations for Population and Housing Censuses, Revision 1, paragraph 2.42]",Persons,Millions,Source: Data taken from United Nations. Latest actual data: 2023 Primary domestic currency: Namibian dollar Data last updated: 04/10/2025,,,,,,,,,,,1.345,1.403,1.455,1.504,1.549,1.580,1.625,1.668,1.711,1.755,1.798,1.839,1.875,1.905,1.930,1.954,1.979,2.005,2.032,2.062,2.093,2.127,2.166,2.223,2.282,2.342,2.406,2.472,2.541,2.613,2.688,2.770,2.851,2.928,2.990,3.049,3.107,3.165,3.221,3.278,3.336,2023.0,
836,NRU,NGDP_R,Nauru,"Gross domestic product, constant prices","Expressed in billions of national currency units; the base year is country-specific. Expenditure-based GDP is total final expenditures at purchasers' prices (including the f.o.b. value of exports of goods and services), less the f.o.b. value of imports of goods and services. [SNA 1993]",National currency,Billions,"Source: Nauru Authorities, IMF staff estimates Latest actual data: FY2020/21 National accounts manual used: System of National Accounts (SNA) 2008 GDP valuation: Market prices Reporting in calendar year: No. Fiscal year data are mapped to calendar year as follows: FY(t-1/t) = CY(t) Start/end months of reporting year: July/June Base year: FY2012/13 Chain-weighted: No Primary domestic currency: Australian dollar Data last updated: 04/11/2025",,,,,,,,,,,,,,,,,,,,,,,,,0.071,0.071,0.077,0.060,0.072,0.068,0.068,0.078,0.097,0.101,0.117,0.121,0.126,0.118,0.117,0.127,0.129,0.139,0.143,0.144,0.146,0.149,0.151,0.154,0.157,0.159,0.162,2021.0,
836,NRU,NGDPD,Nauru,"Gross domestic product, current prices","Values are based upon GDP in national currency converted to U.S. dollars using market exchange rates (yearly average). Exchange rate projections are provided by country economists for the group of other emerging market and developing countries. Exchanges rates for advanced economies are established in the WEO assumptions for each WEO exercise. Expenditure-based GDP is total final expenditures at purchasers' prices (including the f.o.b. value of exports of goods and services), less the f.o.b. value of imports of goods and services. [SNA 1993]",U.S. dollars,Billions,"See notes for:  Gross domestic product, current prices (National currency).",,,,,,,,,,,,,,,,,,,,,,,,,0.032,0.031,0.029,0.025,0.036,0.047,0.050,0.069,0.101,0.089,0.097,0.076,0.100,0.109,0.131,0.125,0.125,0.176,0.152,0.152,0.161,0.169,0.174,0.181,0.188,0.197,0.205,2021.0,
836,NRU,PCPIPCH,Nauru,"Inflation, average consumer prices",Annual percentages of average consumer prices are year-on-year changes.,Percent change,Units,"See notes for:  Inflation, average consumer prices (Index).",,,,,,,,,,,,,,,,,,,,,,,,,,8.662,19.302,5.601,1.035,22.422,-1.968,-3.370,0.262,-1.105,0.275,9.784,8.141,4.464,1.070,4.094,0.931,2.007,1.146,4.782,11.574,7.326,4.260,3.257,3.040,2.707,2.459,2024.0,
836,NRU,LP,Nauru,Population,"For census purposes, the total population of the country consists of all persons falling within the scope of the census. In the broadest sense, the total may comprise either all usual residents of the country or all persons present in the country at the time of the census. [Principles and Recommendations for Population and Housing Censuses, Revision 1, paragraph 2.42]",Persons,Millions,"Source: Nauru Bureau of Statistics, Secretariat of the Pacific Community, IMF staff estimates Latest actual data: FY2019/20 Primary domestic currency: Australian dollar Data last updated: 04/11/2025",,,,,,,,,,,,,,,,,,,,,,,,,0.010,0.010,0.009,0.009,0.009,0.010,0.010,0.010,0.010,0.011,0.011,0.012,0.012,0.013,0.012,0.012,0.012,0.012,0.013,0.013,0.013,0.013,0.014,0.014,0.014,0.014,0.015,2020.0,
558,NPL,NGDP_R,Nepal,"Gross domestic product, constant prices","Expressed in billions of national currency units; the base year is country-specific. Expenditure-based GDP is total final expenditures at purchasers' prices (including the f.o.b. value of exports of goods and services), less the f.o.b. value of imports of goods and services. [SNA 1993]",National currency,Billions,"Source: National Statistics Office Latest actual data: FY2022/23 National accounts manual used: System of National Accounts (SNA) 2008 GDP valuation: Market prices. Data refer to fiscal years Reporting in calendar year: No. Fiscal year data are mapped to calendar year as follows: FY(t-1/t) = CY(t) Start/end months of reporting year: August/July. Fiscal year starts on July 16th, and ends July 15th the following year Base year: FY2010/11. Data prior to 2010/11 were estimated by IMF staff by using data splicing Chain-weighted: No Primary domestic currency: Nepalese rupee Data last updated: 04/14/2025",393.765,426.610,442.737,429.552,471.138,500.089,522.922,531.810,572.742,597.528,625.224,665.029,692.349,718.981,778.076,805.063,848.035,892.649,918.916,960.110,"1,018.833","1,076.179","1,077.472","1,119.979","1,172.424","1,213.213","1,254.033","1,296.816","1,375.981","1,438.356","1,507.633","1,559.222","1,632.040","1,689.572","1,791.141","1,862.357","1,870.424","2,038.337","2,193.706","2,339.743","2,284.300","2,394.818","2,529.677","2,579.070","2,659.055","2,766.658","2,918.352","3,065.396","3,218.718","3,379.651","3,548.613",2023.0,
558,NPL,NGDPD,Nepal,"Gross domestic product, current prices","Values are based upon GDP in national currency converted to U.S. dollars using market exchange rates (yearly average). Exchange rate projections are provided by country economists for the group of other emerging market and developing countries. Exchanges rates for advanced economies are established in the WEO assumptions for each WEO exercise. Expenditure-based GDP is total final expenditures at purchasers' prices (including the f.o.b. value of exports of goods and services), less the f.o.b. value of imports of goods and services. [SNA 1993]",U.S. dollars,Billions,"See notes for:  Gross domestic product, current prices (National currency).",2.258,2.641,2.669,2.920,3.089,3.208,3.491,3.621,4.270,4.317,4.442,4.861,4.417,4.743,4.954,5.379,5.544,6.027,5.992,6.164,6.537,6.719,6.816,7.218,8.297,9.331,10.316,11.777,14.310,14.663,18.253,21.685,21.703,22.162,22.722,24.361,24.524,28.972,33.112,34.186,33.434,36.927,41.183,40.907,43.419,46.080,49.603,54.449,59.728,65.494,71.783,2023.0,
558,NPL,PCPIPCH,Nepal,"Inflation, average consumer prices",Annual percentages of average consumer prices are year-on-year changes.,Percent change,Units,"See notes for:  Inflation, average consumer prices (Index).",9.800,13.447,10.381,14.197,6.214,4.127,15.854,13.285,11.024,8.078,8.926,7.943,21.061,8.871,8.951,7.677,7.179,8.101,8.326,11.379,3.393,2.435,2.896,4.743,3.963,4.539,7.963,6.203,6.677,12.624,9.565,9.566,8.305,9.873,9.039,7.834,9.924,4.497,4.130,4.624,6.148,3.579,6.371,7.730,5.423,4.863,4.952,5.080,5.000,5.000,5.000,2024.0,
558,NPL,LP,Nepal,Population,"For census purposes, the total population of the country consists of all persons falling within the scope of the census. In the broadest sense, the total may comprise either all usual residents of the country or all persons present in the country at the time of the census. [Principles and Recommendations for Population and Housing Censuses, Revision 1, paragraph 2.42]",Persons,Millions,Source: International Financial Institution. WDI database Latest actual data: 2023 Primary domestic currency: Nepalese rupee Data last updated: 04/14/2025,15.630,15.994,16.369,16.754,17.145,17.541,17.937,18.326,18.721,19.145,19.617,20.131,20.702,21.267,21.795,22.306,22.784,23.249,23.703,24.143,24.560,24.956,25.332,25.683,26.004,26.285,26.519,26.714,26.882,27.027,27.162,27.266,27.331,27.382,27.462,27.610,27.861,28.183,28.507,28.832,29.349,30.035,30.548,30.897,31.250,31.607,31.968,32.333,32.702,33.076,33.454,2023.0,
138,NLD,NGDP_R,Netherlands,"Gross domestic product, constant prices","Expressed in billions of national currency units; the base year is country-specific. Expenditure-based GDP is total final expenditures at purchasers' prices (including the f.o.b. value of exports of goods and services), less the f.o.b. value of imports of goods and services. [SNA 1993]",National currency,Billions,"Source: National Statistics Office Latest actual data: 2024 National accounts manual used: European System of Accounts (ESA) 2010 GDP valuation: Market prices Reporting in calendar year: Yes Start/end months of reporting year: January/December Base year: 2021 Chain-weighted: Yes, from 1980 Primary domestic currency: Euro Data last updated: 04/09/2025",378.174,376.231,371.404,377.935,389.719,400.071,412.577,420.210,439.477,459.168,478.353,490.079,497.865,504.159,519.327,535.592,553.886,577.402,604.272,634.718,661.552,676.953,678.620,679.285,692.962,707.023,732.044,760.462,776.636,748.131,757.983,771.451,763.911,763.667,775.979,792.438,811.653,834.241,853.097,872.718,838.886,891.550,936.192,936.871,946.049,959.415,973.000,986.607,"1,000.057","1,013.013","1,025.621",2024.0,
138,NLD,NGDPD,Netherlands,"Gross domestic product, current prices","Values are based upon GDP in national currency converted to U.S. dollars using market exchange rates (yearly average). Exchange rate projections are provided by country economists for the group of other emerging market and developing countries. Exchanges rates for advanced economies are established in the WEO assumptions for each WEO exercise. Expenditure-based GDP is total final expenditures at purchasers' prices (including the f.o.b. value of exports of goods and services), less the f.o.b. value of imports of goods and services. [SNA 1993]",U.S. dollars,Billions,"See notes for:  Gross domestic product, current prices (National currency).",194.031,162.629,157.560,153.396,142.779,144.859,201.883,247.277,264.596,260.900,321.859,331.565,366.520,356.434,383.091,453.377,451.508,418.023,439.215,448.223,417.834,432.539,475.194,582.290,660.925,688.514,737.633,853.600,957.797,878.000,853.161,912.980,846.225,883.964,901.789,775.822,796.944,847.934,930.155,929.006,931.814,"1,055.173","1,047.364","1,154.694","1,227.174","1,272.011","1,326.163","1,370.330","1,416.591","1,464.429","1,514.003",2024.0,
138,NLD,PCPIPCH,Netherlands,"Inflation, average consumer prices",Annual percentages of average consumer prices are year-on-year changes.,Percent change,Units,"See notes for:  Inflation, average consumer prices (Index).",,6.800,5.900,2.900,3.400,2.300,0.000,-1.000,0.500,1.100,2.500,3.178,2.839,1.642,2.118,1.349,1.446,1.858,1.782,2.037,2.347,5.113,3.854,2.225,1.383,1.492,1.652,1.588,2.213,0.971,0.931,2.471,2.818,2.556,0.321,0.218,0.113,1.294,1.598,2.672,1.106,2.827,11.622,4.118,3.223,2.762,2.344,1.970,2.000,2.000,2.000,2024.0,
138,NLD,LP,Netherlands,Population,"For census purposes, the total population of the country consists of all persons falling within the scope of the census. In the broadest sense, the total may comprise either all usual residents of the country or all persons present in the country at the time of the census. [Principles and Recommendations for Population and Housing Censuses, Revision 1, paragraph 2.42]",Persons,Millions,Source: National Statistics Office Latest actual data: 2024 Primary domestic currency: Euro Data last updated: 04/09/2025,14.091,14.209,14.286,14.340,14.395,14.454,14.529,14.615,14.715,14.805,14.893,15.010,15.129,15.239,15.342,15.424,15.494,15.567,15.654,15.760,15.864,15.987,16.105,16.193,16.258,16.306,16.334,16.358,16.405,16.486,16.575,16.656,16.730,16.780,16.829,16.901,16.979,17.082,17.181,17.282,17.408,17.475,17.591,17.811,17.943,18.048,18.144,18.229,18.309,18.383,18.457,2024.0,
196,NZL,NGDP_R,New Zealand,"Gross domestic product, constant prices","Expressed in billions of national currency units; the base year is country-specific. Expenditure-based GDP is total final expenditures at purchasers' prices (including the f.o.b. value of exports of goods and services), less the f.o.b. value of imports of goods and services. [SNA 1993]",National currency,Billions,"Source: National Statistics Office. Statistics New Zealand Latest actual data: 2024. Authorities' actual annual data are April/March recalculated using quarterly data as Jan/Dec Notes: Starting with the April 2021 WEO, real GDP data and forecasts are reported on a production basis. Nominal GDP data are reported on expenditure basis. National accounts manual used: System of National Accounts (SNA) 2008 GDP valuation: Market prices. Data refer to calendar years Reporting in calendar year: Yes. Annual CY data are reconstructed from quarterly data Start/end months of reporting year: January/December Base year: 2009. The base year is 2009Q2 to 2010Q1 Chain-weighted: Yes, from 1987 Primary domestic currency: New Zealand dollar Data last updated: 04/03/2025",93.411,96.177,98.945,98.822,105.599,106.879,108.814,111.465,112.084,112.564,112.588,111.099,111.882,117.728,124.299,130.381,135.694,139.017,139.583,145.844,151.991,155.823,163.153,170.376,178.624,184.368,189.556,196.185,195.853,193.820,197.161,200.423,205.574,210.037,218.033,225.896,234.861,242.708,251.148,258.734,255.342,269.871,277.578,282.604,281.238,285.095,292.856,300.626,307.484,314.365,321.268,2024.0,
196,NZL,NGDPD,New Zealand,"Gross domestic product, current prices","Values are based upon GDP in national currency converted to U.S. dollars using market exchange rates (yearly average). Exchange rate projections are provided by country economists for the group of other emerging market and developing countries. Exchanges rates for advanced economies are established in the WEO assumptions for each WEO exercise. Expenditure-based GDP is total final expenditures at purchasers' prices (including the f.o.b. value of exports of goods and services), less the f.o.b. value of imports of goods and services. [SNA 1993]",U.S. dollars,Billions,"See notes for:  Gross domestic product, current prices (National currency).",22.551,23.472,23.237,22.484,22.377,22.539,27.428,36.978,45.505,44.132,45.722,43.440,41.515,44.807,52.920,62.241,69.100,68.869,56.815,58.898,54.127,53.128,62.061,82.408,101.601,113.264,109.740,134.859,135.606,122.011,145.736,167.167,175.361,187.292,200.305,176.455,186.081,203.819,209.747,210.995,210.541,249.775,245.203,253.436,257.728,248.666,259.160,270.294,281.646,293.869,306.301,2024.0,
196,NZL,PCPIPCH,New Zealand,"Inflation, average consumer prices",Annual percentages of average consumer prices are year-on-year changes.,Percent change,Units,"See notes for:  Inflation, average consumer prices (Index).",17.079,15.451,16.126,7.445,6.129,15.380,13.221,15.762,6.351,5.716,6.098,2.602,1.015,1.288,1.745,3.755,2.286,1.187,1.265,-0.114,2.615,2.626,2.677,1.754,2.290,3.037,3.365,2.376,3.959,2.116,2.302,4.028,1.060,1.134,1.228,0.293,0.646,1.851,1.598,1.620,1.715,3.941,7.172,5.733,2.923,2.013,1.990,2.015,2.015,2.015,2.015,2024.0,
196,NZL,LP,New Zealand,Population,"For census purposes, the total population of the country consists of all persons falling within the scope of the census. In the broadest sense, the total may comprise either all usual residents of the country or all persons present in the country at the time of the census. [Principles and Recommendations for Population and Housing Censuses, Revision 1, paragraph 2.42]",Persons,Millions,Source: National Statistics Office. Statistics New Zealand Latest actual data: 2023 Primary domestic currency: New Zealand dollar Data last updated: 04/03/2025,3.108,3.125,3.149,3.179,3.211,3.242,3.272,3.301,3.331,3.366,3.406,3.496,3.533,3.574,3.622,3.676,3.734,3.783,3.816,3.837,3.860,3.887,3.951,4.028,4.089,4.136,4.185,4.226,4.262,4.305,4.353,4.386,4.411,4.447,4.520,4.613,4.717,4.815,4.902,4.986,5.086,5.111,5.125,5.243,5.335,5.391,5.470,5.549,5.630,5.712,5.795,2023.0,
278,NIC,NGDP_R,Nicaragua,"Gross domestic product, constant prices","Expressed in billions of national currency units; the base year is country-specific. Expenditure-based GDP is total final expenditures at purchasers' prices (including the f.o.b. value of exports of goods and services), less the f.o.b. value of imports of goods and services. [SNA 1993]",National currency,Billions,"Source: Central Bank Latest actual data: 2023. Real sector indicators may be lagged by one or two quarters Notes: Due to political and economic events (civil war and hyperinflation) data prior to 1995 are less reliable. National accounts manual used: System of National Accounts (SNA) 2008 GDP valuation: Market prices Reporting in calendar year: Yes Start/end months of reporting year: January/December Base year: 2006 Chain-weighted: Yes, from 1994. annual overlap Primary domestic currency: Nicaraguan córdoba Data last updated: 04/09/2025",79.191,83.436,82.754,86.573,85.218,81.738,80.908,80.337,70.375,69.183,69.091,68.984,69.260,68.983,72.432,76.715,81.582,84.818,87.966,94.155,98.017,100.919,101.680,104.243,109.821,114.482,118.838,124.870,129.161,124.908,130.416,138.654,147.661,154.937,162.351,170.132,177.895,186.134,179.873,174.663,170.756,188.608,195.304,203.951,211.269,218.029,224.788,232.656,240.799,249.227,257.950,2023.0,
278,NIC,NGDPD,Nicaragua,"Gross domestic product, current prices","Values are based upon GDP in national currency converted to U.S. dollars using market exchange rates (yearly average). Exchange rate projections are provided by country economists for the group of other emerging market and developing countries. Exchanges rates for advanced economies are established in the WEO assumptions for each WEO exercise. Expenditure-based GDP is total final expenditures at purchasers' prices (including the f.o.b. value of exports of goods and services), less the f.o.b. value of imports of goods and services. [SNA 1993]",U.S. dollars,Billions,"See notes for:  Gross domestic product, current prices (National currency).",1.832,2.156,2.497,2.900,3.966,3.854,5.800,3.409,1.499,2.082,0.519,3.678,3.894,3.726,3.861,4.140,4.308,4.390,4.635,4.856,5.109,5.335,5.224,5.322,5.793,6.321,6.764,7.423,8.497,8.297,8.759,9.774,10.532,10.983,11.880,12.757,13.286,13.786,13.025,12.713,12.730,14.208,15.634,17.820,19.710,21.155,22.683,24.416,26.281,28.289,30.451,2023.0,
278,NIC,PCPIPCH,Nicaragua,"Inflation, average consumer prices",Annual percentages of average consumer prices are year-on-year changes.,Percent change,Units,"See notes for:  Inflation, average consumer prices (Index).",35.135,23.800,28.500,33.600,141.300,571.400,885.200,"13,109.500","4,775.200","7,428.700","3,004.100",116.600,21.900,13.500,3.700,11.118,11.651,9.189,13.046,11.212,11.547,7.357,3.750,5.302,8.470,9.599,9.140,11.127,19.826,3.687,5.455,8.082,7.194,7.136,6.036,3.997,3.524,3.851,4.947,5.376,3.682,4.928,10.470,8.443,4.636,4.000,4.000,4.000,4.000,4.000,4.000,2024.0,
278,NIC,LP,Nicaragua,Population,"For census purposes, the total population of the country consists of all persons falling within the scope of the census. In the broadest sense, the total may comprise either all usual residents of the country or all persons present in the country at the time of the census. [Principles and Recommendations for Population and Housing Censuses, Revision 1, paragraph 2.42]",Persons,Millions,Source: Central Bank Latest actual data: 2023 Primary domestic currency: Nicaraguan córdoba Data last updated: 04/09/2025,,,,,,,,,,,,,,,4.299,4.427,4.549,4.669,4.763,4.859,4.957,5.059,5.162,5.268,5.375,5.483,5.523,5.596,5.669,5.770,5.843,5.916,6.094,6.158,6.222,6.287,6.353,6.419,6.477,6.553,6.614,6.690,6.768,6.847,6.926,7.007,7.089,7.171,7.255,7.339,7.424,2023.0,
692,NER,NGDP_R,Niger,"Gross domestic product, constant prices","Expressed in billions of national currency units; the base year is country-specific. Expenditure-based GDP is total final expenditures at purchasers' prices (including the f.o.b. value of exports of goods and services), less the f.o.b. value of imports of goods and services. [SNA 1993]",National currency,Billions,Source: National Statistics Office Latest actual data: 2022. 2023 National Accounts reflect preliminary estimates from the authorities National accounts manual used: System of National Accounts (SNA) 2008 GDP valuation: Factor costs Reporting in calendar year: Yes Start/end months of reporting year: January/December Base year: 2015 Chain-weighted: No Primary domestic currency: CFA franc Data last updated: 04/10/2025,"2,291.866","2,287.794","2,337.541","2,247.227","1,869.247","2,013.519","2,141.420","2,143.310","2,290.580","2,312.502","2,282.244","2,272.200","2,317.658","2,325.143","2,368.344","2,426.469","2,428.889","2,465.967","2,711.957","2,705.926","2,673.222","2,867.547","3,008.627","3,074.321","3,085.437","3,311.742","3,508.214","3,618.495","3,898.304","3,974.819","4,315.890","4,417.573","4,883.263","5,142.598","5,484.271","5,725.216","6,053.894","6,356.672","6,802.111","7,219.941","7,476.243","7,578.018","8,476.904","8,678.198","9,572.094","10,202.636","10,886.214","11,585.695","12,281.701","13,019.337","13,802.939",2022.0,
692,NER,NGDPD,Niger,"Gross domestic product, current prices","Values are based upon GDP in national currency converted to U.S. dollars using market exchange rates (yearly average). Exchange rate projections are provided by country economists for the group of other emerging market and developing countries. Exchanges rates for advanced economies are established in the WEO assumptions for each WEO exercise. Expenditure-based GDP is total final expenditures at purchasers' prices (including the f.o.b. value of exports of goods and services), less the f.o.b. value of imports of goods and services. [SNA 1993]",U.S. dollars,Billions,"See notes for:  Gross domestic product, current prices (National currency).",3.531,3.056,2.840,2.538,2.056,2.027,2.680,3.143,3.210,3.068,3.491,3.271,3.372,3.041,1.935,2.296,2.397,2.285,2.639,2.532,2.235,2.442,2.772,3.382,3.746,4.372,4.743,5.716,7.279,7.324,7.838,8.754,9.412,10.206,10.830,9.684,10.350,11.181,12.814,12.917,13.764,14.923,15.458,16.809,19.866,21.874,24.148,26.186,28.298,30.593,33.083,2022.0,
692,NER,PCPIPCH,Niger,"Inflation, average consumer prices",Annual percentages of average consumer prices are year-on-year changes.,Percent change,Units,"See notes for:  Inflation, average consumer prices (Index).",7.325,24.300,10.400,1.621,8.412,-1.070,-3.245,-6.638,0.598,-0.818,-2.025,1.499,-5.912,-0.326,35.534,10.858,5.339,2.930,4.571,-2.061,2.704,3.936,2.505,-1.476,0.245,7.810,0.040,0.054,11.310,0.455,0.944,2.930,0.465,2.285,-0.890,0.961,0.179,0.190,2.753,-2.520,2.898,3.838,4.226,3.701,9.072,4.700,3.200,2.000,2.000,2.000,2.000,2024.0,
692,NER,LP,Niger,Population,"For census purposes, the total population of the country consists of all persons falling within the scope of the census. In the broadest sense, the total may comprise either all usual residents of the country or all persons present in the country at the time of the census. [Principles and Recommendations for Population and Housing Censuses, Revision 1, paragraph 2.42]",Persons,Millions,Source: National Statistics Office Latest actual data: 2023 Primary domestic currency: CFA franc Data last updated: 04/10/2025,5.794,5.991,6.199,6.415,6.634,6.854,7.076,7.303,7.534,7.772,8.019,8.282,8.564,8.861,9.171,9.490,9.827,10.178,10.546,10.930,11.332,11.751,12.190,12.648,13.126,13.624,14.144,14.685,15.251,15.843,16.464,17.115,17.795,18.504,19.240,20.002,20.789,21.602,22.443,23.311,24.207,25.131,26.084,27.066,28.080,29.126,30.204,31.315,32.458,33.636,34.846,2023.0,
694,NGA,NGDP_R,Nigeria,"Gross domestic product, constant prices","Expressed in billions of national currency units; the base year is country-specific. Expenditure-based GDP is total final expenditures at purchasers' prices (including the f.o.b. value of exports of goods and services), less the f.o.b. value of imports of goods and services. [SNA 1993]",National currency,Billions,"Source: National Statistics Office. Official re-based (2010) data for 2010-13 was published in July 2014, based on SNA 2008. Official backcasted data were published in July 2016 and 1990-2009 nominal and real GDP numbers were updated. However expenditure components of GDP are still IMF staf Latest actual data: 2024 Notes: Official backcasted data were published in July 2016 and 1990-2009 nominal and real GDP numbers were updated. However expenditure components of GDP are still IMF staff estimates and are subject to revision with official backcasted data. National accounts manual used: System of National Accounts (SNA) 2008 GDP valuation: Market prices Reporting in calendar year: Yes Start/end months of reporting year: January/December Base year: 2010 Chain-weighted: No Primary domestic currency: Nigerian naira Data last updated: 04/13/2025",,,,,,,,,,,"19,305.633","19,199.060","19,620.190","19,927.993","19,979.123","20,353.202","21,177.921","21,789.098","22,332.867","22,449.410","23,688.280","25,267.542","28,957.710","31,709.447","35,020.549","37,474.949","39,995.505","42,922.408","46,012.515","49,856.099","55,469.351","58,180.353","60,670.052","63,942.847","67,977.460","69,780.693","68,652.431","69,205.692","70,536.350","72,094.095","70,800.544","73,382.772","75,768.946","77,936.100","80,606.534","83,055.870","85,318.895","87,850.592","90,711.485","93,850.202","97,104.313",2024.0,
694,NGA,NGDPD,Nigeria,"Gross domestic product, current prices","Values are based upon GDP in national currency converted to U.S. dollars using market exchange rates (yearly average). Exchange rate projections are provided by country economists for the group of other emerging market and developing countries. Exchanges rates for advanced economies are established in the WEO assumptions for each WEO exercise. Expenditure-based GDP is total final expenditures at purchasers' prices (including the f.o.b. value of exports of goods and services), less the f.o.b. value of imports of goods and services. [SNA 1993]",U.S. dollars,Billions,"See notes for:  Gross domestic product, current prices (National currency).",,,,,,,,,,,62.165,60.131,52.275,56.807,80.128,132.230,172.686,187.866,209.677,57.477,67.824,73.128,93.983,102.935,130.345,169.645,222.791,266.334,335.378,302.456,374.098,419.942,467.157,521.861,576.004,494.307,405.019,375.756,421.739,474.517,432.299,441.074,476.468,363.816,187.640,188.271,192.337,211.802,236.525,264.516,297.439,2024.0,
694,NGA,PCPIPCH,Nigeria,"Inflation, average consumer prices",Annual percentages of average consumer prices are year-on-year changes.,Percent change,Units,"See notes for:  Inflation, average consumer prices (Index).",,,,,,,,,,,,,,,,,29.291,10.673,7.862,6.618,6.938,18.869,12.883,14.033,15.001,17.856,8.218,5.401,11.583,12.542,13.735,10.834,12.246,8.463,8.052,9.009,15.697,16.502,12.095,11.396,13.246,16.953,18.847,24.660,33.242,26.451,36.994,17.590,17.273,12.326,10.000,2024.0,
694,NGA,LP,Nigeria,Population,"For census purposes, the total population of the country consists of all persons falling within the scope of the census. In the broadest sense, the total may comprise either all usual residents of the country or all persons present in the country at the time of the census. [Principles and Recommendations for Population and Housing Censuses, Revision 1, paragraph 2.42]",Persons,Millions,Source: International Financial Institution Latest actual data: 2012 Primary domestic currency: Nigerian naira Data last updated: 04/13/2025,73.424,75.441,77.428,79.415,81.449,83.563,85.766,88.048,90.395,92.788,95.212,97.668,100.162,102.701,105.294,107.948,110.669,113.458,116.320,119.260,122.284,125.394,128.596,131.901,135.320,138.865,142.538,146.340,150.270,154.325,158.503,162.805,167.229,171.766,176.405,181.137,185.960,190.873,195.875,200.964,206.140,211.401,216.747,222.182,227.713,233.343,239.073,244.902,250.830,256.855,262.977,2012.0,
962,MKD,NGDP_R,North Macedonia,"Gross domestic product, constant prices","Expressed in billions of national currency units; the base year is country-specific. Expenditure-based GDP is total final expenditures at purchasers' prices (including the f.o.b. value of exports of goods and services), less the f.o.b. value of imports of goods and services. [SNA 1993]",National currency,Billions,Source: National Statistics Office Latest actual data: 2024 National accounts manual used: European System of Accounts (ESA) 2010 GDP valuation: Market prices Reporting in calendar year: Yes Start/end months of reporting year: January/December Base year: 2005 Chain-weighted: No Primary domestic currency: Macedonian denar Data last updated: 04/09/2025,,,,,,,,,,,,,269.265,249.070,244.587,241.897,244.799,248.106,256.494,267.646,279.794,271.213,275.263,281.382,294.534,308.447,324.293,345.286,364.179,362.872,375.061,383.836,382.087,393.262,407.535,423.249,435.304,440.013,452.688,470.390,448.336,468.560,481.485,491.465,505.011,521.171,537.849,555.060,572.267,590.007,607.707,2024.0,
962,MKD,NGDPD,North Macedonia,"Gross domestic product, current prices","Values are based upon GDP in national currency converted to U.S. dollars using market exchange rates (yearly average). Exchange rate projections are provided by country economists for the group of other emerging market and developing countries. Exchanges rates for advanced economies are established in the WEO assumptions for each WEO exercise. Expenditure-based GDP is total final expenditures at purchasers' prices (including the f.o.b. value of exports of goods and services), less the f.o.b. value of imports of goods and services. [SNA 1993]",U.S. dollars,Billions,"See notes for:  Gross domestic product, current prices (National currency).",,,,,,,,,,,,,2.443,2.687,3.561,4.687,4.642,3.928,3.764,3.867,3.774,3.709,3.991,4.946,5.684,6.257,6.860,8.337,9.912,9.400,9.415,10.499,9.751,10.824,11.378,10.067,10.686,11.336,12.694,12.609,12.385,14.008,13.957,15.772,16.679,17.885,19.049,20.146,21.220,22.368,23.618,2024.0,
962,MKD,PCPIPCH,North Macedonia,"Inflation, average consumer prices",Annual percentages of average consumer prices are year-on-year changes.,Percent change,Units,"See notes for:  Inflation, average consumer prices (Index).",,,,,,,,,,,,,,338.684,126.583,16.374,2.467,1.294,0.544,-1.279,6.608,5.199,1.070,0.856,-0.449,0.524,3.215,2.251,8.332,-0.739,1.508,3.905,3.317,2.785,-0.282,-0.300,-0.239,1.352,1.458,0.766,1.200,3.231,14.205,9.362,3.500,3.400,2.200,2.000,2.000,2.000,2.000,2024.0,
962,MKD,LP,North Macedonia,Population,"For census purposes, the total population of the country consists of all persons falling within the scope of the census. In the broadest sense, the total may comprise either all usual residents of the country or all persons present in the country at the time of the census. [Principles and Recommendations for Population and Housing Censuses, Revision 1, paragraph 2.42]",Persons,Millions,Source: National Statistics Office Latest actual data: 2023 Primary domestic currency: Macedonian denar Data last updated: 04/09/2025,,,,,,,,,,,,,1.933,1.942,1.952,1.963,1.977,1.983,1.993,2.002,2.010,2.016,2.022,2.026,2.023,2.005,1.994,1.983,1.971,1.959,1.946,1.937,1.930,1.923,1.918,1.912,1.906,1.899,1.889,1.876,1.856,1.837,1.832,1.828,1.819,1.810,1.800,1.791,1.780,1.770,1.759,2023.0,
142,NOR,NGDP_R,Norway,"Gross domestic product, constant prices","Expressed in billions of national currency units; the base year is country-specific. Expenditure-based GDP is total final expenditures at purchasers' prices (including the f.o.b. value of exports of goods and services), less the f.o.b. value of imports of goods and services. [SNA 1993]",National currency,Billions,"Source: National Statistics Office Latest actual data: 2024 National accounts manual used: European System of Accounts (ESA) 2010 GDP valuation: Market prices Reporting in calendar year: Yes Start/end months of reporting year: January/December Base year: 2022 Chain-weighted: Yes, from 1980 Primary domestic currency: Norwegian krone Data last updated: 04/08/2025","2,168.022","2,202.672","2,207.856","2,295.574","2,434.512","2,569.709","2,673.580","2,720.463","2,713.520","2,741.693","2,794.671","2,880.872","2,983.846","3,068.742","3,223.877","3,357.849","3,526.678","3,713.048","3,812.140","3,891.129","4,020.273","4,103.377","4,159.903","4,199.211","4,367.793","4,485.073","4,595.472","4,729.386","4,752.177","4,659.967","4,696.645","4,748.572","4,877.637","4,927.203","5,028.118","5,121.508","5,181.159","5,308.810","5,352.816","5,412.968","5,343.781","5,552.653","5,732.906","5,737.041","5,857.543","5,982.728","6,085.632","6,180.116","6,263.466","6,346.778","6,431.216",2024.0,
142,NOR,NGDPD,Norway,"Gross domestic product, current prices","Values are based upon GDP in national currency converted to U.S. dollars using market exchange rates (yearly average). Exchange rate projections are provided by country economists for the group of other emerging market and developing countries. Exchanges rates for advanced economies are established in the WEO assumptions for each WEO exercise. Expenditure-based GDP is total final expenditures at purchasers' prices (including the f.o.b. value of exports of goods and services), less the f.o.b. value of imports of goods and services. [SNA 1993]",U.S. dollars,Billions,"See notes for:  Gross domestic product, current prices (National currency).",64.439,63.597,62.647,61.627,62.058,65.417,78.693,94.231,101.901,102.634,119.791,121.872,130.838,120.579,127.132,152.031,163.520,161.357,154.230,162.384,171.456,174.240,195.915,229.385,265.267,309.979,346.914,402.646,464.915,387.974,431.052,501.361,512.777,526.014,501.737,388.160,370.957,401.745,439.789,408.743,367.633,503.368,596.298,482.950,483.727,504.276,520.593,538.234,555.165,572.965,591.969,2024.0,
142,NOR,PCPIPCH,Norway,"Inflation, average consumer prices",Annual percentages of average consumer prices are year-on-year changes.,Percent change,Units,"See notes for:  Inflation, average consumer prices (Index).",10.912,13.643,11.341,8.465,6.218,5.715,7.176,8.717,6.676,4.546,4.131,3.438,2.328,2.288,1.376,2.460,1.263,2.567,2.252,2.366,3.086,3.004,1.287,2.488,0.454,1.532,2.329,0.713,3.754,2.197,2.419,1.285,0.697,2.120,2.042,2.171,3.550,1.875,2.765,2.168,1.287,3.484,5.764,5.518,3.145,2.599,2.200,2.000,2.000,2.000,2.000,2024.0,
142,NOR,LP,Norway,Population,"For census purposes, the total population of the country consists of all persons falling within the scope of the census. In the broadest sense, the total may comprise either all usual residents of the country or all persons present in the country at the time of the census. [Principles and Recommendations for Population and Housing Censuses, Revision 1, paragraph 2.42]",Persons,Millions,Source: National Statistics Office Latest actual data: 2024 Primary domestic currency: Norwegian krone Data last updated: 04/08/2025,4.092,4.107,4.123,4.134,4.146,4.159,4.174,4.198,4.221,4.233,4.250,4.274,4.299,4.325,4.348,4.370,4.393,4.413,4.441,4.473,4.501,4.519,4.547,4.573,4.599,4.632,4.672,4.722,4.787,4.843,4.908,4.973,5.038,5.096,5.156,5.205,5.252,5.290,5.324,5.357,5.385,5.415,5.475,5.534,5.585,5.622,5.660,5.697,5.735,5.773,5.812,2024.0,
449,OMN,NGDP_R,Oman,"Gross domestic product, constant prices","Expressed in billions of national currency units; the base year is country-specific. Expenditure-based GDP is total final expenditures at purchasers' prices (including the f.o.b. value of exports of goods and services), less the f.o.b. value of imports of goods and services. [SNA 1993]",National currency,Billions,Source: National Statistics Office Latest actual data: 2024 National accounts manual used: System of National Accounts (SNA) 2008 GDP valuation: Market prices Reporting in calendar year: Yes Start/end months of reporting year: January/December Base year: 2018 Chain-weighted: No Primary domestic currency: Omani rial Data last updated: 04/09/2025,5.259,6.158,6.866,7.961,9.068,10.385,10.607,10.184,10.718,11.038,11.962,12.685,13.763,14.608,15.170,15.903,16.362,17.373,17.843,17.896,19.004,19.881,19.725,19.292,19.677,20.224,21.168,22.222,24.211,25.659,26.294,27.055,29.453,30.992,31.393,32.968,34.632,34.737,35.184,34.787,33.611,34.479,37.233,37.675,38.305,39.198,40.627,42.431,44.160,45.851,47.604,2024.0,
449,OMN,NGDPD,Oman,"Gross domestic product, current prices","Values are based upon GDP in national currency converted to U.S. dollars using market exchange rates (yearly average). Exchange rate projections are provided by country economists for the group of other emerging market and developing countries. Exchanges rates for advanced economies are established in the WEO assumptions for each WEO exercise. Expenditure-based GDP is total final expenditures at purchasers' prices (including the f.o.b. value of exports of goods and services), less the f.o.b. value of imports of goods and services. [SNA 1993]",U.S. dollars,Billions,"See notes for:  Gross domestic product, current prices (National currency).",7.269,8.849,9.285,9.733,10.726,11.916,9.433,9.890,9.613,10.743,13.395,13.000,14.274,14.321,14.808,15.821,17.512,18.154,16.044,17.833,22.259,22.206,23.066,24.734,28.379,35.507,42.578,48.300,69.805,55.454,64.994,77.497,87.409,89.936,92.699,78.711,75.129,80.857,91.506,88.061,75.909,87.324,109.853,105.896,106.943,104.351,107.339,113.347,119.604,126.247,133.172,2024.0,
449,OMN,PCPIPCH,Oman,"Inflation, average consumer prices",Annual percentages of average consumer prices are year-on-year changes.,Percent change,Units,"See notes for:  Inflation, average consumer prices (Index).",10.011,6.400,2.538,-2.074,-7.358,-3.971,7.644,2.561,1.589,1.564,10.011,4.600,0.956,1.136,-0.655,-1.131,0.496,-0.360,0.429,0.512,-1.197,-0.841,-0.286,0.185,0.757,1.861,3.204,5.892,12.560,3.537,3.256,4.061,2.941,1.331,1.197,0.142,0.888,1.458,0.704,0.472,-0.395,1.664,2.512,0.952,0.591,1.500,2.000,2.000,2.000,2.000,2.000,2024.0,
449,OMN,LP,Oman,Population,"For census purposes, the total population of the country consists of all persons falling within the scope of the census. In the broadest sense, the total may comprise either all usual residents of the country or all persons present in the country at the time of the census. [Principles and Recommendations for Population and Housing Censuses, Revision 1, paragraph 2.42]",Persons,Millions,"Source: National Statistics Office. For data prior to 1990, the source is IFS - International Financial Statistics. Latest actual data: 2023 Primary domestic currency: Omani rial Data last updated: 04/09/2025",1.357,1.470,1.470,1.583,1.696,1.696,1.809,1.922,1.922,2.035,1.843,1.910,1.979,2.047,2.112,2.172,2.225,2.274,2.318,2.361,2.402,2.443,2.484,2.526,2.570,2.618,2.670,2.726,2.785,2.883,2.998,3.295,3.623,3.855,3.992,4.159,4.414,4.560,4.602,4.618,4.445,4.488,4.934,5.166,5.331,5.502,5.678,5.860,6.047,6.241,6.440,2023.0,
564,PAK,NGDP_R,Pakistan,"Gross domestic product, constant prices","Expressed in billions of national currency units; the base year is country-specific. Expenditure-based GDP is total final expenditures at purchasers' prices (including the f.o.b. value of exports of goods and services), less the f.o.b. value of imports of goods and services. [SNA 1993]",National currency,Billions,"Source: National Statistics Office Latest actual data: FY2023/24. Fiscal year data are mapped to calendar year as follows: FY(t/t+1) = CY(t+1) National accounts manual used: System of National Accounts (SNA) 2008 GDP valuation: Real GDP is based on factor cost whereas nominal GDP is based on market prices. Reporting in calendar year: No. Fiscal year data are mapped to calendar year as follows: FY(t-1/t) = CY(t) Start/end months of reporting year: July/June Base year: FY2015/16. Data before 2001 were extended backwards using growth rates for overall GDP and expenditure component shares of the original series. Real GDP is based on factor cost whereas nominal GDP is based on market prices. As a result, any calculated GDP deflator u Chain-weighted: Yes, from 2016. Real variables are in constant base year (FY2015/16) prices. Primary domestic currency: Pakistan rupee Data last updated: 04/10/2025","5,677.624","6,030.089","6,486.085","6,926.363","7,201.552","7,828.671","8,326.809","8,810.664","9,377.733","9,828.643","10,279.651","10,806.671","11,624.621","11,868.447","12,386.926","13,013.947","13,872.751","14,108.960","14,601.916","15,212.587","15,807.077","16,382.114","16,811.857","17,680.556","19,040.336","20,563.084","21,727.753","22,838.183","23,853.320","24,106.914","24,652.816","25,442.797","26,256.028","27,268.549","28,238.304","29,314.628","30,508.205","31,914.207","33,859.620","34,916.041","34,586.665","36,582.482","38,843.260","38,758.439","39,726.093","40,778.483","42,227.450","43,958.767","45,936.896","48,004.040","50,164.204",2024.0,
564,PAK,NGDPD,Pakistan,"Gross domestic product, current prices","Values are based upon GDP in national currency converted to U.S. dollars using market exchange rates (yearly average). Exchange rate projections are provided by country economists for the group of other emerging market and developing countries. Exchanges rates for advanced economies are established in the WEO assumptions for each WEO exercise. Expenditure-based GDP is total final expenditures at purchasers' prices (including the f.o.b. value of exports of goods and services), less the f.o.b. value of imports of goods and services. [SNA 1993]",U.S. dollars,Billions,"See notes for:  Gross domestic product, current prices (National currency).",38.616,45.681,49.932,46.619,50.612,50.607,51.827,54.171,62.385,65.042,65.276,74.158,79.338,83.969,84.642,98.917,103.296,101.848,101.381,96.008,99.421,96.784,98.169,112.507,132.206,145.209,161.871,184.141,202.204,187.074,196.712,230.577,250.094,258.674,271.422,299.930,313.623,339.229,356.163,321.071,300.410,348.481,374.850,337.754,373.078,,,,,,,2024.0,
564,PAK,PCPIPCH,Pakistan,"Inflation, average consumer prices",Annual percentages of average consumer prices are year-on-year changes.,Percent change,Units,"See notes for:  Inflation, average consumer prices (Index).",11.927,11.949,5.862,6.446,6.056,5.564,3.467,4.692,8.835,7.882,9.051,12.628,4.849,9.828,11.268,13.029,10.774,11.816,7.808,5.732,3.596,4.398,3.540,3.102,4.569,9.275,7.918,7.777,11.996,19.561,10.108,13.658,11.004,7.361,8.621,4.526,2.864,4.775,4.700,6.802,10.739,8.896,12.153,29.181,23.411,5.126,7.739,6.495,6.499,6.499,6.499,2024.0,
564,PAK,LP,Pakistan,Population,"For census purposes, the total population of the country consists of all persons falling within the scope of the census. In the broadest sense, the total may comprise either all usual residents of the country or all persons present in the country at the time of the census. [Principles and Recommendations for Population and Housing Censuses, Revision 1, paragraph 2.42]",Persons,Millions,Source: National Statistics Office Latest actual data: FY2023/24 Notes: Data refer to fiscal years Primary domestic currency: Pakistan rupee Data last updated: 04/10/2025,80.607,82.991,85.445,87.899,90.354,92.828,95.341,97.874,100.435,103.017,105.999,108.346,111.212,114.117,117.063,120.047,123.069,126.128,129.222,132.352,135.550,138.870,142.280,145.780,149.360,153.040,156.810,160.670,164.630,168.690,172.860,177.130,181.520,186.010,190.620,195.350,200.190,205.170,209.750,213.950,218.240,222.590,227.000,231.450,235.950,240.537,245.214,249.982,254.842,259.797,264.848,2024.0,
565,PLW,NGDP_R,Palau,"Gross domestic product, constant prices","Expressed in billions of national currency units; the base year is country-specific. Expenditure-based GDP is total final expenditures at purchasers' prices (including the f.o.b. value of exports of goods and services), less the f.o.b. value of imports of goods and services. [SNA 1993]",National currency,Billions,Source: Ministry of Finance or Treasury Latest actual data: FY2022/23 National accounts manual used: System of National Accounts (SNA) 1993 GDP valuation: Market prices Reporting in calendar year: No. Fiscal year data are mapped to calendar year as follows: FY(t-1/t) = CY(t). Start/end months of reporting year: October/September Base year: FY2018/19 Chain-weighted: No Primary domestic currency: US dollar Data last updated: 04/14/2025,,,,,,,,,,,,,,,,,,,,,0.238,0.255,0.267,0.262,0.271,0.279,0.279,0.281,0.265,0.249,0.242,0.252,0.258,0.254,0.265,0.287,0.292,0.282,0.281,0.282,0.265,0.233,0.232,0.235,0.252,0.266,0.275,0.283,0.289,0.296,0.302,2023.0,
565,PLW,NGDPD,Palau,"Gross domestic product, current prices","Values are based upon GDP in national currency converted to U.S. dollars using market exchange rates (yearly average). Exchange rate projections are provided by country economists for the group of other emerging market and developing countries. Exchanges rates for advanced economies are established in the WEO assumptions for each WEO exercise. Expenditure-based GDP is total final expenditures at purchasers' prices (including the f.o.b. value of exports of goods and services), less the f.o.b. value of imports of goods and services. [SNA 1993]",U.S. dollars,Billions,"See notes for:  Gross domestic product, current prices (National currency).",,,,,,,,,,,,,,,,,,,,,0.150,0.159,0.163,0.155,0.166,0.186,0.191,0.196,0.199,0.184,0.184,0.195,0.215,0.226,0.245,0.283,0.303,0.290,0.288,0.282,0.259,0.236,0.248,0.275,0.306,0.333,0.352,0.370,0.387,0.404,0.422,2023.0,
565,PLW,PCPIPCH,Palau,"Inflation, average consumer prices",Annual percentages of average consumer prices are year-on-year changes.,Percent change,Units,"See notes for:  Inflation, average consumer prices (Index).",,,,,,,,,,,,,,,,,,,,,,-0.726,-0.273,0.647,0.537,3.558,4.239,3.020,9.931,4.683,1.094,2.633,5.439,2.845,3.962,2.199,-1.336,1.101,2.441,0.438,0.702,-0.481,13.184,12.417,3.610,2.527,3.827,2.838,2.668,2.888,2.871,2023.0,
565,PLW,LP,Palau,Population,"For census purposes, the total population of the country consists of all persons falling within the scope of the census. In the broadest sense, the total may comprise either all usual residents of the country or all persons present in the country at the time of the census. [Principles and Recommendations for Population and Housing Censuses, Revision 1, paragraph 2.42]",Persons,Millions,Source: Ministry of Finance or Treasury Latest actual data: 2023 Primary domestic currency: US dollar Data last updated: 04/14/2025,,,,,,,,,,,,,,,,,,,,,0.019,0.019,0.019,0.020,0.020,0.020,0.020,0.019,0.019,0.018,0.018,0.018,0.017,0.018,0.018,0.018,0.018,0.018,0.018,0.018,0.018,0.018,0.018,0.018,0.018,0.018,0.017,0.017,0.017,0.017,0.017,2023.0,
283,PAN,NGDP_R,Panama,"Gross domestic product, constant prices","Expressed in billions of national currency units; the base year is country-specific. Expenditure-based GDP is total final expenditures at purchasers' prices (including the f.o.b. value of exports of goods and services), less the f.o.b. value of imports of goods and services. [SNA 1993]",National currency,Billions,"Source: National Statistics Office Latest actual data: 2024 National accounts manual used: System of National Accounts (SNA) 1993 GDP valuation: Market prices Reporting in calendar year: Yes Start/end months of reporting year: January/December Base year: 2018. The deflator in base year 2018 is not exactly 100 because of data splicing. In February 2023 the authorities published new national accounts with a base year of 2018. The new methodology uses chain-linked volume measures as opposed to constant prices. The Chain-weighted: Yes, from 2018 Primary domestic currency: US dollar Data last updated: 03/26/2025",11.642,12.714,13.394,12.792,13.139,13.788,14.280,14.022,12.146,12.336,13.335,14.591,15.787,16.649,17.123,17.423,18.707,19.920,21.380,22.210,22.818,22.945,23.461,24.452,26.288,28.176,30.582,34.286,37.665,38.133,40.355,44.921,49.314,52.718,55.389,58.565,61.466,64.902,67.294,69.503,57.223,66.284,73.449,79.027,81.319,84.572,87.955,91.473,95.132,98.937,102.895,2024.0,
283,PAN,NGDPD,Panama,"Gross domestic product, current prices","Values are based upon GDP in national currency converted to U.S. dollars using market exchange rates (yearly average). Exchange rate projections are provided by country economists for the group of other emerging market and developing countries. Exchanges rates for advanced economies are established in the WEO assumptions for each WEO exercise. Expenditure-based GDP is total final expenditures at purchasers' prices (including the f.o.b. value of exports of goods and services), less the f.o.b. value of imports of goods and services. [SNA 1993]",U.S. dollars,Billions,"See notes for:  Gross domestic product, current prices (National currency).",4.253,4.814,5.319,5.461,5.700,6.030,6.266,6.294,5.441,5.456,5.931,6.522,7.414,8.096,8.633,8.825,10.406,11.245,12.191,12.775,12.958,13.166,13.685,14.422,15.811,17.244,19.109,22.072,26.072,28.104,30.513,35.950,41.902,47.261,51.740,56.062,60.017,64.468,67.294,69.722,57.087,67.407,76.523,83.382,87.688,91.675,97.249,103.161,109.433,116.087,123.145,2024.0,
283,PAN,PCPIPCH,Panama,"Inflation, average consumer prices",Annual percentages of average consumer prices are year-on-year changes.,Percent change,Units,"See notes for:  Inflation, average consumer prices (Index).",13.808,7.300,4.251,2.103,1.583,1.027,-0.066,0.996,0.359,0.116,0.769,1.547,1.751,0.478,1.332,0.939,1.264,1.255,0.628,1.300,1.446,0.314,0.998,0.058,0.475,2.860,2.458,4.169,8.759,2.409,3.491,5.876,5.698,4.027,2.623,0.137,0.740,0.876,0.762,-0.355,-1.550,1.631,2.860,1.486,0.794,0.525,2.000,2.000,2.000,2.000,2.000,2023.0,
283,PAN,LP,Panama,Population,"For census purposes, the total population of the country consists of all persons falling within the scope of the census. In the broadest sense, the total may comprise either all usual residents of the country or all persons present in the country at the time of the census. [Principles and Recommendations for Population and Housing Censuses, Revision 1, paragraph 2.42]",Persons,Millions,Source: National Statistics Office Latest actual data: 2023 Primary domestic currency: US dollar Data last updated: 03/26/2025,1.982,2.030,2.078,2.127,2.176,2.225,2.274,2.324,2.374,2.424,2.474,2.527,2.581,2.636,2.691,2.747,2.804,2.862,2.921,2.980,3.041,3.102,3.164,3.227,3.289,3.351,3.413,3.476,3.538,3.600,3.662,3.724,3.788,3.851,3.913,3.975,4.037,4.098,4.159,4.219,4.279,4.337,4.395,4.453,4.510,4.566,4.621,4.677,4.734,4.791,4.791,2023.0,
853,PNG,NGDP_R,Papua New Guinea,"Gross domestic product, constant prices","Expressed in billions of national currency units; the base year is country-specific. Expenditure-based GDP is total final expenditures at purchasers' prices (including the f.o.b. value of exports of goods and services), less the f.o.b. value of imports of goods and services. [SNA 1993]",National currency,Billions,Source: National Statistical Office and MOF Latest actual data: 2022 National accounts manual used: System of National Accounts (SNA) 2008 GDP valuation: Market prices Reporting in calendar year: Yes Start/end months of reporting year: January/December Base year: 2013 Chain-weighted: No Primary domestic currency: Papua New Guinea kina Data last updated: 03/17/2025,16.264,16.451,16.588,17.158,16.989,17.597,18.592,19.106,19.661,19.382,18.775,20.571,23.415,26.538,29.322,28.311,30.180,28.265,29.589,30.138,29.386,29.350,29.303,31.954,32.139,33.505,34.355,37.040,36.931,39.442,43.437,43.918,45.963,47.721,54.185,57.747,60.919,63.072,62.896,65.714,63.633,63.308,66.921,69.474,72.075,75.369,78.006,80.425,82.942,85.513,88.164,2022.0,
853,PNG,NGDPD,Papua New Guinea,"Gross domestic product, current prices","Values are based upon GDP in national currency converted to U.S. dollars using market exchange rates (yearly average). Exchange rate projections are provided by country economists for the group of other emerging market and developing countries. Exchanges rates for advanced economies are established in the WEO assumptions for each WEO exercise. Expenditure-based GDP is total final expenditures at purchasers' prices (including the f.o.b. value of exports of goods and services), less the f.o.b. value of imports of goods and services. [SNA 1993]",U.S. dollars,Billions,"See notes for:  Gross domestic product, current prices (National currency).",4.087,4.011,3.805,3.799,3.509,3.250,3.535,3.885,5.400,5.238,4.757,5.596,6.466,7.349,8.077,7.149,7.608,7.272,5.558,5.072,5.169,4.531,4.387,5.488,6.279,7.339,8.355,9.545,11.671,11.619,14.251,17.985,21.295,21.261,23.211,21.723,20.759,22.743,24.110,24.751,23.848,26.113,31.653,30.729,31.654,32.835,33.924,35.310,36.550,37.688,39.101,2022.0,
853,PNG,PCPIPCH,Papua New Guinea,"Inflation, average consumer prices",Annual percentages of average consumer prices are year-on-year changes.,Percent change,Units,"See notes for:  Inflation, average consumer prices (Index).",12.064,8.054,5.535,7.902,7.421,3.710,5.454,3.337,5.445,4.480,6.953,6.966,4.310,4.977,2.849,17.281,11.632,3.943,13.590,14.932,15.596,9.298,11.799,14.709,2.159,1.781,2.368,0.911,10.767,6.913,5.102,4.441,4.537,4.960,5.222,5.996,6.674,5.422,4.412,3.892,4.872,4.483,5.253,2.299,0.586,5.517,4.600,4.600,4.600,4.500,4.500,2022.0,
853,PNG,LP,Papua New Guinea,Population,"For census purposes, the total population of the country consists of all persons falling within the scope of the census. In the broadest sense, the total may comprise either all usual residents of the country or all persons present in the country at the time of the census. [Principles and Recommendations for Population and Housing Censuses, Revision 1, paragraph 2.42]",Persons,Millions,"Source: Ministry of Finance or Treasury, World Bank, and NSO Latest actual data: 2021 Primary domestic currency: Papua New Guinea kina Data last updated: 03/17/2025",2.960,3.040,3.110,3.180,3.250,3.330,3.400,3.350,3.450,3.600,3.758,3.875,4.181,4.288,4.401,4.520,4.640,4.761,4.883,5.006,5.130,5.256,5.384,5.515,5.647,5.781,5.917,6.056,6.196,6.339,6.738,7.254,7.615,7.993,8.390,8.807,9.245,9.704,10.186,10.693,11.224,11.782,12.029,12.282,12.539,12.803,13.072,13.346,13.626,13.913,14.205,2021.0,
288,PRY,NGDP_R,Paraguay,"Gross domestic product, constant prices","Expressed in billions of national currency units; the base year is country-specific. Expenditure-based GDP is total final expenditures at purchasers' prices (including the f.o.b. value of exports of goods and services), less the f.o.b. value of imports of goods and services. [SNA 1993]",National currency,Billions,"Source: Central Bank Latest actual data: 2023 Notes: Before 2008, GDP data were constructed backward using the new 2014 base year. National accounts manual used: System of National Accounts (SNA) 2008 GDP valuation: Market prices Reporting in calendar year: Yes Start/end months of reporting year: January/December Base year: 2014 Chain-weighted: No Primary domestic currency: Paraguayan guaraní Data last updated: 03/20/2025","61,862.365","67,535.427","66,591.540","64,565.414","66,383.963","68,954.261","69,135.355","71,950.892","76,182.347","80,613.873","83,935.164","86,864.501","88,338.095","92,698.781","97,628.426","104,289.428","105,930.720","110,424.848","110,499.978","108,990.460","106,468.268","105,580.264","105,557.665","110,118.543","114,586.513","117,031.206","122,657.033","129,307.035","137,707.198","137,347.593","152,586.626","159,127.055","158,000.367","171,103.458","180,174.061","185,502.081","193,419.358","202,722.982","209,218.733","208,377.977","206,669.725","214,971.105","215,349.537","226,115.351","235,159.965","244,096.044","252,639.405","261,481.784","270,633.647","280,105.824","289,909.528",2023.0,
288,PRY,NGDPD,Paraguay,"Gross domestic product, current prices","Values are based upon GDP in national currency converted to U.S. dollars using market exchange rates (yearly average). Exchange rate projections are provided by country economists for the group of other emerging market and developing countries. Exchanges rates for advanced economies are established in the WEO assumptions for each WEO exercise. Expenditure-based GDP is total final expenditures at purchasers' prices (including the f.o.b. value of exports of goods and services), less the f.o.b. value of imports of goods and services. [SNA 1993]",U.S. dollars,Billions,"See notes for:  Gross domestic product, current prices (National currency).",4.095,5.220,5.470,6.069,4.931,4.214,5.032,4.216,5.584,4.046,4.904,6.984,7.158,7.249,7.871,9.062,9.788,9.965,9.260,8.837,8.856,8.496,7.196,7.691,9.624,10.738,13.430,17.856,24.615,22.355,27.129,33.737,33.296,38.651,40.378,36.211,36.090,38.997,40.225,37.925,35.432,39.951,41.953,43.118,43.989,45.465,48.088,50.745,53.554,56.532,59.637,2023.0,
288,PRY,PCPIPCH,Paraguay,"Inflation, average consumer prices",Annual percentages of average consumer prices are year-on-year changes.,Percent change,Units,"See notes for:  Inflation, average consumer prices (Index).",22.535,13.793,5.374,12.807,20.938,24.845,31.697,21.658,22.594,25.592,38.162,24.275,15.105,18.277,20.596,13.387,9.798,6.950,11.554,6.751,8.984,7.314,10.472,14.239,4.310,6.823,9.565,8.144,10.186,2.606,4.636,8.244,3.692,2.662,5.028,3.132,4.082,3.614,3.972,2.757,1.768,4.788,9.766,4.632,3.835,3.713,3.550,3.475,3.500,3.500,3.500,2024.0,
288,PRY,LP,Paraguay,Population,"For census purposes, the total population of the country consists of all persons falling within the scope of the census. In the broadest sense, the total may comprise either all usual residents of the country or all persons present in the country at the time of the census. [Principles and Recommendations for Population and Housing Censuses, Revision 1, paragraph 2.42]",Persons,Millions,"Source: National Statistics Office. Proyecci n de la Poblaci n Nacional,  reas Urbana y Rural por Sexo y Edad, 2000-2025 Latest actual data: 2023 Primary domestic currency: Paraguayan guaraní Data last updated: 03/20/2025",2.986,3.076,3.168,3.263,3.360,3.461,3.560,3.663,3.767,3.874,3.982,4.090,4.199,4.308,4.417,4.526,4.634,4.741,4.848,4.952,5.054,5.148,5.227,5.295,5.358,5.419,5.478,5.533,5.586,5.641,5.701,5.775,5.855,5.939,6.026,6.114,6.204,6.294,6.383,6.472,6.559,6.649,6.719,6.802,6.887,6.972,7.055,7.136,7.215,7.294,7.370,2023.0,
293,PER,NGDP_R,Peru,"Gross domestic product, constant prices","Expressed in billions of national currency units; the base year is country-specific. Expenditure-based GDP is total final expenditures at purchasers' prices (including the f.o.b. value of exports of goods and services), less the f.o.b. value of imports of goods and services. [SNA 1993]",National currency,Billions,Source: Central Bank Latest actual data: 2024 National accounts manual used: System of National Accounts (SNA) 2008 GDP valuation: Market prices Reporting in calendar year: Yes Start/end months of reporting year: January/December Base year: 2007 Chain-weighted: No Primary domestic currency: Peruvian sol Data last updated: 04/09/2025,166.847,175.959,175.388,159.026,165.070,168.518,188.919,203.538,184.362,159.617,151.493,154.854,154.017,162.094,182.044,195.536,201.010,214.028,213.190,216.377,222.208,223.579,235.773,245.592,257.771,273.971,294.598,319.693,348.870,352.693,382.081,406.256,431.199,456.435,467.308,482.507,501.582,514.215,534.626,546.604,487.192,552.286,567.799,565.509,584.358,600.954,616.640,632.056,647.859,664.086,680.662,2024.0,
293,PER,NGDPD,Peru,"Gross domestic product, current prices","Values are based upon GDP in national currency converted to U.S. dollars using market exchange rates (yearly average). Exchange rate projections are provided by country economists for the group of other emerging market and developing countries. Exchanges rates for advanced economies are established in the WEO assumptions for each WEO exercise. Expenditure-based GDP is total final expenditures at purchasers' prices (including the f.o.b. value of exports of goods and services), less the f.o.b. value of imports of goods and services. [SNA 1993]",U.S. dollars,Billions,"See notes for:  Gross domestic product, current prices (National currency).",20.190,24.398,24.259,18.863,19.442,16.823,25.241,41.681,32.978,40.699,28.326,33.988,35.377,34.330,43.225,51.380,53.412,56.281,53.918,48.719,50.414,51.034,53.954,58.537,66.126,74.232,87.459,102.187,121.308,121.892,149.230,171.369,193.276,203.042,203.785,192.850,196.348,216.578,227.583,233.004,206.461,226.268,244.419,267.482,289.070,303.293,319.095,333.627,348.299,364.090,380.757,2024.0,
293,PER,PCPIPCH,Peru,"Inflation, average consumer prices",Annual percentages of average consumer prices are year-on-year changes.,Percent change,Units,"See notes for:  Inflation, average consumer prices (Index).",59.145,75.433,64.460,111.149,110.209,163.398,77.921,85.846,666.955,"3,398.272","7,481.691",409.529,73.529,48.580,23.734,11.131,11.549,8.547,7.255,3.469,3.759,1.975,0.192,2.261,3.662,1.618,2.001,1.779,5.788,2.935,1.529,3.369,3.656,2.807,3.245,3.548,3.593,2.804,1.317,2.136,1.827,3.979,7.871,6.269,2.351,1.667,1.927,2.018,2.018,2.018,2.000,2024.0,
293,PER,LP,Peru,Population,"For census purposes, the total population of the country consists of all persons falling within the scope of the census. In the broadest sense, the total may comprise either all usual residents of the country or all persons present in the country at the time of the census. [Principles and Recommendations for Population and Housing Censuses, Revision 1, paragraph 2.42]",Persons,Millions,Source: National Statistics Office Latest actual data: 2017 Primary domestic currency: Peruvian sol Data last updated: 04/09/2025,17.546,17.987,18.430,18.873,19.318,19.766,20.219,20.676,21.135,21.588,22.032,22.480,22.924,23.366,23.806,24.243,24.689,25.145,25.593,26.014,26.390,26.715,26.999,27.255,27.492,27.722,27.935,28.122,28.300,28.485,28.693,28.906,29.113,29.341,29.616,29.964,30.423,30.974,31.562,32.131,32.626,33.035,33.397,33.731,34.068,34.409,34.753,35.101,35.452,35.806,36.164,2017.0,
566,PHL,NGDP_R,Philippines,"Gross domestic product, constant prices","Expressed in billions of national currency units; the base year is country-specific. Expenditure-based GDP is total final expenditures at purchasers' prices (including the f.o.b. value of exports of goods and services), less the f.o.b. value of imports of goods and services. [SNA 1993]",National currency,Billions,Source: National Statistics Office. accessed via Haver Latest actual data: 2024 National accounts manual used: System of National Accounts (SNA) 2008 GDP valuation: Market prices Reporting in calendar year: Yes Start/end months of reporting year: January/December Base year: 2018 Chain-weighted: No Primary domestic currency: Philippine peso Data last updated: 04/08/2025,"4,433.192","4,584.953","4,750.897","4,839.958","4,485.495","4,157.757","4,299.819","4,485.211","4,788.077","5,085.192","5,239.628","5,216.764","5,238.551","5,352.851","5,586.965","5,845.375","6,187.936","6,508.866","6,475.405","6,692.100","6,985.384","7,198.382","7,465.894","7,845.677","8,361.078","8,774.324","9,240.804","9,843.239","10,270.878","10,419.632","11,183.860","11,615.360","12,416.467","13,254.644","14,096.047","14,990.907","16,062.676","17,175.979","18,265.192","19,382.751","17,537.842","18,540.082","19,945.604","21,046.394","22,244.356","23,462.535","24,813.997","26,330.773","27,968.338","29,725.361","31,597.528",2024.0,
566,PHL,NGDPD,Philippines,"Gross domestic product, current prices","Values are based upon GDP in national currency converted to U.S. dollars using market exchange rates (yearly average). Exchange rate projections are provided by country economists for the group of other emerging market and developing countries. Exchanges rates for advanced economies are established in the WEO assumptions for each WEO exercise. Expenditure-based GDP is total final expenditures at purchasers' prices (including the f.o.b. value of exports of goods and services), less the f.o.b. value of imports of goods and services. [SNA 1993]",U.S. dollars,Billions,"See notes for:  Gross domestic product, current prices (National currency).",37.082,40.735,42.441,37.953,35.860,34.973,34.129,37.932,43.293,48.652,50.508,51.784,60.422,62.037,73.159,84.644,94.650,94.106,74.492,85.640,83.667,78.921,84.307,87.039,95.002,107.420,127.653,155.980,181.007,176.132,208.369,234.217,261.920,283.903,297.484,306.446,318.627,328.481,346.842,376.823,361.751,394.087,404.353,437.055,461.617,497.495,538.789,586.087,638.178,695.311,757.672,2024.0,
566,PHL,PCPIPCH,Philippines,"Inflation, average consumer prices",Annual percentages of average consumer prices are year-on-year changes.,Percent change,Units,"See notes for:  Inflation, average consumer prices (Index).",18.201,13.083,8.979,5.252,46.673,23.215,-0.325,3.042,12.230,11.367,13.201,19.351,8.582,6.757,12.489,6.908,8.294,5.598,9.369,6.200,6.545,5.396,2.757,2.223,4.799,6.640,5.448,2.914,8.211,4.240,3.738,4.745,3.158,2.592,3.594,0.690,1.234,2.853,5.310,2.392,2.393,3.927,5.821,5.978,3.213,2.609,2.876,3.000,3.000,3.000,3.000,2024.0,
566,PHL,LP,Philippines,Population,"For census purposes, the total population of the country consists of all persons falling within the scope of the census. In the broadest sense, the total may comprise either all usual residents of the country or all persons present in the country at the time of the census. [Principles and Recommendations for Population and Housing Censuses, Revision 1, paragraph 2.42]",Persons,Millions,Source: National Statistics Office. Accessed via Haver Latest actual data: 2024 Primary domestic currency: Philippine peso Data last updated: 04/08/2025,47.880,49.089,50.318,51.586,52.864,54.172,55.490,56.877,58.165,59.553,60.940,62.360,63.820,65.320,66.840,68.410,71.900,73.530,75.360,76.990,76.950,78.610,80.270,81.910,83.550,85.170,86.790,88.390,89.980,91.560,93.140,94.700,96.250,97.790,99.310,100.830,102.530,104.170,105.760,107.290,109.200,110.080,110.940,111.910,113.170,114.374,115.590,116.820,118.062,119.318,120.587,2024.0,
964,POL,NGDP_R,Poland,"Gross domestic product, constant prices","Expressed in billions of national currency units; the base year is country-specific. Expenditure-based GDP is total final expenditures at purchasers' prices (including the f.o.b. value of exports of goods and services), less the f.o.b. value of imports of goods and services. [SNA 1993]",National currency,Billions,"Source: National Statistics Office Latest actual data: 2024 Notes: Data prior to 1995 cannot be confirmed by national sources at this time. National accounts manual used: European System of Accounts (ESA) 2010 GDP valuation: Market prices Reporting in calendar year: Yes Start/end months of reporting year: January/December Base year: 2020 Chain-weighted: Yes, from 2020 Primary domestic currency: Polish zloty Data last updated: 04/08/2025",832.442,749.198,712.889,752.811,750.056,779.020,806.243,824.799,851.897,884.372,820.955,763.443,778.962,812.359,854.918,912.435,969.363,"1,038.056","1,089.769","1,139.073","1,187.594","1,201.908","1,219.257","1,262.217","1,326.474","1,369.727","1,454.680","1,553.022","1,621.104","1,663.498","1,716.212","1,806.407","1,833.717","1,846.264","1,918.646","2,003.677","2,064.412","2,170.780","2,306.363","2,412.007","2,362.909","2,526.592","2,659.376","2,663.069","2,739.009","2,827.673","2,915.355","3,004.021","3,092.209","3,179.555","3,266.624",2024.0,
964,POL,NGDPD,Poland,"Gross domestic product, current prices","Values are based upon GDP in national currency converted to U.S. dollars using market exchange rates (yearly average). Exchange rate projections are provided by country economists for the group of other emerging market and developing countries. Exchanges rates for advanced economies are established in the WEO assumptions for each WEO exercise. Expenditure-based GDP is total final expenditures at purchasers' prices (including the f.o.b. value of exports of goods and services), less the f.o.b. value of imports of goods and services. [SNA 1993]",U.S. dollars,Billions,"See notes for:  Gross domestic product, current prices (National currency).",56.908,53.921,65.520,75.792,75.893,71.137,74.053,64.040,68.963,67.237,62.401,80.863,89.166,90.828,104.213,139.800,157.485,157.987,172.929,168.657,172.151,191.403,199.694,218.561,256.454,307.158,345.898,429.715,535.612,440.954,478.111,527.848,498.149,518.180,542.266,479.729,472.883,528.497,594.641,602.592,605.930,689.253,695.734,809.706,908.583,979.960,"1,040.634","1,102.183","1,167.004","1,234.508","1,304.959",2024.0,
964,POL,PCPIPCH,Poland,"Inflation, average consumer prices",Annual percentages of average consumer prices are year-on-year changes.,Percent change,Units,"See notes for:  Inflation, average consumer prices (Index).",9.400,21.207,100.830,22.118,75.649,15.107,17.793,25.230,60.200,251.100,585.800,70.300,43.000,35.300,32.200,27.875,19.900,14.900,11.800,7.300,10.100,5.500,1.900,0.735,3.538,2.210,1.197,2.472,4.342,3.785,2.590,4.226,3.727,1.117,0.105,-0.924,-0.677,1.969,1.767,2.268,3.435,5.129,14.212,11.472,3.723,4.286,3.384,2.896,2.600,2.500,2.500,2024.0,
964,POL,LP,Poland,Population,"For census purposes, the total population of the country consists of all persons falling within the scope of the census. In the broadest sense, the total may comprise either all usual residents of the country or all persons present in the country at the time of the census. [Principles and Recommendations for Population and Housing Censuses, Revision 1, paragraph 2.42]",Persons,Millions,Source: National Statistics Office Latest actual data: 2024 Primary domestic currency: Polish zloty Data last updated: 04/08/2025,35.567,35.887,36.216,36.731,37.049,37.327,37.558,37.750,37.786,37.824,38.186,38.286,38.386,38.501,38.581,38.581,38.609,38.639,38.660,38.667,38.263,38.254,38.242,38.219,38.191,38.174,38.157,38.125,38.116,38.136,38.023,38.063,38.064,38.063,38.018,38.006,37.967,37.973,37.977,37.973,37.958,37.073,36.890,36.754,36.621,36.559,36.487,36.414,36.341,36.269,36.196,2024.0,
182,PRT,NGDP_R,Portugal,"Gross domestic product, constant prices","Expressed in billions of national currency units; the base year is country-specific. Expenditure-based GDP is total final expenditures at purchasers' prices (including the f.o.b. value of exports of goods and services), less the f.o.b. value of imports of goods and services. [SNA 1993]",National currency,Billions,"Source: National Statistics Office Latest actual data: 2024 National accounts manual used: European System of Accounts (ESA) 2010 GDP valuation: Market prices Reporting in calendar year: Yes Start/end months of reporting year: January/December Base year: 2021 Chain-weighted: Yes, from 1995 Primary domestic currency: Euro Data last updated: 04/08/2025",100.341,103.876,106.123,107.154,106.038,107.773,111.351,119.850,126.249,134.643,145.226,150.119,154.818,153.754,156.044,159.644,165.239,172.511,180.805,187.868,195.038,198.828,200.361,198.497,202.047,203.627,206.936,212.123,212.800,206.157,209.739,206.145,197.794,195.848,197.300,200.436,204.453,211.230,217.454,223.424,205.093,216.494,231.618,237.670,242.254,247.002,251.119,254.798,259.002,263.275,267.619,2024.0,
182,PRT,NGDPD,Portugal,"Gross domestic product, current prices","Values are based upon GDP in national currency converted to U.S. dollars using market exchange rates (yearly average). Exchange rate projections are provided by country economists for the group of other emerging market and developing countries. Exchanges rates for advanced economies are established in the WEO assumptions for each WEO exercise. Expenditure-based GDP is total final expenditures at purchasers' prices (including the f.o.b. value of exports of goods and services), less the f.o.b. value of imports of goods and services. [SNA 1993]",U.S. dollars,Billions,"See notes for:  Gross domestic product, current prices (National currency).",32.607,32.477,30.678,28.267,25.951,27.231,37.869,47.386,55.435,59.806,79.439,89.904,108.119,95.139,99.692,118.182,122.655,117.211,124.124,127.597,118.658,121.605,134.700,165.185,189.296,197.363,208.767,240.524,263.388,244.402,238.639,245.383,216.674,226.681,230.138,199.059,206.249,220.785,242.203,240.142,229.435,256.226,257.101,289.781,308.590,321.440,336.265,347.893,360.829,374.432,388.164,2024.0,
182,PRT,PCPIPCH,Portugal,"Inflation, average consumer prices",Annual percentages of average consumer prices are year-on-year changes.,Percent change,Units,"See notes for:  Inflation, average consumer prices (Index).",5.862,21.152,22.730,25.106,29.300,19.335,11.666,9.402,9.580,12.611,13.370,11.428,8.863,5.930,4.971,3.969,2.936,1.890,2.215,2.170,2.805,4.410,3.701,3.237,2.510,2.130,3.046,2.422,2.652,-0.903,1.391,3.554,2.776,0.440,-0.160,0.508,0.636,1.556,1.168,0.300,-0.121,0.941,8.103,5.264,2.670,1.949,2.083,2.027,2.060,2.022,1.856,2024.0,
182,PRT,LP,Portugal,Population,"For census purposes, the total population of the country consists of all persons falling within the scope of the census. In the broadest sense, the total may comprise either all usual residents of the country or all persons present in the country at the time of the census. [Principles and Recommendations for Population and Housing Censuses, Revision 1, paragraph 2.42]",Persons,Millions,Source: National Statistics Office Latest actual data: 2024 Primary domestic currency: Euro Data last updated: 04/08/2025,9.766,9.851,9.912,9.958,9.996,10.024,10.033,10.030,10.020,10.005,9.983,9.960,9.952,9.965,9.992,10.026,10.064,10.109,10.160,10.218,10.290,10.363,10.420,10.459,10.484,10.503,10.522,10.543,10.558,10.568,10.573,10.566,10.531,10.474,10.420,10.382,10.357,10.340,10.335,10.354,10.385,10.408,10.469,10.578,10.671,10.714,10.687,10.660,10.633,10.612,10.590,2024.0,
359,PRI,NGDP_R,Puerto Rico,"Gross domestic product, constant prices","Expressed in billions of national currency units; the base year is country-specific. Expenditure-based GDP is total final expenditures at purchasers' prices (including the f.o.b. value of exports of goods and services), less the f.o.b. value of imports of goods and services. [SNA 1993]",National currency,Billions,"Source: National Statistics Office. Puerto Rico Planning Board Latest actual data: FY2022/23 Notes: Prior to 2014, National Accounts data are extrapolated back at the growth rates from the earlier vintage, which used 1954 as a base year. National accounts manual used: Other GDP valuation: Market prices Reporting in calendar year: No. Fiscal year data are mapped to calendar year as follows: FY(t-1/t) = CY(t) Start/end months of reporting year: July/June Base year: 2017 Chain-weighted: No Primary domestic currency: US dollar Data last updated: 03/27/2025",48.717,49.239,47.737,47.961,51.471,52.531,56.820,59.614,63.493,66.630,69.149,70.743,73.972,77.407,80.648,84.316,86.267,90.477,96.374,100.627,103.920,113.758,116.227,118.948,121.312,118.901,117.225,115.863,113.726,111.506,111.045,110.647,110.679,110.339,109.026,107.882,106.518,103.445,98.933,100.591,96.385,96.757,100.209,100.774,101.782,100.967,100.867,101.875,102.486,103.306,104.133,2023.0,
359,PRI,NGDPD,Puerto Rico,"Gross domestic product, current prices","Values are based upon GDP in national currency converted to U.S. dollars using market exchange rates (yearly average). Exchange rate projections are provided by country economists for the group of other emerging market and developing countries. Exchanges rates for advanced economies are established in the WEO assumptions for each WEO exercise. Expenditure-based GDP is total final expenditures at purchasers' prices (including the f.o.b. value of exports of goods and services), less the f.o.b. value of imports of goods and services. [SNA 1993]",U.S. dollars,Billions,"See notes for:  Gross domestic product, current prices (National currency).",14.436,15.956,16.764,17.277,19.163,20.289,21.969,23.878,26.178,28.267,30.604,32.287,34.630,36.923,39.691,42.647,45.341,48.187,54.086,57.841,61.702,69.669,72.546,75.834,80.322,83.915,87.276,89.524,93.639,96.386,98.381,100.352,101.565,102.450,102.446,103.376,104.337,103.446,100.958,105.126,103.131,106.427,113.567,117.902,120.978,122.522,124.775,128.477,131.641,134.823,137.978,2023.0,
359,PRI,PCPIPCH,Puerto Rico,"Inflation, average consumer prices",Annual percentages of average consumer prices are year-on-year changes.,Percent change,Units,"See notes for:  Inflation, average consumer prices (Index).",,9.470,3.244,0.338,1.734,0.212,-0.236,2.078,2.577,2.832,4.368,2.238,1.486,0.967,1.438,1.915,3.312,1.886,0.059,0.671,3.077,0.583,0.190,1.388,2.536,5.611,5.184,4.228,5.210,0.278,2.474,2.899,1.346,1.061,0.566,-0.751,-0.294,1.752,1.272,0.084,-0.497,2.410,6.018,3.478,1.593,2.093,1.940,1.948,1.852,1.604,1.528,2023.0,
359,PRI,LP,Puerto Rico,Population,"For census purposes, the total population of the country consists of all persons falling within the scope of the census. In the broadest sense, the total may comprise either all usual residents of the country or all persons present in the country at the time of the census. [Principles and Recommendations for Population and Housing Censuses, Revision 1, paragraph 2.42]",Persons,Millions,Source: National Statistics Office Latest actual data: 2023 Primary domestic currency: US dollar Data last updated: 03/27/2025,3.203,3.229,3.257,3.286,3.317,3.349,3.382,3.417,3.454,3.492,3.528,3.551,3.575,3.600,3.627,3.655,3.685,3.716,3.748,3.782,3.811,3.819,3.824,3.826,3.827,3.821,3.805,3.783,3.761,3.740,3.722,3.679,3.634,3.593,3.535,3.474,3.411,3.300,3.200,3.200,3.159,3.200,3.200,3.206,3.190,3.174,3.158,3.142,3.126,3.111,3.095,2023.0,
453,QAT,NGDP_R,Qatar,"Gross domestic product, constant prices","Expressed in billions of national currency units; the base year is country-specific. Expenditure-based GDP is total final expenditures at purchasers' prices (including the f.o.b. value of exports of goods and services), less the f.o.b. value of imports of goods and services. [SNA 1993]",National currency,Billions,"Source: National Statistics Office. Qatar Planning and Statistics Authority(from 2010); Haver and IMF staff estimates (pre-2010). Latest actual data: 2023. 2023Q4 National accounts manual used: System of National Accounts (SNA) 1993 GDP valuation: Market prices Reporting in calendar year: Yes Start/end months of reporting year: January/December Base year: 2018. Base year 2018 only applies to GDP by production methods, and does not apply to GDP by expenditure methods. We do not have latest data on GDP by expenditure methods at constant price. Chain-weighted: No Primary domestic currency: Qatari riyal Data last updated: 04/11/2025",90.830,87.293,80.126,75.856,87.985,76.519,79.356,80.070,83.833,88.276,75.349,74.201,81.935,81.206,82.772,83.071,86.584,110.607,121.947,126.541,135.330,141.420,151.140,157.166,187.381,201.981,258.703,305.762,359.253,406.181,478.261,532.316,557.495,588.470,619.861,649.325,669.221,659.199,667.339,671.932,648.028,658.571,686.132,695.523,711.978,729.135,770.099,831.135,860.547,874.397,904.100,2023.0,
453,QAT,NGDPD,Qatar,"Gross domestic product, current prices","Values are based upon GDP in national currency converted to U.S. dollars using market exchange rates (yearly average). Exchange rate projections are provided by country economists for the group of other emerging market and developing countries. Exchanges rates for advanced economies are established in the WEO assumptions for each WEO exercise. Expenditure-based GDP is total final expenditures at purchasers' prices (including the f.o.b. value of exports of goods and services), less the f.o.b. value of imports of goods and services. [SNA 1993]",U.S. dollars,Billions,"See notes for:  Gross domestic product, current prices (National currency).",6.665,7.374,6.467,5.506,5.708,5.339,4.214,4.441,4.260,4.502,6.266,5.579,6.384,5.804,5.946,6.861,7.761,9.976,8.488,11.266,18.085,17.498,19.334,23.716,30.651,44.636,58.629,75.987,112.621,88.196,119.707,167.775,186.834,198.728,206.225,161.740,151.732,161.099,183.335,176.371,144.411,179.732,235.709,213.003,221.452,222.776,236.073,256.377,269.131,278.701,292.196,2023.0,
453,QAT,PCPIPCH,Qatar,"Inflation, average consumer prices",Annual percentages of average consumer prices are year-on-year changes.,Percent change,Units,"See notes for:  Inflation, average consumer prices (Index).",6.838,8.460,5.700,2.696,1.142,1.129,1.897,4.491,4.822,3.300,3.012,4.511,2.878,-0.699,1.408,3.009,6.966,2.731,2.863,2.187,1.556,1.724,0.240,2.260,6.814,8.966,11.709,13.739,15.068,-4.870,-2.389,1.981,1.829,3.143,4.244,0.939,2.689,0.604,0.100,-0.900,-2.523,2.277,4.960,3.086,1.073,1.231,1.369,1.569,1.770,1.969,2.038,2023.0,
453,QAT,LP,Qatar,Population,"For census purposes, the total population of the country consists of all persons falling within the scope of the census. In the broadest sense, the total may comprise either all usual residents of the country or all persons present in the country at the time of the census. [Principles and Recommendations for Population and Housing Censuses, Revision 1, paragraph 2.42]",Persons,Millions,Source: National Statistics Office. Qatar Planning and Statistics Authority Latest actual data: 2023 Primary domestic currency: Qatari riyal Data last updated: 04/11/2025,0.245,0.265,0.285,0.306,0.326,0.345,0.362,0.377,0.392,0.408,0.477,0.485,0.490,0.492,0.495,0.501,0.512,0.529,0.550,0.572,0.594,0.612,0.630,0.660,0.720,0.821,0.968,1.152,1.554,1.639,1.715,1.733,1.833,2.004,2.216,2.438,2.618,2.725,2.760,2.799,2.834,2.748,2.932,3.063,3.094,3.109,3.125,3.140,3.156,3.172,3.188,2023.0,
968,ROU,NGDP_R,Romania,"Gross domestic product, constant prices","Expressed in billions of national currency units; the base year is country-specific. Expenditure-based GDP is total final expenditures at purchasers' prices (including the f.o.b. value of exports of goods and services), less the f.o.b. value of imports of goods and services. [SNA 1993]",National currency,Billions,"Source: National Statistics Office. Source: Eurostat and National Institute of Statistics. Latest actual data: 2024 National accounts manual used: European System of Accounts (ESA) 2010 GDP valuation: Market prices Reporting in calendar year: Yes Start/end months of reporting year: January/December Base year: 2020 Chain-weighted: Yes, from 2000 Primary domestic currency: Romanian leu Data last updated: 04/09/2025",576.082,576.658,599.148,635.097,673.203,672.529,688.670,694.180,690.709,650.648,614.130,534.742,487.865,495.317,514.793,551.540,573.316,538.613,512.665,506.770,521.571,548.788,580.085,593.666,655.574,686.177,741.269,794.891,868.875,820.942,788.878,824.342,840.034,842.376,877.048,904.737,930.612,"1,006.880","1,068.510","1,110.431","1,069.629","1,128.948","1,173.714","1,201.933","1,212.226","1,231.585","1,265.563","1,306.061","1,349.161","1,395.032","1,443.858",2024.0,
968,ROU,NGDPD,Romania,"Gross domestic product, current prices","Values are based upon GDP in national currency converted to U.S. dollars using market exchange rates (yearly average). Exchange rate projections are provided by country economists for the group of other emerging market and developing countries. Exchanges rates for advanced economies are established in the WEO assumptions for each WEO exercise. Expenditure-based GDP is total final expenditures at purchasers' prices (including the f.o.b. value of exports of goods and services), less the f.o.b. value of imports of goods and services. [SNA 1993]",U.S. dollars,Billions,"See notes for:  Gross domestic product, current prices (National currency).",46.053,55.319,55.375,48.401,39.111,48.286,52.290,58.477,60.538,54.236,38.516,29.070,19.779,26.624,30.376,35.838,35.692,35.644,42.543,35.953,37.447,40.396,46.035,57.790,75.059,98.547,122.114,174.831,215.567,174.572,170.329,192.846,179.228,189.839,199.989,177.878,185.337,210.530,243.651,251.652,252.372,286.783,296.928,350.847,384.148,403.395,424.375,446.232,470.105,496.488,524.867,2024.0,
968,ROU,PCPIPCH,Romania,"Inflation, average consumer prices",Annual percentages of average consumer prices are year-on-year changes.,Percent change,Units,"See notes for:  Inflation, average consumer prices (Index).",1.523,2.200,16.928,4.686,-0.320,-0.200,0.700,1.100,2.600,0.900,127.900,161.121,210.386,256.105,136.742,32.272,38.809,154.763,59.097,45.804,45.667,34.454,22.498,15.370,11.855,8.995,6.591,4.834,7.846,5.584,6.113,5.795,3.339,4.002,1.076,-0.596,-1.555,1.344,4.631,3.825,2.646,5.046,13.800,10.397,5.584,4.608,3.095,3.251,2.888,2.761,2.683,2024.0,
968,ROU,LP,Romania,Population,"For census purposes, the total population of the country consists of all persons falling within the scope of the census. In the broadest sense, the total may comprise either all usual residents of the country or all persons present in the country at the time of the census. [Principles and Recommendations for Population and Housing Censuses, Revision 1, paragraph 2.42]",Persons,Millions,Source: Eurostat Latest actual data: 2024 Primary domestic currency: Romanian leu Data last updated: 04/09/2025,22.442,22.576,22.683,22.775,22.868,22.971,23.093,23.224,23.346,23.431,23.459,23.423,23.333,23.205,23.064,22.927,22.800,22.679,22.565,22.458,22.455,22.430,21.833,21.628,21.521,21.382,21.257,21.131,20.635,20.440,20.295,20.199,20.096,20.020,19.947,19.871,19.761,19.644,19.533,19.414,19.329,19.202,19.042,19.055,18.944,18.832,18.715,18.593,18.467,18.342,18.219,2024.0,
922,RUS,NGDP_R,Russia,"Gross domestic product, constant prices","Expressed in billions of national currency units; the base year is country-specific. Expenditure-based GDP is total final expenditures at purchasers' prices (including the f.o.b. value of exports of goods and services), less the f.o.b. value of imports of goods and services. [SNA 1993]",National currency,Billions,"Source: National Statistics Office Latest actual data: 2024. Quarterly distribution of 2024 is not yet available. Q1-Q3 will be revised. Notes: Gross capital formation includes statistical discrepancy before 2010.For 2022 and 2023, estimates of exports and imports in the national accounts are staff s, as the authorities only publish net exports. Staff s estimates of exports and imports are so tha National accounts manual used: System of National Accounts (SNA) 2008 GDP valuation: Market prices Reporting in calendar year: Yes Start/end months of reporting year: January/December Base year: 2021. The discrepancy in historical national account comes from source data which recently got rebased. In the new methodology they rebased all the components of GDP to 2021 prices. Chain-weighted: Yes, from 1995 Primary domestic currency: Russian ruble Data last updated: 04/10/2025",,,,,,,,,,,,,"84,500.613","77,149.060","67,351.129","64,589.733","62,276.592","63,133.440","59,775.411","63,569.653","69,961.230","73,516.427","77,005.638","82,669.961","88,577.098","94,243.009","101,938.165","110,654.194","116,460.316","107,352.032","112,196.123","116,678.031","121,373.255","123,503.868","124,413.187","121,958.864","122,195.063","124,427.207","127,919.058","130,730.816","127,261.672","134,727.467","132,792.960","138,214.908","143,881.552","145,976.749","147,239.719","148,859.356","150,556.353","152,363.029","154,191.385",2024.0,
922,RUS,NGDPD,Russia,"Gross domestic product, current prices","Values are based upon GDP in national currency converted to U.S. dollars using market exchange rates (yearly average). Exchange rate projections are provided by country economists for the group of other emerging market and developing countries. Exchanges rates for advanced economies are established in the WEO assumptions for each WEO exercise. Expenditure-based GDP is total final expenditures at purchasers' prices (including the f.o.b. value of exports of goods and services), less the f.o.b. value of imports of goods and services. [SNA 1993]",U.S. dollars,Billions,"See notes for:  Gross domestic product, current prices (National currency).",,,,,,,,,,,,,71.603,196.227,293.768,335.777,412.685,433.704,287.672,209.657,278.264,328.475,370.062,461.518,633.294,817.717,"1,060.901","1,393.416","1,779.109","1,307.927","1,633.111","2,046.621","2,191.486","2,288.428","2,048.837","1,356.703","1,280.648","1,575.140","1,653.005","1,695.724","1,488.118","1,828.927","2,295.527","2,059.762","2,161.205","2,076.396","2,085.148","2,153.274","2,227.172","2,303.677","2,384.213",2024.0,
922,RUS,PCPIPCH,Russia,"Inflation, average consumer prices",Annual percentages of average consumer prices are year-on-year changes.,Percent change,Units,"See notes for:  Inflation, average consumer prices (Index).",,,,,,,,,,,,,,874.255,307.547,197.300,47.752,14.761,27.686,85.746,20.799,21.477,15.789,13.663,10.889,12.685,9.669,9.007,14.111,11.647,6.849,8.440,5.075,6.754,7.823,15.534,7.042,3.683,2.878,4.470,3.382,6.694,13.750,5.859,8.444,9.265,5.492,4.000,4.000,4.000,4.000,2024.0,
922,RUS,LP,Russia,Population,"For census purposes, the total population of the country consists of all persons falling within the scope of the census. In the broadest sense, the total may comprise either all usual residents of the country or all persons present in the country at the time of the census. [Principles and Recommendations for Population and Housing Censuses, Revision 1, paragraph 2.42]",Persons,Millions,Source: National Statistics Office Latest actual data: 2024 Primary domestic currency: Russian ruble Data last updated: 04/10/2025,,,,,,,,,,147.399,147.969,148.394,148.538,148.459,148.408,148.376,148.160,147.915,147.671,147.215,146.597,145.976,145.306,144.649,144.067,143.519,143.050,142.805,142.742,142.785,142.849,143.018,143.378,143.806,146.508,146.963,147.381,147.689,147.819,147.900,147.708,147.218,146.714,146.299,146.080,145.632,145.159,144.672,144.181,143.709,143.255,2024.0,
714,RWA,NGDP_R,Rwanda,"Gross domestic product, constant prices","Expressed in billions of national currency units; the base year is country-specific. Expenditure-based GDP is total final expenditures at purchasers' prices (including the f.o.b. value of exports of goods and services), less the f.o.b. value of imports of goods and services. [SNA 1993]",National currency,Billions,Source: National Statistics Office Latest actual data: 2023 National accounts manual used: System of National Accounts (SNA) 2008 GDP valuation: Market prices Reporting in calendar year: Yes Start/end months of reporting year: January/December Base year: 2017 Chain-weighted: No Primary domestic currency: Rwandan franc Data last updated: 04/08/2025,"1,742.636","1,785.720","1,741.642","1,846.751","2,086.354","2,177.900","2,297.702","2,290.920","2,297.702","2,166.598","2,175.675","2,082.121","2,219.541","1,989.195","1,155.922","1,439.598","1,606.527","1,845.899","1,999.845","2,066.000","2,239.000","2,429.000","2,749.000","2,810.000","3,019.000","3,303.000","3,607.000","3,882.000","4,315.000","4,585.000","4,921.000","5,313.000","5,772.000","6,045.000","6,417.000","6,986.000","7,403.000","7,694.000","8,350.000","9,138.000","8,830.000","9,789.000","10,587.000","11,461.000","12,480.000","13,367.206","14,366.592","15,429.918","16,512.376","17,661.975","18,893.977",2023.0,
714,RWA,NGDPD,Rwanda,"Gross domestic product, current prices","Values are based upon GDP in national currency converted to U.S. dollars using market exchange rates (yearly average). Exchange rate projections are provided by country economists for the group of other emerging market and developing countries. Exchanges rates for advanced economies are established in the WEO assumptions for each WEO exercise. Expenditure-based GDP is total final expenditures at purchasers' prices (including the f.o.b. value of exports of goods and services), less the f.o.b. value of imports of goods and services. [SNA 1993]",U.S. dollars,Billions,"See notes for:  Gross domestic product, current prices (National currency).",1.493,1.695,1.808,1.932,1.851,2.199,2.490,2.765,2.959,3.090,2.954,2.179,2.313,2.231,1.418,1.470,1.593,2.144,2.290,2.131,2.049,1.967,1.963,2.139,2.388,2.945,3.318,4.069,5.183,5.675,6.124,6.885,7.654,7.821,8.240,8.546,8.695,9.253,9.638,10.349,10.174,11.066,13.313,14.331,14.251,14.771,15.472,16.308,17.239,18.430,19.968,2023.0,
714,RWA,PCPIPCH,Rwanda,"Inflation, average consumer prices",Annual percentages of average consumer prices are year-on-year changes.,Percent change,Units,"See notes for:  Inflation, average consumer prices (Index).",7.195,6.438,12.613,6.629,5.359,1.729,-1.100,4.146,2.913,1.038,4.202,19.600,9.500,12.468,20.996,55.967,13.193,11.755,6.462,-2.419,3.908,3.359,1.981,7.445,11.980,9.122,8.831,9.081,15.440,10.343,2.319,5.664,6.285,4.218,1.771,2.535,5.720,4.823,1.355,2.417,7.733,0.828,13.882,14.029,4.769,7.000,4.675,5.000,5.000,5.000,5.000,2023.0,
714,RWA,LP,Rwanda,Population,"For census purposes, the total population of the country consists of all persons falling within the scope of the census. In the broadest sense, the total may comprise either all usual residents of the country or all persons present in the country at the time of the census. [Principles and Recommendations for Population and Housing Censuses, Revision 1, paragraph 2.42]",Persons,Millions,Source: Ministry of Finance or Treasury Latest actual data: 2022 Primary domestic currency: Rwandan franc Data last updated: 04/08/2025,5.101,5.288,5.486,5.694,5.832,6.030,6.237,6.455,6.682,6.910,7.073,7.290,7.295,6.847,6.346,5.992,5.925,6.203,6.769,7.500,7.700,7.900,8.100,8.300,8.600,8.800,9.000,9.200,9.500,9.700,10.000,10.200,10.483,10.737,10.997,11.263,11.533,11.809,12.090,12.374,12.663,12.956,13.246,13.499,13.857,14.162,14.471,14.786,15.053,15.322,15.622,2022.0,
862,WSM,NGDP_R,Samoa,"Gross domestic product, constant prices","Expressed in billions of national currency units; the base year is country-specific. Expenditure-based GDP is total final expenditures at purchasers' prices (including the f.o.b. value of exports of goods and services), less the f.o.b. value of imports of goods and services. [SNA 1993]",National currency,Billions,"Source: National Statistics Office Latest actual data: FY2023/24 Notes: Data prior to 2000 cannot be confirmed by national sources at this time. National accounts manual used: System of National Accounts (SNA) 2008 GDP valuation: Market prices. Data refer to fiscal years Reporting in calendar year: No. Fiscal year data are mapped to calendar year as follows: FY(t-1/t) = CY(t) Start/end months of reporting year: July/June Base year: FY2012/13. Base year was updated from 2009 to 2013, affecting the data from 2009. Chain-weighted: No Primary domestic currency: Samoan tala Data last updated: 04/14/2025",0.925,0.841,0.833,0.837,0.853,0.903,0.946,0.951,0.978,1.035,0.969,0.945,0.984,1.001,1.065,1.134,1.217,1.227,1.240,1.232,1.295,1.391,1.469,1.546,1.594,1.699,1.736,1.744,1.806,1.796,1.842,1.913,1.841,1.843,1.856,1.927,2.081,2.110,2.097,2.191,2.123,1.974,1.868,2.040,2.232,2.352,2.412,2.461,2.511,2.561,2.612,2024.0,
862,WSM,NGDPD,Samoa,"Gross domestic product, current prices","Values are based upon GDP in national currency converted to U.S. dollars using market exchange rates (yearly average). Exchange rate projections are provided by country economists for the group of other emerging market and developing countries. Exchanges rates for advanced economies are established in the WEO assumptions for each WEO exercise. Expenditure-based GDP is total final expenditures at purchasers' prices (including the f.o.b. value of exports of goods and services), less the f.o.b. value of imports of goods and services. [SNA 1993]",U.S. dollars,Billions,"See notes for:  Gross domestic product, current prices (National currency).",0.127,0.119,0.122,0.113,0.111,0.106,0.112,0.124,0.138,0.141,0.182,0.176,0.193,0.198,0.158,0.242,0.258,0.280,0.286,0.262,0.271,0.273,0.289,0.342,0.418,0.486,0.516,0.568,0.684,0.618,0.680,0.744,0.773,0.798,0.797,0.824,0.844,0.885,0.878,0.913,0.869,0.844,0.833,0.938,1.068,1.160,1.217,1.269,1.323,1.392,1.454,2024.0,
862,WSM,PCPIPCH,Samoa,"Inflation, average consumer prices",Annual percentages of average consumer prices are year-on-year changes.,Percent change,Units,"See notes for:  Inflation, average consumer prices (Index).",33.050,20.510,18.300,16.460,11.860,9.091,2.682,11.161,3.192,12.250,8.483,-1.820,9.034,1.709,12.087,-2.926,5.418,6.900,5.400,0.373,-0.165,1.891,7.430,4.367,7.847,7.821,3.231,4.482,6.267,14.642,-0.201,2.875,6.191,-0.207,-1.238,1.923,0.073,1.346,3.683,2.189,1.480,-3.010,8.747,11.981,3.586,3.084,3.007,3.000,3.000,3.000,3.000,2024.0,
862,WSM,LP,Samoa,Population,"For census purposes, the total population of the country consists of all persons falling within the scope of the census. In the broadest sense, the total may comprise either all usual residents of the country or all persons present in the country at the time of the census. [Principles and Recommendations for Population and Housing Censuses, Revision 1, paragraph 2.42]",Persons,Millions,Source: Asian Development Bank; Samoa Bureau of Statistics. Latest actual data: 2023 Primary domestic currency: Samoan tala Data last updated: 04/14/2025,,,,,,,,,,,,,,,,,,,0.173,0.174,0.174,0.175,0.176,0.177,0.179,0.180,0.181,0.182,0.183,0.185,0.186,0.187,0.189,0.191,0.192,0.193,0.195,0.197,0.200,0.205,0.202,0.204,0.207,0.209,0.211,0.212,0.213,0.214,0.216,0.217,0.218,2023.0,
135,SMR,NGDP_R,San Marino,"Gross domestic product, constant prices","Expressed in billions of national currency units; the base year is country-specific. Expenditure-based GDP is total final expenditures at purchasers' prices (including the f.o.b. value of exports of goods and services), less the f.o.b. value of imports of goods and services. [SNA 1993]",National currency,Billions,Source: National Statistics Office Latest actual data: 2022 National accounts manual used: European System of Accounts (ESA) 2010 GDP valuation: Market prices Reporting in calendar year: Yes Start/end months of reporting year: January/December Base year: 2007 Chain-weighted: No Primary domestic currency: Euro Data last updated: 04/01/2025,,,,,,,,,,,,,,,,,,1.018,1.094,1.193,1.219,1.287,1.291,1.341,1.402,1.436,1.491,1.597,1.591,1.429,1.346,1.231,1.141,1.132,1.125,1.155,1.182,1.185,1.203,1.227,1.143,1.308,1.411,1.416,1.426,1.441,1.459,1.477,1.495,1.515,1.534,2022.0,
135,SMR,NGDPD,San Marino,"Gross domestic product, current prices","Values are based upon GDP in national currency converted to U.S. dollars using market exchange rates (yearly average). Exchange rate projections are provided by country economists for the group of other emerging market and developing countries. Exchanges rates for advanced economies are established in the WEO assumptions for each WEO exercise. Expenditure-based GDP is total final expenditures at purchasers' prices (including the f.o.b. value of exports of goods and services), less the f.o.b. value of imports of goods and services. [SNA 1993]",U.S. dollars,Billions,"See notes for:  Gross domestic product, current prices (National currency).",,,,,,,,,,,,,,,,,,,,,1.008,1.060,1.148,1.462,1.714,1.788,1.910,2.189,2.403,2.062,1.883,1.813,1.606,1.678,1.674,1.420,1.468,1.528,1.656,1.616,1.543,1.857,1.833,2.003,2.063,2.047,2.114,2.181,2.253,2.329,2.406,2022.0,
135,SMR,PCPIPCH,San Marino,"Inflation, average consumer prices",Annual percentages of average consumer prices are year-on-year changes.,Percent change,Units,"See notes for:  Inflation, average consumer prices (Index).",,,,,,,,,,,,,,,,,,,,,,,,1.337,1.429,1.687,2.095,2.475,4.096,2.417,2.413,2.179,2.827,1.604,1.113,0.146,0.644,1.014,1.163,0.473,-0.133,1.616,5.325,5.930,1.244,2.026,1.976,2.000,2.000,2.000,2.000,2023.0,
135,SMR,LP,San Marino,Population,"For census purposes, the total population of the country consists of all persons falling within the scope of the census. In the broadest sense, the total may comprise either all usual residents of the country or all persons present in the country at the time of the census. [Principles and Recommendations for Population and Housing Censuses, Revision 1, paragraph 2.42]",Persons,Millions,Source: National Statistics Office Latest actual data: 2023 Primary domestic currency: Euro Data last updated: 04/01/2025,,,,,,,,,,,,,,,,,,,,,,,,,0.029,0.029,0.030,0.030,0.030,0.031,0.031,0.032,0.032,0.032,0.033,0.033,0.033,0.033,0.033,0.034,0.034,0.034,0.034,0.034,0.034,0.034,0.034,0.035,0.035,0.035,0.035,2023.0,
716,STP,NGDP_R,São Tomé and Príncipe,"Gross domestic product, constant prices","Expressed in billions of national currency units; the base year is country-specific. Expenditure-based GDP is total final expenditures at purchasers' prices (including the f.o.b. value of exports of goods and services), less the f.o.b. value of imports of goods and services. [SNA 1993]",National currency,Billions,Source: National Statistics Office. Instituto Nacional de Estatistica de Sao Tome & Principe. Latest actual data: 2023 Notes: There is a break in the series for 2001 onwards due to revision in GDP data. National accounts manual used: System of National Accounts (SNA) 1993 GDP valuation: Market prices Reporting in calendar year: Yes Start/end months of reporting year: January/December Base year: 2008. Previously it was 2000. Manual revision to 2000 to smooth the series since the authorities did not splice and provide 2000. The rebased series begins in 2001 Chain-weighted: No Primary domestic currency: São Tomé and Príncipe dobra Data last updated: 03/03/2025,1.828,1.640,1.690,1.625,1.527,1.669,1.572,1.526,1.556,1.605,1.570,1.589,1.600,1.618,1.654,1.687,1.712,1.729,1.772,1.816,1.825,1.868,1.913,2.039,2.117,2.267,2.473,2.554,2.763,2.854,2.896,2.953,3.040,3.196,3.353,3.405,3.581,3.728,3.891,3.969,4.072,4.150,4.158,4.175,4.212,4.344,4.554,4.738,4.904,5.076,5.254,2023.0,
716,STP,NGDPD,São Tomé and Príncipe,"Gross domestic product, current prices","Values are based upon GDP in national currency converted to U.S. dollars using market exchange rates (yearly average). Exchange rate projections are provided by country economists for the group of other emerging market and developing countries. Exchanges rates for advanced economies are established in the WEO assumptions for each WEO exercise. Expenditure-based GDP is total final expenditures at purchasers' prices (including the f.o.b. value of exports of goods and services), less the f.o.b. value of imports of goods and services. [SNA 1993]",U.S. dollars,Billions,"See notes for:  Gross domestic product, current prices (National currency).",0.069,0.084,0.081,0.076,0.079,0.083,0.117,0.117,0.100,0.099,0.120,0.108,0.096,0.127,0.132,0.104,0.136,0.093,0.073,0.078,0.077,0.072,0.080,0.096,0.104,0.125,0.133,0.145,0.188,0.201,0.191,0.228,0.231,0.269,0.295,0.262,0.294,0.325,0.387,0.416,0.476,0.529,0.546,0.684,0.796,0.864,0.962,1.046,1.130,1.222,1.320,2023.0,
716,STP,PCPIPCH,São Tomé and Príncipe,"Inflation, average consumer prices",Annual percentages of average consumer prices are year-on-year changes.,Percent change,Units,"See notes for:  Inflation, average consumer prices (Index).",0.216,11.483,0.400,7.000,3.200,0.100,13.900,25.000,44.277,42.886,42.248,46.480,33.697,25.500,51.160,36.800,42.047,69.049,42.105,11.011,11.011,9.219,10.130,9.793,13.285,17.152,23.075,18.550,31.991,16.957,13.339,14.321,10.638,8.106,6.988,6.130,5.407,5.690,7.873,7.716,9.820,8.138,18.006,21.184,14.416,9.598,6.319,5.003,5.013,5.034,5.039,2024.0,
716,STP,LP,São Tomé and Príncipe,Population,"For census purposes, the total population of the country consists of all persons falling within the scope of the census. In the broadest sense, the total may comprise either all usual residents of the country or all persons present in the country at the time of the census. [Principles and Recommendations for Population and Housing Censuses, Revision 1, paragraph 2.42]",Persons,Millions,Source: International Financial Institution. World Development Indicators. Latest actual data: 2011 Notes: Data revised to use the United Nations/World Bank database from 1980. Primary domestic currency: São Tomé and Príncipe dobra Data last updated: 03/03/2025,0.089,0.090,0.092,0.095,0.097,0.099,0.102,0.105,0.108,0.111,0.114,0.118,0.121,0.123,0.125,0.127,0.130,0.132,0.135,0.137,0.139,0.142,0.144,0.147,0.151,0.155,0.159,0.163,0.167,0.171,0.175,0.179,0.183,0.187,0.191,0.196,0.200,0.204,0.209,0.213,0.218,0.223,0.227,0.232,0.237,0.242,0.257,0.262,0.267,0.273,0.278,2011.0,
456,SAU,NGDP_R,Saudi Arabia,"Gross domestic product, constant prices","Expressed in billions of national currency units; the base year is country-specific. Expenditure-based GDP is total final expenditures at purchasers' prices (including the f.o.b. value of exports of goods and services), less the f.o.b. value of imports of goods and services. [SNA 1993]",National currency,Billions,"Source: National Statistics Office. General Authority for Statistics, Kingdom of Saudi Arabia (GSTAT) Latest actual data: 2024 National accounts manual used: System of National Accounts (SNA) 2008 GDP valuation: Factor costs Reporting in calendar year: Yes Start/end months of reporting year: January/December Base year: 2018 Chain-weighted: Yes, from 2018 Primary domestic currency: Saudi riyal Data last updated: 04/10/2025","1,543.116","1,589.143","1,333.146","1,186.587","1,139.035","1,056.890","1,067.545","1,034.099","1,102.353","1,106.930","1,211.270","1,310.846","1,370.890","1,376.098","1,389.211","1,393.541","1,439.593","1,477.704","1,519.136","1,509.513","1,580.735","1,586.182","1,575.263","1,713.394","1,861.276","1,971.927","2,037.267","2,082.364","2,212.263","2,188.664","2,298.962","2,551.704","2,689.724","2,757.902","2,863.018","2,992.113","3,048.499","3,076.272","3,174.689","3,209.539","3,094.588","3,251.642","3,495.059","3,468.671","3,513.959","3,619.005","3,754.424","3,887.922","4,011.376","4,138.732","4,274.546",2024.0,
456,SAU,NGDPD,Saudi Arabia,"Gross domestic product, current prices","Values are based upon GDP in national currency converted to U.S. dollars using market exchange rates (yearly average). Exchange rate projections are provided by country economists for the group of other emerging market and developing countries. Exchanges rates for advanced economies are established in the WEO assumptions for each WEO exercise. Expenditure-based GDP is total final expenditures at purchasers' prices (including the f.o.b. value of exports of goods and services), less the f.o.b. value of imports of goods and services. [SNA 1993]",U.S. dollars,Billions,"See notes for:  Gross domestic product, current prices (National currency).",164.540,184.292,153.240,129.181,119.631,103.894,86.886,85.582,88.138,95.217,117.474,132.047,136.905,132.790,134.995,143.152,158.451,165.742,146.776,161.717,189.515,184.138,189.606,215.808,258.742,328.205,376.398,415.687,519.797,429.098,528.207,676.635,741.850,753.864,766.606,669.485,666.000,714.994,846.584,838.565,734.271,874.157,"1,108.571","1,067.583","1,085.358","1,083.749","1,122.465","1,180.930","1,242.552","1,307.069","1,374.158",2024.0,
456,SAU,PCPIPCH,Saudi Arabia,"Inflation, average consumer prices",Annual percentages of average consumer prices are year-on-year changes.,Percent change,Units,"See notes for:  Inflation, average consumer prices (Index).",4.402,3.589,1.866,0.576,-0.676,-2.309,-3.121,-2.394,-0.350,1.212,-1.056,3.880,-1.028,1.241,1.363,5.136,0.270,-0.246,-0.422,-2.123,-1.035,-1.119,0.111,0.479,0.294,0.573,1.904,4.976,6.121,4.262,3.698,3.744,2.866,3.530,2.236,1.206,2.069,-0.838,2.458,-2.093,3.445,3.063,2.474,2.327,1.688,1.992,2.000,2.000,2.000,2.000,2.000,2024.0,
456,SAU,LP,Saudi Arabia,Population,"For census purposes, the total population of the country consists of all persons falling within the scope of the census. In the broadest sense, the total may comprise either all usual residents of the country or all persons present in the country at the time of the census. [Principles and Recommendations for Population and Housing Censuses, Revision 1, paragraph 2.42]",Persons,Millions,"Source: National Statistics Office. General Authority for Statistics, Kingdom of Saudi Arabia (GSTAT) Latest actual data: 2024 Primary domestic currency: Saudi riyal Data last updated: 04/10/2025",8.419,8.841,9.283,9.748,10.235,10.748,11.285,11.850,12.443,13.066,13.720,14.442,14.812,15.192,15.582,15.981,16.391,16.811,17.242,17.684,18.138,18.603,19.080,19.569,20.071,20.586,21.113,21.655,22.210,22.780,23.978,25.092,26.169,27.624,28.309,29.816,30.954,30.977,30.196,30.064,31.553,30.784,32.175,33.703,35.300,36.006,36.726,37.461,38.210,38.974,39.754,2024.0,
722,SEN,NGDP_R,Senegal,"Gross domestic product, constant prices","Expressed in billions of national currency units; the base year is country-specific. Expenditure-based GDP is total final expenditures at purchasers' prices (including the f.o.b. value of exports of goods and services), less the f.o.b. value of imports of goods and services. [SNA 1993]",National currency,Billions,Source: National Statistics Office Latest actual data: 2022 National accounts manual used: System of National Accounts (SNA) 2008 GDP valuation: Market prices Reporting in calendar year: Yes Start/end months of reporting year: January/December Base year: 2014 Chain-weighted: No Primary domestic currency: CFA franc Data last updated: 02/26/2025,"3,483.268","3,659.852","3,946.897","3,736.670","3,876.637","4,003.925","4,128.581","4,380.192","4,354.242","4,527.448","4,496.859","4,611.790","4,669.099","4,730.327","4,719.529","5,007.088","5,100.907","5,239.494","5,552.405","5,884.309","6,113.045","6,376.569","6,380.950","6,737.897","7,050.757","7,354.662","7,526.082","7,738.853","8,025.436","8,246.304","8,525.928","8,639.671","8,985.517","9,202.282","9,775.039","10,397.420","11,058.287","11,877.428","12,614.926","13,196.950","13,374.045","14,248.664","14,818.359","15,455.549","16,487.782","17,880.110","18,611.223","19,509.654","20,508.769","21,451.450","22,629.579",2022.0,
722,SEN,NGDPD,Senegal,"Gross domestic product, current prices","Values are based upon GDP in national currency converted to U.S. dollars using market exchange rates (yearly average). Exchange rate projections are provided by country economists for the group of other emerging market and developing countries. Exchanges rates for advanced economies are established in the WEO assumptions for each WEO exercise. Expenditure-based GDP is total final expenditures at purchasers' prices (including the f.o.b. value of exports of goods and services), less the f.o.b. value of imports of goods and services. [SNA 1993]",U.S. dollars,Billions,"See notes for:  Gross domestic product, current prices (National currency).",4.338,3.934,3.850,3.435,3.350,3.668,5.188,6.241,6.173,6.083,7.078,6.955,7.435,7.014,4.746,6.026,6.300,5.867,6.416,6.599,6.016,6.508,7.001,8.767,10.072,11.015,11.699,13.996,16.852,16.128,16.134,17.811,17.672,18.919,19.802,17.777,19.035,20.989,23.127,23.405,24.534,27.584,27.750,30.625,32.892,34.728,36.784,39.299,42.114,44.931,48.347,2022.0,
722,SEN,PCPIPCH,Senegal,"Inflation, average consumer prices",Annual percentages of average consumer prices are year-on-year changes.,Percent change,Units,"See notes for:  Inflation, average consumer prices (Index).",8.837,5.779,17.384,11.707,11.742,13.041,6.122,-4.130,-1.823,0.449,0.325,-1.754,-0.007,-0.744,32.104,8.076,2.835,1.784,0.989,0.818,0.754,3.053,2.398,-0.048,0.515,1.707,2.114,5.863,6.335,-2.248,1.228,3.404,1.417,0.710,-1.089,0.858,1.192,1.143,0.455,1.020,2.529,2.178,9.689,5.947,0.804,2.036,2.023,2.022,2.021,2.020,2.019,2022.0,
722,SEN,LP,Senegal,Population,"For census purposes, the total population of the country consists of all persons falling within the scope of the census. In the broadest sense, the total may comprise either all usual residents of the country or all persons present in the country at the time of the census. [Principles and Recommendations for Population and Housing Censuses, Revision 1, paragraph 2.42]",Persons,Millions,Source: World Development Indicators. Latest actual data: 2022 Primary domestic currency: CFA franc Data last updated: 02/26/2025,5.648,5.803,5.966,6.140,6.322,6.512,6.711,6.918,7.130,7.346,7.561,7.776,7.990,8.227,8.461,8.690,8.913,9.131,9.348,9.569,9.798,10.036,10.284,10.541,10.810,11.090,11.382,11.687,12.005,12.335,12.678,13.034,13.402,13.782,14.175,14.578,14.994,15.419,15.854,16.296,16.744,17.204,17.676,18.162,18.661,19.173,19.700,20.241,20.797,21.368,21.955,2022.0,
942,SRB,NGDP_R,Serbia,"Gross domestic product, constant prices","Expressed in billions of national currency units; the base year is country-specific. Expenditure-based GDP is total final expenditures at purchasers' prices (including the f.o.b. value of exports of goods and services), less the f.o.b. value of imports of goods and services. [SNA 1993]",National currency,Billions,"Source: National Statistics Office. Statistical Office of the Republic of Serbia Latest actual data: 2024. The country in its current form has been in existence since 1992. Official data are only available from 1999 onward. The data prior to 1992 is presumably for the former SFR Yugoslavia. Metadata analysis available through the statistics office. National accounts manual used: European System of Accounts (ESA) 2010 GDP valuation: Market prices Reporting in calendar year: Yes Start/end months of reporting year: January/December Base year: 2021 Chain-weighted: Yes, from 2015 Primary domestic currency: Serbian dinar Data last updated: 04/01/2025",,,,,,,,,,,,,,,,,,,"3,608.252","3,235.682","3,431.605","3,664.217","3,903.895","4,081.901","4,354.852","4,611.941","4,791.837","5,167.137","5,433.807","5,263.044","5,347.830","5,350.733","5,326.978","5,351.033","5,254.486","5,322.571","5,480.928","5,610.463","5,871.314","6,150.213","6,091.785","6,576.024","6,749.038","7,008.706","7,280.504","7,532.653","7,851.586","8,201.055","8,490.836","8,828.721","9,181.870",2024.0,
942,SRB,NGDPD,Serbia,"Gross domestic product, current prices","Values are based upon GDP in national currency converted to U.S. dollars using market exchange rates (yearly average). Exchange rate projections are provided by country economists for the group of other emerging market and developing countries. Exchanges rates for advanced economies are established in the WEO assumptions for each WEO exercise. Expenditure-based GDP is total final expenditures at purchasers' prices (including the f.o.b. value of exports of goods and services), less the f.o.b. value of imports of goods and services. [SNA 1993]",U.S. dollars,Billions,"See notes for:  Gross domestic product, current prices (National currency).",,,,,,,,,,,,,,,,,,,,,10.431,13.650,17.997,23.627,26.718,28.143,33.421,45.121,54.117,46.949,43.067,51.274,45.111,50.456,49.114,41.297,42.225,45.973,52.788,53.865,55.874,65.830,66.798,81.343,89.074,92.549,99.945,108.090,115.392,123.734,132.629,2024.0,
942,SRB,PCPIPCH,Serbia,"Inflation, average consumer prices",Annual percentages of average consumer prices are year-on-year changes.,Percent change,Units,"See notes for:  Inflation, average consumer prices (Index).",,,,,,,,,,,,,,,,,,,30.000,41.100,70.000,80.744,8.868,2.901,10.602,16.253,10.732,6.002,12.411,8.117,6.143,11.137,7.330,7.694,2.082,1.392,1.122,3.131,1.960,1.849,1.576,4.085,11.982,12.372,4.671,4.023,3.341,3.258,3.016,3.000,3.000,2024.0,
942,SRB,LP,Serbia,Population,"For census purposes, the total population of the country consists of all persons falling within the scope of the census. In the broadest sense, the total may comprise either all usual residents of the country or all persons present in the country at the time of the census. [Principles and Recommendations for Population and Housing Censuses, Revision 1, paragraph 2.42]",Persons,Millions,Source: National Statistics Office. Statistical Office of the Republic of Serbia Latest actual data: 2023 Primary domestic currency: Serbian dinar Data last updated: 04/01/2025,,,,,,,,,,,,,,,,,,,,7.540,7.516,7.503,7.500,7.481,7.463,7.441,7.412,7.382,7.350,7.321,7.291,7.237,7.201,7.167,7.132,7.095,7.058,7.021,6.983,6.945,6.899,6.834,6.664,6.623,6.576,6.530,6.483,6.437,6.389,6.342,6.294,2023.0,
718,SYC,NGDP_R,Seychelles,"Gross domestic product, constant prices","Expressed in billions of national currency units; the base year is country-specific. Expenditure-based GDP is total final expenditures at purchasers' prices (including the f.o.b. value of exports of goods and services), less the f.o.b. value of imports of goods and services. [SNA 1993]",National currency,Billions,Source: National Statistics Office Latest actual data: 2023 National accounts manual used: System of National Accounts (SNA) 2008 GDP valuation: Market prices Reporting in calendar year: Yes Start/end months of reporting year: January/December Base year: 2014 Chain-weighted: No Primary domestic currency: Seychelles rupee Data last updated: 03/16/2025,5.342,5.135,5.029,4.998,5.213,5.750,5.793,6.076,6.399,7.058,7.584,7.793,8.352,8.962,8.744,8.786,9.665,10.843,11.111,11.319,11.800,11.532,11.672,10.985,10.672,11.633,12.727,14.053,13.758,13.608,14.468,15.290,15.874,16.891,17.688,19.264,21.599,23.101,24.242,25.578,22.575,22.700,25.585,26.163,26.948,27.898,28.874,29.878,30.928,32.011,33.125,2023.0,
718,SYC,NGDPD,Seychelles,"Gross domestic product, current prices","Values are based upon GDP in national currency converted to U.S. dollars using market exchange rates (yearly average). Exchange rate projections are provided by country economists for the group of other emerging market and developing countries. Exchanges rates for advanced economies are established in the WEO assumptions for each WEO exercise. Expenditure-based GDP is total final expenditures at purchasers' prices (including the f.o.b. value of exports of goods and services), less the f.o.b. value of imports of goods and services. [SNA 1993]",U.S. dollars,Billions,"See notes for:  Gross domestic product, current prices (National currency).",0.147,0.154,0.148,0.147,0.151,0.169,0.208,0.249,0.284,0.305,0.369,0.374,0.434,0.474,0.486,0.508,0.503,0.563,0.608,0.623,0.615,0.622,0.698,0.706,0.839,0.919,1.016,1.034,0.998,0.847,0.970,1.018,1.060,1.328,1.388,1.432,1.568,1.675,1.777,1.867,1.384,1.490,2.018,2.187,2.168,2.198,2.284,2.388,2.498,2.613,2.756,2023.0,
718,SYC,PCPIPCH,Seychelles,"Inflation, average consumer prices",Annual percentages of average consumer prices are year-on-year changes.,Percent change,Units,"See notes for:  Inflation, average consumer prices (Index).",13.516,10.512,-0.854,6.577,1.179,0.585,2.397,2.244,0.478,3.323,3.952,2.032,2.020,-0.336,2.229,0.505,-2.059,1.804,2.700,6.300,6.300,6.000,0.200,3.300,3.900,0.858,-2.042,4.289,34.296,35.986,-2.651,2.290,7.234,4.424,1.465,4.122,-1.087,2.799,3.731,1.818,0.968,9.950,2.634,-0.882,0.184,1.726,2.509,3.042,2.996,3.035,3.000,2024.0,
718,SYC,LP,Seychelles,Population,"For census purposes, the total population of the country consists of all persons falling within the scope of the census. In the broadest sense, the total may comprise either all usual residents of the country or all persons present in the country at the time of the census. [Principles and Recommendations for Population and Housing Censuses, Revision 1, paragraph 2.42]",Persons,Millions,Source: National Statistics Office Latest actual data: 2023 Primary domestic currency: Seychelles rupee Data last updated: 03/16/2025,0.063,0.064,0.064,0.064,0.065,0.065,0.066,0.068,0.069,0.069,0.070,0.070,0.071,0.072,0.074,0.075,0.076,0.077,0.079,0.080,0.081,0.081,0.083,0.083,0.082,0.083,0.085,0.085,0.087,0.087,0.090,0.087,0.088,0.090,0.091,0.093,0.094,0.094,0.095,0.096,0.097,0.098,0.099,0.100,0.101,0.102,0.102,0.103,0.104,0.105,0.106,2023.0,
724,SLE,NGDP_R,Sierra Leone,"Gross domestic product, constant prices","Expressed in billions of national currency units; the base year is country-specific. Expenditure-based GDP is total final expenditures at purchasers' prices (including the f.o.b. value of exports of goods and services), less the f.o.b. value of imports of goods and services. [SNA 1993]",National currency,Billions,"Source: National Statistics Office Latest actual data: 2024 National accounts manual used: System of National Accounts (SNA) 2008 GDP valuation: Market prices Reporting in calendar year: Yes Start/end months of reporting year: January/December Base year: 2018 Chain-weighted: Yes, from 2010 Primary domestic currency: Sierra Leonean leone Data last updated: 03/25/2025","32,002.688","32,603.810","33,184.107","32,661.202","33,216.347","30,977.427","31,018.458","31,757.381","32,410.975","34,015.910","34,563.840","31,801.325","28,733.675","28,749.278","29,755.501","26,772.512","20,136.499","16,593.308","16,454.349","15,117.964","15,693.548","18,545.056","23,445.660","25,861.401","27,881.042","29,754.857","31,121.794","32,282.944","33,524.880","33,965.102","37,387.789","40,045.471","42,746.725","46,777.057","46,486.105","45,053.102","47,159.451","49,017.977","50,687.211","53,476.381","52,806.135","55,920.035","58,891.377","62,254.087","64,545.718","67,552.862","70,830.021","74,186.333","77,564.922","81,131.815","84,873.303",2024.0,
724,SLE,NGDPD,Sierra Leone,"Gross domestic product, current prices","Values are based upon GDP in national currency converted to U.S. dollars using market exchange rates (yearly average). Exchange rate projections are provided by country economists for the group of other emerging market and developing countries. Exchanges rates for advanced economies are established in the WEO assumptions for each WEO exercise. Expenditure-based GDP is total final expenditures at purchasers' prices (including the f.o.b. value of exports of goods and services), less the f.o.b. value of imports of goods and services. [SNA 1993]",U.S. dollars,Billions,"See notes for:  Gross domestic product, current prices (National currency).",2.708,2.903,3.264,2.838,3.283,2.794,2.092,1.823,2.988,2.745,1.509,1.812,1.580,1.786,2.118,2.026,2.188,1.974,1.562,1.555,1.498,1.726,1.990,2.218,2.339,2.738,3.144,3.451,3.926,3.795,4.174,4.799,5.746,6.736,6.521,6.750,6.038,5.823,6.390,6.519,6.682,7.165,7.119,6.397,7.653,8.386,8.726,9.142,9.592,10.067,10.553,2024.0,
724,SLE,PCPIPCH,Sierra Leone,"Inflation, average consumer prices",Annual percentages of average consumer prices are year-on-year changes.,Percent change,Units,"See notes for:  Inflation, average consumer prices (Index).",12.867,23.369,26.890,68.526,66.575,76.576,80.867,178.700,34.287,60.800,110.946,102.695,65.500,22.202,24.199,25.987,23.137,14.559,35.986,34.092,-0.918,2.568,0.121,3.991,12.922,13.702,10.533,16.978,8.211,7.469,7.186,6.791,6.588,5.524,4.639,6.689,10.886,18.222,16.030,14.805,13.447,11.874,27.209,47.716,28.429,12.948,10.439,9.151,9.000,9.000,9.000,2024.0,
724,SLE,LP,Sierra Leone,Population,"For census purposes, the total population of the country consists of all persons falling within the scope of the census. In the broadest sense, the total may comprise either all usual residents of the country or all persons present in the country at the time of the census. [Principles and Recommendations for Population and Housing Censuses, Revision 1, paragraph 2.42]",Persons,Millions,Source: UN World Population Prospects Latest actual data: 2024 Primary domestic currency: Sierra Leonean leone Data last updated: 03/25/2025,3.547,3.634,3.710,3.797,3.819,3.895,3.982,4.069,4.157,4.254,4.320,4.349,4.348,4.329,4.310,4.304,4.313,4.335,4.381,4.462,4.585,4.754,4.966,5.201,5.434,5.646,5.829,5.990,6.134,6.273,6.416,6.563,6.713,6.864,7.017,7.172,7.329,7.488,7.650,7.813,7.977,8.141,8.606,8.791,8.972,9.157,9.346,9.538,9.735,9.935,10.140,2024.0,
576,SGP,NGDP_R,Singapore,"Gross domestic product, constant prices","Expressed in billions of national currency units; the base year is country-specific. Expenditure-based GDP is total final expenditures at purchasers' prices (including the f.o.b. value of exports of goods and services), less the f.o.b. value of imports of goods and services. [SNA 1993]",National currency,Billions,"Source: National Statistics Office Latest actual data: 2024 National accounts manual used: System of National Accounts (SNA) 2008 GDP valuation: Market prices Reporting in calendar year: Yes Start/end months of reporting year: January/December Base year: 2015 Chain-weighted: Yes, from 2015 Primary domestic currency: Singapore dollar Data last updated: 04/09/2025",46.310,51.318,54.963,59.665,64.911,64.507,65.373,72.432,80.590,88.777,97.496,104.017,110.923,123.635,137.353,147.208,158.207,171.364,167.609,177.193,193.209,191.140,198.639,207.673,228.316,245.135,267.213,291.320,296.749,297.128,340.271,361.418,377.449,395.633,411.203,423.444,439.313,458.981,474.825,481.035,462.685,507.829,528.690,538.320,561.941,573.247,584.016,597.641,612.577,627.648,643.385,2024.0,
576,SGP,NGDPD,Singapore,"Gross domestic product, current prices","Values are based upon GDP in national currency converted to U.S. dollars using market exchange rates (yearly average). Exchange rate projections are provided by country economists for the group of other emerging market and developing countries. Exchanges rates for advanced economies are established in the WEO assumptions for each WEO exercise. Expenditure-based GDP is total final expenditures at purchasers' prices (including the f.o.b. value of exports of goods and services), less the f.o.b. value of imports of goods and services. [SNA 1993]",U.S. dollars,Billions,"See notes for:  Gross domestic product, current prices (National currency).",12.082,14.367,15.879,18.011,19.563,18.573,18.780,21.629,26.551,31.436,38.892,45.465,52.131,60.604,73.689,87.813,96.293,100.124,85.728,86.287,96.077,89.794,92.538,97.646,115.034,127.808,148.627,180.942,193.617,194.150,239.808,279.357,295.093,307.576,314.864,307.999,319.646,343.673,377.124,376.162,349.166,436.591,509.018,505.440,547.387,564.774,585.946,611.464,639.122,667.781,698.073,2024.0,
576,SGP,PCPIPCH,Singapore,"Inflation, average consumer prices",Annual percentages of average consumer prices are year-on-year changes.,Percent change,Units,"See notes for:  Inflation, average consumer prices (Index).",8.540,8.191,3.918,1.038,2.603,0.491,-1.381,0.483,1.523,2.294,3.450,3.440,2.244,2.291,3.096,1.725,1.379,2.023,-0.271,0.024,1.348,1.015,-0.392,0.487,1.672,0.473,0.966,2.110,6.635,0.589,2.829,5.251,4.581,2.364,1.033,-0.522,-0.530,0.577,0.439,0.568,-0.172,2.316,6.131,4.834,2.390,1.342,1.500,1.971,1.971,1.971,1.971,2024.0,
576,SGP,LP,Singapore,Population,"For census purposes, the total population of the country consists of all persons falling within the scope of the census. In the broadest sense, the total may comprise either all usual residents of the country or all persons present in the country at the time of the census. [Principles and Recommendations for Population and Housing Censuses, Revision 1, paragraph 2.42]",Persons,Millions,Source: National Statistics Office Latest actual data: 2024 Primary domestic currency: Singapore dollar Data last updated: 04/09/2025,2.414,2.533,2.646,2.681,2.732,2.736,2.733,2.775,2.846,2.931,3.047,3.135,3.231,3.313,3.419,3.525,3.671,3.796,3.927,3.959,4.028,4.138,4.176,4.115,4.167,4.266,4.401,4.589,4.839,4.988,5.077,5.184,5.312,5.399,5.470,5.535,5.607,5.612,5.639,5.704,5.686,5.454,5.637,5.918,6.037,6.077,6.121,6.169,6.221,6.265,6.314,2024.0,
936,SVK,NGDP_R,Slovak Republic,"Gross domestic product, constant prices","Expressed in billions of national currency units; the base year is country-specific. Expenditure-based GDP is total final expenditures at purchasers' prices (including the f.o.b. value of exports of goods and services), less the f.o.b. value of imports of goods and services. [SNA 1993]",National currency,Billions,"Source: National Statistics Office. Eurostat & Haver Analytics Latest actual data: 2024 National accounts manual used: European System of Accounts (ESA) 2010 GDP valuation: Market prices Reporting in calendar year: Yes Start/end months of reporting year: January/December Base year: 2020 Chain-weighted: Yes, from 1997 Primary domestic currency: Euro Data last updated: 04/09/2025",,,,,,,,,,,,,,35.385,37.581,40.539,43.353,45.280,47.012,46.790,47.159,48.538,50.682,53.144,56.008,59.640,64.963,71.992,75.853,71.677,76.544,78.506,79.738,80.298,82.473,86.742,88.432,90.974,94.669,96.824,94.321,99.722,100.171,101.551,103.609,104.906,106.696,109.360,112.136,114.560,116.920,2024.0,
936,SVK,NGDPD,Slovak Republic,"Gross domestic product, current prices","Values are based upon GDP in national currency converted to U.S. dollars using market exchange rates (yearly average). Exchange rate projections are provided by country economists for the group of other emerging market and developing countries. Exchanges rates for advanced economies are established in the WEO assumptions for each WEO exercise. Expenditure-based GDP is total final expenditures at purchasers' prices (including the f.o.b. value of exports of goods and services), less the f.o.b. value of imports of goods and services. [SNA 1993]",U.S. dollars,Billions,"See notes for:  Gross domestic product, current prices (National currency).",,,,,,,,,,,,,,13.906,16.046,20.297,21.871,22.037,22.917,20.890,20.711,21.384,24.849,33.864,43.023,48.912,57.480,77.260,97.122,89.246,91.187,99.688,94.784,99.136,101.739,89.188,90.322,95.944,106.660,105.855,107.646,120.672,116.020,132.947,140.636,147.031,154.958,162.291,169.902,177.033,184.366,2024.0,
936,SVK,PCPIPCH,Slovak Republic,"Inflation, average consumer prices",Annual percentages of average consumer prices are year-on-year changes.,Percent change,Units,"See notes for:  Inflation, average consumer prices (Index).",,,,,,,,,,,,,,,13.464,9.901,5.782,6.033,6.691,10.461,12.161,7.144,3.489,8.417,7.451,2.779,4.266,1.900,3.950,0.937,0.698,4.073,3.732,1.458,-0.094,-0.331,-0.472,1.393,2.531,2.771,2.013,2.825,12.127,10.963,3.154,3.663,2.852,2.190,2.001,2.000,1.978,2024.0,
936,SVK,LP,Slovak Republic,Population,"For census purposes, the total population of the country consists of all persons falling within the scope of the census. In the broadest sense, the total may comprise either all usual residents of the country or all persons present in the country at the time of the census. [Principles and Recommendations for Population and Housing Censuses, Revision 1, paragraph 2.42]",Persons,Millions,Source: National Statistics Office. Haver Analytics Latest actual data: 2024 Primary domestic currency: Euro Data last updated: 04/09/2025,,,,,,,,,,,,,,5.337,5.367,5.397,5.408,5.379,5.388,5.393,5.399,5.379,5.379,5.375,5.372,5.373,5.373,5.373,5.376,5.382,5.390,5.392,5.404,5.411,5.416,5.421,5.426,5.435,5.443,5.450,5.458,5.460,5.435,5.429,5.425,5.419,5.406,5.393,5.379,5.364,5.350,2024.0,
961,SVN,NGDP_R,Slovenia,"Gross domestic product, constant prices","Expressed in billions of national currency units; the base year is country-specific. Expenditure-based GDP is total final expenditures at purchasers' prices (including the f.o.b. value of exports of goods and services), less the f.o.b. value of imports of goods and services. [SNA 1993]",National currency,Billions,"Source: National Statistics Office Latest actual data: 2024 Notes: Projections of net exports are consistent with their sub-components in terms of growth contributions rather than levels. There is a historical discrepancy between the level of net exports and X-M in constant prices due to chain-linking methodology. In ord National accounts manual used: European System of Accounts (ESA) 2010 GDP valuation: Market prices Reporting in calendar year: Yes Start/end months of reporting year: January/December Base year: 2010 Chain-weighted: Yes, from 2000 Primary domestic currency: Euro Data last updated: 04/08/2025",,,,,,,,,,,,,20.184,20.749,21.849,22.744,23.407,24.618,25.372,26.708,27.643,28.425,29.358,30.296,31.673,32.894,34.837,37.324,38.583,35.654,36.051,36.287,35.229,34.939,35.904,36.764,37.879,39.839,41.584,43.041,41.283,44.747,45.954,46.925,47.672,48.530,49.695,50.937,52.159,53.359,54.586,2024.0,
961,SVN,NGDPD,Slovenia,"Gross domestic product, current prices","Values are based upon GDP in national currency converted to U.S. dollars using market exchange rates (yearly average). Exchange rate projections are provided by country economists for the group of other emerging market and developing countries. Exchanges rates for advanced economies are established in the WEO assumptions for each WEO exercise. Expenditure-based GDP is total final expenditures at purchasers' prices (including the f.o.b. value of exports of goods and services), less the f.o.b. value of imports of goods and services. [SNA 1993]",U.S. dollars,Billions,"See notes for:  Gross domestic product, current prices (National currency).",,,,,,,,,,,,,19.285,16.637,16.857,21.399,21.480,20.769,22.080,22.668,20.262,20.693,23.263,29.399,34.190,36.002,39.293,47.886,55.503,49.921,47.832,51.190,46.196,47.868,49.527,42.714,44.279,48.136,53.713,53.916,53.342,61.570,59.975,69.168,72.463,75.224,79.019,82.537,86.106,89.962,94.032,2024.0,
961,SVN,PCPIPCH,Slovenia,"Inflation, average consumer prices",Annual percentages of average consumer prices are year-on-year changes.,Percent change,Units,"See notes for:  Inflation, average consumer prices (Index).",,,,,,,,,,,,,,31.930,20.872,13.572,9.919,8.342,7.948,6.121,8.935,8.380,7.481,5.544,3.593,2.452,2.458,3.657,5.647,0.839,1.801,1.803,2.597,1.769,0.199,-0.526,-0.055,1.429,1.739,1.631,-0.055,1.917,8.834,7.447,1.966,2.592,2.301,2.236,2.134,2.096,2.096,2024.0,
961,SVN,LP,Slovenia,Population,"For census purposes, the total population of the country consists of all persons falling within the scope of the census. In the broadest sense, the total may comprise either all usual residents of the country or all persons present in the country at the time of the census. [Principles and Recommendations for Population and Housing Censuses, Revision 1, paragraph 2.42]",Persons,Millions,Source: National Statistics Office Latest actual data: 2024 Primary domestic currency: Euro Data last updated: 04/08/2025,,,,,,,,,,,,,1.999,1.989,1.989,1.989,1.990,1.987,1.985,1.978,1.988,1.990,1.994,1.995,1.996,1.998,2.003,2.010,2.010,2.032,2.047,2.050,2.055,2.059,2.061,2.063,2.064,2.066,2.067,2.081,2.096,2.109,2.107,2.117,2.124,2.129,2.129,2.129,2.128,2.127,2.127,2024.0,
813,SLB,NGDP_R,Solomon Islands,"Gross domestic product, constant prices","Expressed in billions of national currency units; the base year is country-specific. Expenditure-based GDP is total final expenditures at purchasers' prices (including the f.o.b. value of exports of goods and services), less the f.o.b. value of imports of goods and services. [SNA 1993]",National currency,Billions,"Source: National Statistics Office and the Central Bank of Solomon Islands. For data prior to 1990, the source is IMF staff estimates. Latest actual data: 2022 National accounts manual used: System of National Accounts (SNA) 1993 GDP valuation: Market prices. This has been updated till 2016 with data provided by the country authorities. For 2017 and onwards, real GDP is estimated by the staff, based on sectoral growth assumptions provided by the Central Bank of Solomon Islands. Reporting in calendar year: Yes Start/end months of reporting year: January/December Base year: 2012 Chain-weighted: No Primary domestic currency: Solomon Islands dollar Data last updated: 04/11/2025",3.960,3.889,3.824,3.973,3.980,3.855,3.847,4.171,4.223,4.403,4.500,4.770,5.376,5.591,6.044,6.654,6.761,6.699,6.786,6.753,5.789,5.328,5.179,5.517,5.884,6.210,6.512,6.802,7.197,7.381,8.017,8.600,8.718,9.174,9.283,9.439,9.963,10.270,10.552,10.736,10.373,10.639,10.895,11.184,11.468,11.779,12.112,12.469,12.841,13.226,13.617,2022.0,
813,SLB,NGDPD,Solomon Islands,"Gross domestic product, current prices","Values are based upon GDP in national currency converted to U.S. dollars using market exchange rates (yearly average). Exchange rate projections are provided by country economists for the group of other emerging market and developing countries. Exchanges rates for advanced economies are established in the WEO assumptions for each WEO exercise. Expenditure-based GDP is total final expenditures at purchasers' prices (including the f.o.b. value of exports of goods and services), less the f.o.b. value of imports of goods and services. [SNA 1993]",U.S. dollars,Billions,"See notes for:  Gross domestic product, current prices (National currency).",0.183,0.194,0.193,0.181,0.182,0.166,0.148,0.155,0.176,0.173,0.215,0.228,0.269,0.301,0.403,0.469,0.511,0.527,0.458,0.488,0.420,0.410,0.346,0.353,0.398,0.477,0.539,0.620,0.699,0.736,0.847,1.050,1.185,1.286,1.336,1.308,1.379,1.470,1.615,1.619,1.536,1.523,1.566,1.661,1.777,1.898,2.020,2.131,2.246,2.371,2.490,2022.0,
813,SLB,PCPIPCH,Solomon Islands,"Inflation, average consumer prices",Annual percentages of average consumer prices are year-on-year changes.,Percent change,Units,"See notes for:  Inflation, average consumer prices (Index).",8.250,13.144,12.998,6.950,10.922,9.409,13.100,11.494,16.812,14.936,8.700,15.000,10.800,9.200,13.294,9.612,11.773,8.065,12.355,7.953,6.928,7.628,9.366,10.077,6.916,7.530,11.235,7.654,17.338,7.166,0.905,7.418,5.914,5.249,5.296,-0.569,0.497,0.503,3.600,2.220,2.927,0.183,5.403,5.089,4.230,4.811,3.651,3.289,3.271,3.271,3.271,2023.0,
813,SLB,LP,Solomon Islands,Population,"For census purposes, the total population of the country consists of all persons falling within the scope of the census. In the broadest sense, the total may comprise either all usual residents of the country or all persons present in the country at the time of the census. [Principles and Recommendations for Population and Housing Censuses, Revision 1, paragraph 2.42]",Persons,Millions,"Source: National Statistics Office. For data prior to 1990, the source is IMF staff estimates. Latest actual data: 2019 Primary domestic currency: Solomon Islands dollar Data last updated: 04/11/2025",0.231,0.238,0.246,0.255,0.263,0.271,0.279,0.287,0.295,0.303,0.314,0.324,0.335,0.346,0.356,0.367,0.377,0.388,0.398,0.409,0.423,0.438,0.452,0.466,0.480,0.495,0.509,0.523,0.537,0.552,0.567,0.583,0.599,0.615,0.631,0.647,0.663,0.679,0.695,0.711,0.725,0.740,0.754,0.769,0.783,0.798,0.813,0.828,0.843,0.858,0.874,2019.0,
726,SOM,NGDP_R,Somalia,"Gross domestic product, constant prices","Expressed in billions of national currency units; the base year is country-specific. Expenditure-based GDP is total final expenditures at purchasers' prices (including the f.o.b. value of exports of goods and services), less the f.o.b. value of imports of goods and services. [SNA 1993]",National currency,Billions,Source: National Statistics Office Latest actual data: 2022 National accounts manual used: System of National Accounts (SNA) 2008 GDP valuation: Market prices Reporting in calendar year: Yes Start/end months of reporting year: January/December Base year: 2022 Chain-weighted: No Primary domestic currency: US dollar Data last updated: 02/27/2025,,,,,,,,,,,,,,,,,,,,,,,,,,,,,,,,7.622,7.714,8.150,8.374,8.758,8.646,9.468,9.600,9.872,9.600,9.932,10.203,10.633,11.058,11.501,11.972,12.463,12.999,13.584,14.195,2022.0,
726,SOM,NGDPD,Somalia,"Gross domestic product, current prices","Values are based upon GDP in national currency converted to U.S. dollars using market exchange rates (yearly average). Exchange rate projections are provided by country economists for the group of other emerging market and developing countries. Exchanges rates for advanced economies are established in the WEO assumptions for each WEO exercise. Expenditure-based GDP is total final expenditures at purchasers' prices (including the f.o.b. value of exports of goods and services), less the f.o.b. value of imports of goods and services. [SNA 1993]",U.S. dollars,Billions,"See notes for:  Gross domestic product, current prices (National currency).",,,,,,,,,,,,,,,,,,,,,,,,,,,,,,,,5.022,5.183,5.869,6.443,6.841,7.391,8.252,7.873,8.655,8.628,9.484,10.203,10.969,12.134,12.994,14.144,15.567,16.976,18.253,19.534,2022.0,
726,SOM,PCPIPCH,Somalia,"Inflation, average consumer prices",Annual percentages of average consumer prices are year-on-year changes.,Percent change,Units,"See notes for:  Inflation, average consumer prices (Index).",,,,,,,,,,,,,,,,,,,,,,,,,,,,,,,,,,2.800,1.300,0.913,0.024,3.957,4.266,4.709,4.113,4.625,6.779,6.173,5.529,4.600,4.000,3.400,3.200,3.000,2.500,2023.0,
726,SOM,LP,Somalia,Population,"For census purposes, the total population of the country consists of all persons falling within the scope of the census. In the broadest sense, the total may comprise either all usual residents of the country or all persons present in the country at the time of the census. [Principles and Recommendations for Population and Housing Censuses, Revision 1, paragraph 2.42]",Persons,Millions,Source: UNFPA Latest actual data: 2013 Primary domestic currency: US dollar Data last updated: 02/27/2025,,,,,,,,,,,,,,,,,,,,,,,,,,,,,,,,,11.846,12.178,12.519,12.870,13.230,13.600,13.981,14.373,14.775,15.189,15.614,16.051,16.501,16.963,17.438,17.926,18.428,18.944,19.474,2013.0,
199,ZAF,NGDP_R,South Africa,"Gross domestic product, constant prices","Expressed in billions of national currency units; the base year is country-specific. Expenditure-based GDP is total final expenditures at purchasers' prices (including the f.o.b. value of exports of goods and services), less the f.o.b. value of imports of goods and services. [SNA 1993]",National currency,Billions,Source: National Statistics Office Latest actual data: 2023 National accounts manual used: System of National Accounts (SNA) 2008 GDP valuation: Market prices Reporting in calendar year: Yes Start/end months of reporting year: January/December Base year: 2015 Chain-weighted: No Primary domestic currency: South African rand Data last updated: 04/10/2025,"2,032.312","2,141.260","2,133.050","2,093.662","2,200.421","2,173.762","2,174.150","2,219.823","2,313.058","2,368.451","2,360.925","2,336.885","2,286.945","2,315.156","2,389.241","2,463.307","2,569.229","2,636.029","2,649.210","2,712.791","2,826.728","2,903.049","3,010.473","3,099.254","3,240.412","3,411.410","3,602.579","3,795.694","3,916.816","3,856.572","3,973.802","4,099.714","4,197.952","4,302.291","4,363.118","4,420.793","4,450.171","4,501.702","4,571.783","4,583.667","4,300.904","4,514.016","4,600.300","4,632.433","4,659.294","4,704.901","4,765.561","4,843.735","4,926.615","5,015.148","5,106.032",2023.0,
199,ZAF,NGDPD,South Africa,"Gross domestic product, current prices","Values are based upon GDP in national currency converted to U.S. dollars using market exchange rates (yearly average). Exchange rate projections are provided by country economists for the group of other emerging market and developing countries. Exchanges rates for advanced economies are established in the WEO assumptions for each WEO exercise. Expenditure-based GDP is total final expenditures at purchasers' prices (including the f.o.b. value of exports of goods and services), less the f.o.b. value of imports of goods and services. [SNA 1993]",U.S. dollars,Billions,"See notes for:  Gross domestic product, current prices (National currency).",89.412,93.150,85.897,96.205,84.838,64.481,73.399,96.533,104.010,108.070,126.027,135.227,146.970,147.236,153.569,171.736,163.340,169.004,152.885,151.426,151.855,135.527,129.385,197.017,256.188,288.749,304.055,332.650,316.491,331.184,417.315,458.708,434.400,400.877,381.195,346.663,323.493,381.317,405.093,389.245,337.876,420.778,406.755,380.592,400.191,410.338,424.241,439.310,455.523,472.093,490.013,2023.0,
199,ZAF,PCPIPCH,South Africa,"Inflation, average consumer prices",Annual percentages of average consumer prices are year-on-year changes.,Percent change,Units,"See notes for:  Inflation, average consumer prices (Index).",14.236,15.922,13.976,12.685,11.257,16.526,18.234,16.401,12.618,14.753,14.402,15.078,14.030,9.648,8.898,8.761,7.429,8.586,6.977,5.050,5.317,5.744,9.091,5.896,1.386,3.393,4.651,7.128,10.865,7.198,4.235,4.980,5.651,5.747,6.116,4.589,6.320,5.294,4.596,4.115,3.288,4.553,6.864,5.903,4.426,3.792,4.525,4.500,4.500,4.500,4.500,2024.0,
199,ZAF,LP,South Africa,Population,"For census purposes, the total population of the country consists of all persons falling within the scope of the census. In the broadest sense, the total may comprise either all usual residents of the country or all persons present in the country at the time of the census. [Principles and Recommendations for Population and Housing Censuses, Revision 1, paragraph 2.42]",Persons,Millions,"Source: National Statistics Office. IFS until 2000, then National Statistics Office from 2002. Latest actual data: 2024 Primary domestic currency: South African rand Data last updated: 04/10/2025",29.080,29.830,30.610,31.410,32.210,32.980,33.730,34.460,35.200,35.970,36.790,37.690,38.650,39.620,40.560,41.430,42.210,42.920,43.580,44.230,44.900,45.724,46.573,47.005,47.505,48.061,48.642,49.265,49.936,50.654,51.405,52.217,53.068,53.940,54.830,55.711,56.543,57.366,58.233,59.131,60.003,60.642,61.356,62.272,63.202,64.146,65.104,66.076,67.063,68.065,69.081,2024.0,
733,SSD,NGDP_R,South Sudan,"Gross domestic product, constant prices","Expressed in billions of national currency units; the base year is country-specific. Expenditure-based GDP is total final expenditures at purchasers' prices (including the f.o.b. value of exports of goods and services), less the f.o.b. value of imports of goods and services. [SNA 1993]",National currency,Billions,"Source: IMF Staff Estimates. National Bureau of Statistics Latest actual data: 2024 Notes: Preliminary results by NBS, will be revised with time. National accounts manual used: System of National Accounts (SNA) 1993 GDP valuation: Market prices Reporting in calendar year: Yes Start/end months of reporting year: January/December. Authorities report on fiscal year July/June Base year: 2010 Chain-weighted: No Primary domestic currency: South Sudanese pound Data last updated: 04/09/2025",,,,,,,,,,,,,,,,,,,,,,,,,,,,,,,,31.497,15.648,19.915,20.225,20.178,17.495,16.481,16.127,16.265,15.209,16.020,15.189,15.562,11.266,10.780,17.730,18.747,19.700,20.643,21.651,2024.0,
733,SSD,NGDPD,South Sudan,"Gross domestic product, current prices","Values are based upon GDP in national currency converted to U.S. dollars using market exchange rates (yearly average). Exchange rate projections are provided by country economists for the group of other emerging market and developing countries. Exchanges rates for advanced economies are established in the WEO assumptions for each WEO exercise. Expenditure-based GDP is total final expenditures at purchasers' prices (including the f.o.b. value of exports of goods and services), less the f.o.b. value of imports of goods and services. [SNA 1993]",U.S. dollars,Billions,"See notes for:  Gross domestic product, current prices (National currency).",,,,,,,,,,,,,,,,,,,,,,,,,,,,,,,,17.340,11.267,14.947,15.178,15.326,2.419,1.302,2.687,4.044,5.423,5.940,8.037,7.186,5.423,3.998,6.485,6.892,7.282,7.991,8.475,2024.0,
733,SSD,PCPIPCH,South Sudan,"Inflation, average consumer prices",Annual percentages of average consumer prices are year-on-year changes.,Percent change,Units,"See notes for:  Inflation, average consumer prices (Index).",,,,,,,,,,,,,,,,,,,,,,,,,,,,,,,,,42.357,-2.742,4.252,52.988,346.054,212.999,83.396,49.288,23.984,30.229,-3.210,39.666,128.401,65.739,8.294,8.151,7.864,8.036,8.000,2024.0,
733,SSD,LP,South Sudan,Population,"For census purposes, the total population of the country consists of all persons falling within the scope of the census. In the broadest sense, the total may comprise either all usual residents of the country or all persons present in the country at the time of the census. [Principles and Recommendations for Population and Housing Censuses, Revision 1, paragraph 2.42]",Persons,Millions,Source: Population Census 2008 Latest actual data: 2008 Primary domestic currency: South Sudanese pound Data last updated: 04/09/2025,,,,,,,,,,,,,,,,,,,,,,,,,,,,,,,,10.449,10.818,11.177,11.531,11.882,12.231,12.585,12.976,13.378,13.779,14.179,14.590,15.013,15.448,15.896,16.357,16.832,17.320,17.822,18.339,2008.0,
184,ESP,NGDP_R,Spain,"Gross domestic product, constant prices","Expressed in billions of national currency units; the base year is country-specific. Expenditure-based GDP is total final expenditures at purchasers' prices (including the f.o.b. value of exports of goods and services), less the f.o.b. value of imports of goods and services. [SNA 1993]",National currency,Billions,"Source: National Statistics Office Latest actual data: 2024 National accounts manual used: European System of Accounts (ESA) 2010 GDP valuation: Market prices Reporting in calendar year: Yes Start/end months of reporting year: January/December Base year: 2020 Chain-weighted: Yes, from 1995. Chain-weighted and converted to market prices Primary domestic currency: Euro Data last updated: 04/10/2025",522.182,520.052,526.493,535.193,544.281,557.136,576.256,609.155,641.346,673.438,699.343,717.005,723.104,713.605,730.264,760.367,778.777,808.880,845.027,885.126,929.851,966.296,992.973,"1,022.136","1,053.924","1,091.356","1,135.510","1,175.625","1,184.631","1,139.998","1,141.072","1,133.788","1,101.295","1,085.570","1,102.086","1,146.857","1,180.284","1,214.442","1,243.519","1,267.910","1,129.186","1,204.673","1,279.145","1,313.332","1,354.718","1,388.602","1,413.835","1,438.029","1,461.496","1,484.980","1,509.083",2024.0,
184,ESP,NGDPD,Spain,"Gross domestic product, current prices","Values are based upon GDP in national currency converted to U.S. dollars using market exchange rates (yearly average). Exchange rate projections are provided by country economists for the group of other emerging market and developing countries. Exchanges rates for advanced economies are established in the WEO assumptions for each WEO exercise. Expenditure-based GDP is total final expenditures at purchasers' prices (including the f.o.b. value of exports of goods and services), less the f.o.b. value of imports of goods and services. [SNA 1993]",U.S. dollars,Billions,"See notes for:  Gross domestic product, current prices (National currency).",231.048,204.843,197.890,173.072,172.597,181.847,251.618,318.787,374.535,413.106,536.322,577.166,630.910,529.980,531.801,614.713,642.480,590.500,619.541,635.025,598.367,627.803,708.437,907.736,"1,069.344","1,155.306","1,261.914","1,476.920","1,635.936","1,494.963","1,429.155","1,487.307","1,331.838","1,362.207","1,380.600","1,206.287","1,242.673","1,321.288","1,432.292","1,403.651","1,288.751","1,462.216","1,447.636","1,620.558","1,722.227","1,799.511","1,886.218","1,961.594","2,037.746","2,117.209","2,201.213",2024.0,
184,ESP,PCPIPCH,Spain,"Inflation, average consumer prices",Annual percentages of average consumer prices are year-on-year changes.,Percent change,Units,"See notes for:  Inflation, average consumer prices (Index).",15.578,14.549,14.416,12.174,11.280,8.815,8.795,5.248,4.837,6.791,6.722,5.934,7.145,4.569,4.718,4.674,3.599,1.877,1.764,2.235,3.484,2.825,3.590,3.103,3.054,3.384,3.561,2.843,4.131,-0.239,2.043,3.050,2.436,1.530,-0.190,-0.629,-0.337,2.036,1.736,0.780,-0.337,3.008,8.323,3.400,2.867,2.217,1.958,2.100,2.000,2.000,2.000,2024.0,
184,ESP,LP,Spain,Population,"For census purposes, the total population of the country consists of all persons falling within the scope of the census. In the broadest sense, the total may comprise either all usual residents of the country or all persons present in the country at the time of the census. [Principles and Recommendations for Population and Housing Censuses, Revision 1, paragraph 2.42]",Persons,Millions,Source: National Statistics Office Latest actual data: 2024 Primary domestic currency: Euro Data last updated: 04/10/2025,37.760,38.118,38.322,38.502,38.655,38.792,38.904,38.995,39.078,39.155,39.224,39.328,39.458,39.581,39.688,39.781,39.873,39.978,40.118,40.325,40.666,41.035,41.828,42.547,43.296,44.010,44.785,45.669,46.239,46.487,46.667,46.818,46.713,46.496,46.426,46.419,46.497,46.645,46.919,47.318,47.401,47.487,48.085,48.628,49.078,49.721,50.314,50.840,51.294,51.679,52.004,2024.0,
524,LKA,NGDP_R,Sri Lanka,"Gross domestic product, constant prices","Expressed in billions of national currency units; the base year is country-specific. Expenditure-based GDP is total final expenditures at purchasers' prices (including the f.o.b. value of exports of goods and services), less the f.o.b. value of imports of goods and services. [SNA 1993]",National currency,Billions,Source: National Statistics Office. Department of Census and Statistics Latest actual data: 2022 National accounts manual used: System of National Accounts (SNA) 2008 GDP valuation: Market prices Reporting in calendar year: Yes Start/end months of reporting year: January/December Base year: 2015. Staff used splicing method for the historical series. Chain-weighted: No Primary domestic currency: Sri Lankan rupee Data last updated: 04/14/2025,"1,902.736","2,004.438","2,109.327","2,179.237","2,325.787","2,441.079","2,545.588","2,582.593","2,652.281","2,711.966","2,879.390","3,190.958","3,090.922","3,322.016","3,588.965","3,806.140","4,269.047","4,708.378","4,630.887","4,764.222","5,165.256","5,064.640","5,253.379","5,565.447","5,868.489","6,234.789","6,712.890","7,169.150","7,595.721","7,864.524","8,494.944","9,231.412","10,028.284","10,434.604","11,100.121","11,566.987","12,151.541","12,936.613","13,235.457","13,206.276","12,595.551","13,125.505","12,160.886","11,877.555","12,472.470",,,,,,,2022.0,
524,LKA,NGDPD,Sri Lanka,"Gross domestic product, current prices","Values are based upon GDP in national currency converted to U.S. dollars using market exchange rates (yearly average). Exchange rate projections are provided by country economists for the group of other emerging market and developing countries. Exchanges rates for advanced economies are established in the WEO assumptions for each WEO exercise. Expenditure-based GDP is total final expenditures at purchasers' prices (including the f.o.b. value of exports of goods and services), less the f.o.b. value of imports of goods and services. [SNA 1993]",U.S. dollars,Billions,"See notes for:  Gross domestic product, current prices (National currency).",5.194,5.404,5.834,6.298,7.382,7.302,7.826,8.149,8.518,8.550,9.787,10.716,11.553,12.351,14.245,15.127,16.592,18.544,19.050,19.143,20.007,19.236,20.238,22.352,24.423,28.880,33.447,38.270,48.177,49.750,58.643,67.725,70.392,76.934,82.483,85.091,88.000,94.376,94.484,89.015,84.304,88.609,74.584,83.723,98.964,,,,,,,2022.0,
524,LKA,PCPIPCH,Sri Lanka,"Inflation, average consumer prices",Annual percentages of average consumer prices are year-on-year changes.,Percent change,Units,"See notes for:  Inflation, average consumer prices (Index).",26.145,17.969,10.826,13.964,16.638,1.481,7.976,7.717,13.992,11.568,21.495,12.186,11.383,11.747,8.448,7.675,15.937,9.565,9.371,4.692,6.176,14.158,9.551,8.969,9.014,11.009,9.939,15.895,22.356,3.503,6.214,6.730,7.547,6.884,2.784,2.224,3.985,6.580,4.273,4.304,4.569,5.954,45.214,17.365,1.242,,,,,,,2022.0,
524,LKA,LP,Sri Lanka,Population,"For census purposes, the total population of the country consists of all persons falling within the scope of the census. In the broadest sense, the total may comprise either all usual residents of the country or all persons present in the country at the time of the census. [Principles and Recommendations for Population and Housing Censuses, Revision 1, paragraph 2.42]",Persons,Millions,Source: National Statistics Office. Department of Census and Statistics Latest actual data: 2020 Primary domestic currency: Sri Lankan rupee Data last updated: 04/14/2025,15.553,15.763,15.962,16.148,16.322,16.482,16.645,16.811,16.980,17.151,17.326,17.536,17.737,17.925,18.094,18.243,18.367,18.471,18.565,18.663,18.778,18.912,19.062,19.224,19.387,19.545,19.696,19.842,19.984,20.124,20.262,20.398,20.425,20.585,20.778,20.970,21.203,21.444,21.670,21.803,21.919,22.156,22.396,22.638,22.882,,,,,,,2020.0,
361,KNA,NGDP_R,St. Kitts and Nevis,"Gross domestic product, constant prices","Expressed in billions of national currency units; the base year is country-specific. Expenditure-based GDP is total final expenditures at purchasers' prices (including the f.o.b. value of exports of goods and services), less the f.o.b. value of imports of goods and services. [SNA 1993]",National currency,Billions,Source: National Statistics Office Latest actual data: 2023. Preliminary. Notes: Historical values for expenditure based GDP components are not reported by authorities and are estimated by IMF staff using data from balance of payments and fiscal accounts. GDP expenditure component estimates prior 2014 have been removed due to internal National accounts manual used: System of National Accounts (SNA) 1993 GDP valuation: Market prices Reporting in calendar year: Yes Start/end months of reporting year: January/December Base year: 2006 Chain-weighted: No Primary domestic currency: Eastern Caribbean dollar Data last updated: 02/24/2025,0.502,0.515,0.547,0.535,0.587,0.625,0.680,0.736,0.812,0.861,0.908,0.929,0.958,1.009,1.064,1.101,1.166,1.251,1.264,1.314,1.441,1.518,1.539,1.478,1.537,1.687,1.740,1.750,1.946,1.880,1.881,1.912,1.902,2.010,2.163,2.178,2.263,2.264,2.310,2.404,2.054,2.019,2.232,2.328,2.364,2.410,2.463,2.526,2.593,2.663,2.732,2023.0,
361,KNA,NGDPD,St. Kitts and Nevis,"Gross domestic product, current prices","Values are based upon GDP in national currency converted to U.S. dollars using market exchange rates (yearly average). Exchange rate projections are provided by country economists for the group of other emerging market and developing countries. Exchanges rates for advanced economies are established in the WEO assumptions for each WEO exercise. Expenditure-based GDP is total final expenditures at purchasers' prices (including the f.o.b. value of exports of goods and services), less the f.o.b. value of imports of goods and services. [SNA 1993]",U.S. dollars,Billions,"See notes for:  Gross domestic product, current prices (National currency).",0.058,0.069,0.079,0.078,0.091,0.101,0.119,0.136,0.161,0.179,0.203,0.201,0.223,0.243,0.272,0.293,0.312,0.351,0.366,0.389,0.421,0.458,0.481,0.469,0.507,0.547,0.644,0.689,0.778,0.774,0.779,0.836,0.825,0.875,0.953,0.957,1.007,1.058,1.076,1.107,0.884,0.859,0.981,1.056,1.117,1.129,1.175,1.229,1.287,1.350,1.412,2023.0,
361,KNA,PCPIPCH,St. Kitts and Nevis,"Inflation, average consumer prices",Annual percentages of average consumer prices are year-on-year changes.,Percent change,Units,"See notes for:  Inflation, average consumer prices (Index).",19.332,8.559,5.975,2.230,2.727,2.666,-0.029,0.937,0.230,5.133,4.200,4.201,2.837,1.791,1.427,3.000,2.048,8.675,3.684,3.351,2.110,2.138,2.078,2.268,2.250,3.374,8.487,4.481,5.300,2.058,0.851,5.835,0.816,1.107,0.248,-2.302,-0.688,0.696,-1.036,-0.331,-1.177,1.206,2.669,3.557,1.044,1.748,2.044,2.044,2.044,2.044,2.044,2023.0,
361,KNA,LP,St. Kitts and Nevis,Population,"For census purposes, the total population of the country consists of all persons falling within the scope of the census. In the broadest sense, the total may comprise either all usual residents of the country or all persons present in the country at the time of the census. [Principles and Recommendations for Population and Housing Censuses, Revision 1, paragraph 2.42]",Persons,Millions,Source: United Nations Population Projection growth rates applied to limited authorities' estimations. Latest actual data: 2022 Primary domestic currency: Eastern Caribbean dollar Data last updated: 02/24/2025,0.043,0.043,0.043,0.042,0.042,0.042,0.042,0.041,0.041,0.041,0.041,0.040,0.040,0.041,0.042,0.042,0.043,0.043,0.044,0.044,0.045,0.046,0.046,0.046,0.046,0.046,0.046,0.047,0.047,0.047,0.047,0.047,0.048,0.048,0.048,0.049,0.049,0.049,0.050,0.050,0.051,0.051,0.051,0.051,0.051,0.052,0.052,0.052,0.052,0.052,0.052,2022.0,
362,LCA,NGDP_R,St. Lucia,"Gross domestic product, constant prices","Expressed in billions of national currency units; the base year is country-specific. Expenditure-based GDP is total final expenditures at purchasers' prices (including the f.o.b. value of exports of goods and services), less the f.o.b. value of imports of goods and services. [SNA 1993]",National currency,Billions,Source: National Statistics Office Latest actual data: 2022 Notes: Historical values for expenditure based GDP components are not reported by authorities and are estimated by IMF staff using data from balance of payments and fiscal accounts.  GDP expenditure component estimates prior 2014 have been removed due to interna National accounts manual used: System of National Accounts (SNA) 2008 GDP valuation: Market prices Reporting in calendar year: Yes Start/end months of reporting year: January/December Base year: 2018 Chain-weighted: No Primary domestic currency: Eastern Caribbean dollar Data last updated: 03/21/2025,1.454,1.528,1.560,1.624,1.754,1.975,2.259,2.348,2.674,2.914,3.202,3.214,3.470,3.490,3.546,3.608,3.713,3.688,3.919,4.024,4.026,3.889,3.905,4.071,4.367,4.349,4.631,4.721,4.951,4.858,4.882,5.120,5.100,4.987,5.052,5.040,5.232,5.408,5.565,5.526,4.179,4.664,5.615,5.739,5.957,6.138,6.287,6.414,6.527,6.625,6.724,2022.0,
362,LCA,NGDPD,St. Lucia,"Gross domestic product, current prices","Values are based upon GDP in national currency converted to U.S. dollars using market exchange rates (yearly average). Exchange rate projections are provided by country economists for the group of other emerging market and developing countries. Exchanges rates for advanced economies are established in the WEO assumptions for each WEO exercise. Expenditure-based GDP is total final expenditures at purchasers' prices (including the f.o.b. value of exports of goods and services), less the f.o.b. value of imports of goods and services. [SNA 1993]",U.S. dollars,Billions,"See notes for:  Gross domestic product, current prices (National currency).",0.170,0.194,0.183,0.197,0.251,0.284,0.340,0.375,0.429,0.486,0.579,0.613,0.674,0.684,0.713,0.762,0.788,0.805,0.877,0.921,0.932,0.892,0.899,0.987,1.066,1.135,1.268,1.331,1.427,1.400,1.483,1.569,1.598,1.660,1.749,1.808,1.869,1.999,2.061,2.095,1.499,1.867,2.343,2.430,2.523,2.632,2.753,2.879,3.003,3.124,3.251,2022.0,
362,LCA,PCPIPCH,St. Lucia,"Inflation, average consumer prices",Annual percentages of average consumer prices are year-on-year changes.,Percent change,Units,"See notes for:  Inflation, average consumer prices (Index).",19.367,15.125,4.614,1.473,2.049,0.503,2.174,7.039,0.829,4.395,4.331,5.539,5.661,0.775,2.664,5.863,0.925,-0.006,3.202,2.415,4.848,5.273,-0.256,1.034,1.460,3.911,3.564,2.823,5.550,-0.157,3.250,2.769,4.178,1.469,3.517,-0.984,-3.078,0.104,2.555,0.539,-1.755,2.410,6.373,4.077,-0.448,0.693,1.709,2.000,2.000,2.000,2.000,2022.0,
362,LCA,LP,St. Lucia,Population,"For census purposes, the total population of the country consists of all persons falling within the scope of the census. In the broadest sense, the total may comprise either all usual residents of the country or all persons present in the country at the time of the census. [Principles and Recommendations for Population and Housing Censuses, Revision 1, paragraph 2.42]",Persons,Millions,Source: United Nations Latest actual data: 2022 Primary domestic currency: Eastern Caribbean dollar Data last updated: 03/21/2025,0.121,0.122,0.124,0.125,0.127,0.129,0.131,0.133,0.135,0.137,0.138,0.140,0.142,0.144,0.146,0.148,0.150,0.153,0.155,0.157,0.159,0.160,0.162,0.163,0.164,0.165,0.167,0.168,0.169,0.170,0.171,0.172,0.173,0.173,0.174,0.175,0.176,0.176,0.177,0.178,0.178,0.179,0.179,0.179,0.180,0.182,0.183,0.184,0.185,0.186,0.187,2022.0,
364,VCT,NGDP_R,St. Vincent and the Grenadines,"Gross domestic product, constant prices","Expressed in billions of national currency units; the base year is country-specific. Expenditure-based GDP is total final expenditures at purchasers' prices (including the f.o.b. value of exports of goods and services), less the f.o.b. value of imports of goods and services. [SNA 1993]",National currency,Billions,Source: National Statistics Office Latest actual data: 2022. Preliminary Notes: Historical values for expenditure based GDP components are not reported by authorities and are estimated by IMF staff using data from balance of payments and fiscal accounts.  GDP expenditure component estimates prior 2014 have been removed due to interna National accounts manual used: System of National Accounts (SNA) 1993 GDP valuation: Market prices. Real GDP at market prices begins in 2000 Reporting in calendar year: Yes Start/end months of reporting year: January/December Base year: 2018 Chain-weighted: No Primary domestic currency: Eastern Caribbean dollar Data last updated: 03/17/2025,0.740,0.774,0.809,0.826,0.881,0.935,0.988,0.992,1.132,1.147,1.195,1.209,1.286,1.340,1.324,1.427,1.445,1.496,1.557,1.599,1.625,1.652,1.733,1.840,1.909,1.952,2.079,2.144,2.155,2.130,2.040,2.028,2.050,2.110,2.132,2.191,2.280,2.314,2.388,2.405,2.291,2.342,2.460,2.602,2.727,2.855,2.938,3.018,3.099,3.183,3.269,2022.0,
364,VCT,NGDPD,St. Vincent and the Grenadines,"Gross domestic product, current prices","Values are based upon GDP in national currency converted to U.S. dollars using market exchange rates (yearly average). Exchange rate projections are provided by country economists for the group of other emerging market and developing countries. Exchanges rates for advanced economies are established in the WEO assumptions for each WEO exercise. Expenditure-based GDP is total final expenditures at purchasers' prices (including the f.o.b. value of exports of goods and services), less the f.o.b. value of imports of goods and services. [SNA 1993]",U.S. dollars,Billions,"See notes for:  Gross domestic product, current prices (National currency).",0.089,0.110,0.123,0.132,0.146,0.157,0.173,0.189,0.216,0.232,0.259,0.275,0.300,0.309,0.312,0.341,0.358,0.375,0.403,0.421,0.427,0.461,0.488,0.508,0.549,0.580,0.643,0.713,0.731,0.714,0.720,0.713,0.727,0.766,0.771,0.786,0.814,0.844,0.884,0.910,0.864,0.888,0.970,1.071,1.162,1.242,1.303,1.365,1.430,1.497,1.568,2022.0,
364,VCT,PCPIPCH,St. Vincent and the Grenadines,"Inflation, average consumer prices",Annual percentages of average consumer prices are year-on-year changes.,Percent change,Units,"See notes for:  Inflation, average consumer prices (Index).",17.207,17.450,7.228,5.458,2.702,2.079,1.154,2.939,0.298,2.645,7.250,5.922,3.805,4.260,0.395,2.391,4.413,0.499,2.105,1.013,0.193,1.876,0.748,0.125,2.853,3.446,3.017,6.995,10.123,0.373,0.761,3.186,2.598,0.805,0.194,-1.726,-0.158,2.153,2.324,0.906,-0.606,1.557,5.660,4.565,3.594,2.051,2.003,2.003,2.003,2.003,2.003,2023.0,
364,VCT,LP,St. Vincent and the Grenadines,Population,"For census purposes, the total population of the country consists of all persons falling within the scope of the census. In the broadest sense, the total may comprise either all usual residents of the country or all persons present in the country at the time of the census. [Principles and Recommendations for Population and Housing Censuses, Revision 1, paragraph 2.42]",Persons,Millions,Source: National Statistics Office Latest actual data: 2016 Primary domestic currency: Eastern Caribbean dollar Data last updated: 03/17/2025,0.098,0.099,0.100,0.101,0.102,0.102,0.103,0.104,0.104,0.105,0.106,0.106,0.107,0.107,0.107,0.107,0.107,0.107,0.107,0.108,0.108,0.108,0.108,0.108,0.108,0.108,0.108,0.109,0.109,0.109,0.109,0.109,0.109,0.109,0.110,0.110,0.110,0.110,0.111,0.111,0.111,0.111,0.111,0.111,0.111,0.111,0.111,0.111,0.112,0.112,0.112,2016.0,
732,SDN,NGDP_R,Sudan,"Gross domestic product, constant prices","Expressed in billions of national currency units; the base year is country-specific. Expenditure-based GDP is total final expenditures at purchasers' prices (including the f.o.b. value of exports of goods and services), less the f.o.b. value of imports of goods and services. [SNA 1993]",National currency,Billions,Source: National Statistics Office. Central Bureau of Statistics. Latest actual data: 2019. Substantial delay occurred in the regular production of national accounts data. National accounts manual used: We don t receive national accounting data since 2019 GDP valuation: Factor costs Reporting in calendar year: Yes Start/end months of reporting year: January/December Base year: 1982. Fiscal year and calendar year are the same. Chain-weighted: No Primary domestic currency: Sudanese pound Data last updated: 02/12/2025,6.425,6.831,7.113,7.005,6.611,6.570,7.222,7.689,8.019,8.133,8.201,8.777,9.264,9.519,9.853,10.726,11.312,11.998,12.986,13.536,14.671,16.266,17.232,18.316,19.257,20.344,21.673,22.916,23.798,23.139,24.032,23.259,19.304,19.682,20.599,21.610,22.625,22.799,22.277,21.720,20.932,21.036,20.510,16.254,12.456,12.409,13.503,15.598,16.836,17.802,18.604,2019.0,
732,SDN,NGDPD,Sudan,"Gross domestic product, current prices","Values are based upon GDP in national currency converted to U.S. dollars using market exchange rates (yearly average). Exchange rate projections are provided by country economists for the group of other emerging market and developing countries. Exchanges rates for advanced economies are established in the WEO assumptions for each WEO exercise. Expenditure-based GDP is total final expenditures at purchasers' prices (including the f.o.b. value of exports of goods and services), less the f.o.b. value of imports of goods and services. [SNA 1993]",U.S. dollars,Billions,"See notes for:  Gross domestic product, current prices (National currency).",9.095,6.530,4.748,6.485,7.992,5.547,7.400,11.964,9.551,16.853,2.245,2.528,3.100,5.246,5.961,6.694,8.377,10.241,10.924,10.714,13.134,15.716,18.137,21.355,26.646,35.183,45.264,59.440,64.833,54.812,65.716,66.448,48.948,52.892,60.726,64.534,64.888,48.906,33.590,31.484,35.237,35.142,33.517,36.998,28.270,31.506,36.362,42.730,47.008,50.616,53.619,2019.0,
732,SDN,PCPIPCH,Sudan,"Inflation, average consumer prices",Annual percentages of average consumer prices are year-on-year changes.,Percent change,Units,"See notes for:  Inflation, average consumer prices (Index).",26.531,24.019,26.608,30.566,33.659,45.625,59.996,26.512,62.864,65.338,-0.874,123.578,117.624,101.305,115.478,68.375,86.764,47.169,24.622,17.166,7.121,1.935,22.225,6.489,9.658,8.506,7.199,14.754,14.297,11.257,12.978,18.097,35.559,36.522,36.907,16.910,17.750,32.352,63.293,50.994,163.258,359.092,138.808,77.249,176.779,100.012,63.217,39.376,30.113,22.713,15.263,2022.0,
732,SDN,LP,Sudan,Population,"For census purposes, the total population of the country consists of all persons falling within the scope of the census. In the broadest sense, the total may comprise either all usual residents of the country or all persons present in the country at the time of the census. [Principles and Recommendations for Population and Housing Censuses, Revision 1, paragraph 2.42]",Persons,Millions,"Source: United Nations Population Division of Department of Economic and Social Affairs, World Bank, and Central Bureau of Statistics, Sudan . Latest actual data: 2011 Primary domestic currency: Sudanese pound Data last updated: 02/12/2025",18.680,19.240,19.800,20.360,21.311,21.908,22.521,23.152,23.600,24.200,25.750,26.530,27.320,28.130,28.950,27.950,28.600,29.200,29.800,30.400,31.100,31.900,32.700,33.600,34.474,35.300,36.218,37.159,38.126,39.117,40.134,32.661,35.056,36.164,37.289,38.435,39.599,40.783,41.985,43.222,44.345,45.498,46.681,47.895,49.140,50.418,51.729,53.074,54.454,55.870,57.322,2011.0,
366,SUR,NGDP_R,Suriname,"Gross domestic product, constant prices","Expressed in billions of national currency units; the base year is country-specific. Expenditure-based GDP is total final expenditures at purchasers' prices (including the f.o.b. value of exports of goods and services), less the f.o.b. value of imports of goods and services. [SNA 1993]",National currency,Billions,"Source: National Statistics Office. IMF Staff reports, National Statistical Office, and IMF staff estimates. Latest actual data: 2023 National accounts manual used: System of National Accounts (SNA) 2008 GDP valuation: Market prices Reporting in calendar year: Yes Start/end months of reporting year: January/December Base year: 2015 Chain-weighted: No Primary domestic currency: Surinamese dollar Data last updated: 03/12/2025",10.485,10.684,10.011,9.500,9.215,9.132,8.913,8.129,9.007,9.214,9.076,7.823,8.128,7.950,7.393,8.229,9.150,9.791,10.006,9.916,9.906,10.392,10.781,11.449,12.285,12.889,13.632,14.328,14.922,15.372,16.166,17.111,17.573,18.088,18.134,17.515,16.654,16.915,17.752,17.959,15.090,14.723,15.077,15.460,15.931,16.442,17.053,17.730,26.650,33.968,35.267,2023.0,
366,SUR,NGDPD,Suriname,"Gross domestic product, current prices","Values are based upon GDP in national currency converted to U.S. dollars using market exchange rates (yearly average). Exchange rate projections are provided by country economists for the group of other emerging market and developing countries. Exchanges rates for advanced economies are established in the WEO assumptions for each WEO exercise. Expenditure-based GDP is total final expenditures at purchasers' prices (including the f.o.b. value of exports of goods and services), less the f.o.b. value of imports of goods and services. [SNA 1993]",U.S. dollars,Billions,"See notes for:  Gross domestic product, current prices (National currency).",1.276,1.427,1.469,1.419,1.387,1.402,1.430,1.573,1.864,2.177,0.577,0.637,0.590,0.465,0.523,0.993,1.234,1.322,1.588,1.308,1.355,1.167,1.474,1.729,2.000,2.393,2.812,3.144,3.783,4.150,4.677,4.735,5.332,5.510,5.612,5.126,3.317,3.592,3.996,4.016,2.912,3.084,3.631,3.445,4.458,4.506,4.685,4.966,8.743,11.815,12.600,2023.0,
366,SUR,PCPIPCH,Suriname,"Inflation, average consumer prices",Annual percentages of average consumer prices are year-on-year changes.,Percent change,Units,"See notes for:  Inflation, average consumer prices (Index).",14.151,8.678,7.119,4.374,3.688,10.852,18.664,53.418,7.340,0.758,21.766,10.488,21.311,79.263,142.841,24.162,2.840,6.081,11.248,60.526,29.557,34.366,15.516,23.001,9.126,13.981,11.281,6.426,14.667,-0.300,6.948,17.684,5.009,1.916,3.384,6.896,55.501,22.024,6.939,4.392,34.890,59.120,52.448,51.583,16.226,8.717,6.982,6.257,5.207,5.000,5.000,2023.0,
366,SUR,LP,Suriname,Population,"For census purposes, the total population of the country consists of all persons falling within the scope of the census. In the broadest sense, the total may comprise either all usual residents of the country or all persons present in the country at the time of the census. [Principles and Recommendations for Population and Housing Censuses, Revision 1, paragraph 2.42]",Persons,Millions,Source: National Statistics Office. Data published by the National Statistics Office (National Accounts Tables). Latest actual data: 2023 Notes: As published by the Central Bank of Suriname Primary domestic currency: Surinamese dollar Data last updated: 03/12/2025,,,,,,,,,,,0.409,0.414,0.420,0.425,0.431,0.437,0.443,0.449,0.455,0.461,0.467,0.473,0.479,0.487,0.496,0.501,0.507,0.514,0.521,0.528,0.536,0.541,0.546,0.554,0.563,0.567,0.576,0.583,0.590,0.598,0.609,0.618,0.628,0.637,0.647,0.657,0.667,0.677,0.688,0.698,0.709,2023.0,
144,SWE,NGDP_R,Sweden,"Gross domestic product, constant prices","Expressed in billions of national currency units; the base year is country-specific. Expenditure-based GDP is total final expenditures at purchasers' prices (including the f.o.b. value of exports of goods and services), less the f.o.b. value of imports of goods and services. [SNA 1993]",National currency,Billions,"Source: National Statistics Office. In June 2024 the authorities revised 1993-2023 data, due to a benchmark revision that is carried every 5 years. In June 2010, the authorities performed a major revision of historical time series data 1993-2009 which involved the introduction of new method Latest actual data: 2024 National accounts manual used: European System of Accounts (ESA) 2010 GDP valuation: Market prices Reporting in calendar year: Yes Start/end months of reporting year: January/December Base year: 2023 Chain-weighted: Yes, from 1993 Primary domestic currency: Swedish krona Data last updated: 03/31/2025","2,450.905","2,562.188","2,597.971","2,651.441","2,766.711","2,831.074","2,915.187","3,011.461","3,085.770","3,167.783","3,191.562","3,156.362","3,126.833","3,089.108","3,213.156","3,344.711","3,401.732","3,505.991","3,654.846","3,808.389","3,984.759","4,038.982","4,130.977","4,208.678","4,384.581","4,507.050","4,717.800","4,869.945","4,824.990","4,619.659","4,885.323","5,039.890","5,019.002","5,076.103","5,192.639","5,421.642","5,549.036","5,650.315","5,757.838","5,904.643","5,786.234","6,129.792","6,219.243","6,212.143","6,272.639","6,389.178","6,527.689","6,650.438","6,764.319","6,879.208","6,995.686",2024.0,
144,SWE,NGDPD,Sweden,"Gross domestic product, current prices","Values are based upon GDP in national currency converted to U.S. dollars using market exchange rates (yearly average). Exchange rate projections are provided by country economists for the group of other emerging market and developing countries. Exchanges rates for advanced economies are established in the WEO assumptions for each WEO exercise. Expenditure-based GDP is total final expenditures at purchasers' prices (including the f.o.b. value of exports of goods and services), less the f.o.b. value of imports of goods and services. [SNA 1993]",U.S. dollars,Billions,"See notes for:  Gross domestic product, current prices (National currency).",139.571,127.406,112.404,103.289,107.628,112.593,148.766,180.937,204.691,215.436,258.395,270.629,281.588,212.646,228.703,267.054,291.954,268.252,270.891,274.319,262.904,242.498,267.373,334.074,384.548,391.691,422.528,490.052,514.617,434.313,492.753,570.541,549.742,584.128,577.730,501.698,514.218,536.084,551.312,532.169,545.148,637.187,579.896,585.490,610.118,620.297,649.462,677.464,704.540,732.485,761.499,2024.0,
144,SWE,PCPIPCH,Sweden,"Inflation, average consumer prices",Annual percentages of average consumer prices are year-on-year changes.,Percent change,Units,"See notes for:  Inflation, average consumer prices (Index).",17.452,12.108,8.578,8.907,8.021,7.367,4.233,4.222,5.798,6.437,10.470,8.792,1.378,4.689,2.910,2.465,1.020,1.818,1.008,0.570,1.295,2.681,1.936,2.318,1.019,0.835,1.500,1.679,3.347,1.938,1.900,1.360,0.937,0.442,0.209,0.703,1.140,1.867,2.035,1.722,0.661,2.652,8.057,5.909,2.004,2.112,2.000,2.050,2.000,2.000,2.000,2024.0,
144,SWE,LP,Sweden,Population,"For census purposes, the total population of the country consists of all persons falling within the scope of the census. In the broadest sense, the total may comprise either all usual residents of the country or all persons present in the country at the time of the census. [Principles and Recommendations for Population and Housing Censuses, Revision 1, paragraph 2.42]",Persons,Millions,Source: National Statistics Office. NATIONAL_STATISTICS_OFFICE Latest actual data: 2023 Primary domestic currency: Swedish krona Data last updated: 03/31/2025,8.318,8.323,8.327,8.331,8.343,8.358,8.382,8.414,8.459,8.527,8.591,8.644,8.692,8.745,8.816,8.837,8.844,8.848,8.854,8.861,8.883,8.909,8.941,8.976,9.011,9.048,9.113,9.183,9.256,9.341,9.416,9.483,9.556,9.645,9.747,9.851,9.995,10.120,10.230,10.328,10.379,10.452,10.522,10.552,10.588,10.676,10.760,10.839,10.913,10.983,11.049,2023.0,
146,CHE,NGDP_R,Switzerland,"Gross domestic product, constant prices","Expressed in billions of national currency units; the base year is country-specific. Expenditure-based GDP is total final expenditures at purchasers' prices (including the f.o.b. value of exports of goods and services), less the f.o.b. value of imports of goods and services. [SNA 1993]",National currency,Billions,"Source: National Statistics Office. Quarterly national accounts data are the responsibility of the State Secretariat for Economic Affairs (SECO) Latest actual data: 2024 National accounts manual used: European System of Accounts (ESA) 2010 GDP valuation: Market prices Reporting in calendar year: Yes Start/end months of reporting year: January/December Base year: 2015 Chain-weighted: Yes, from 1980 Primary domestic currency: Swiss franc Data last updated: 04/09/2025",363.294,369.220,364.272,366.474,377.715,391.739,398.933,405.085,418.384,436.923,453.144,448.934,448.283,447.636,453.460,456.149,458.152,468.393,482.145,489.995,510.138,518.369,518.088,517.523,530.788,545.985,568.651,590.940,606.764,592.781,611.832,623.467,630.995,642.662,657.362,667.705,681.729,691.496,711.271,719.493,703.018,742.199,765.399,771.088,780.874,787.717,800.403,810.008,824.588,834.483,849.504,2024.0,
146,CHE,NGDPD,Switzerland,"Gross domestic product, current prices","Values are based upon GDP in national currency converted to U.S. dollars using market exchange rates (yearly average). Exchange rate projections are provided by country economists for the group of other emerging market and developing countries. Exchanges rates for advanced economies are established in the WEO assumptions for each WEO exercise. Expenditure-based GDP is total final expenditures at purchasers' prices (including the f.o.b. value of exports of goods and services), less the f.o.b. value of imports of goods and services. [SNA 1993]",U.S. dollars,Billions,"See notes for:  Gross domestic product, current prices (National currency).",122.466,112.129,114.891,114.517,109.400,110.965,159.074,199.086,215.360,208.135,265.911,269.003,279.764,272.006,301.246,353.094,340.241,294.824,303.238,297.581,279.305,286.780,309.579,362.132,403.461,418.265,441.898,491.075,566.938,553.873,598.339,715.864,686.553,706.748,726.634,693.805,687.771,695.544,725.910,721.867,741.288,814.699,828.522,894.867,936.738,947.125,990.523,"1,028.968","1,074.152","1,113.974","1,162.661",2024.0,
146,CHE,PCPIPCH,Switzerland,"Inflation, average consumer prices",Annual percentages of average consumer prices are year-on-year changes.,Percent change,Units,"See notes for:  Inflation, average consumer prices (Index).",4.022,6.486,5.671,2.950,2.937,3.427,0.743,1.435,1.872,3.154,5.404,5.859,4.037,3.293,0.851,1.798,0.810,0.518,0.019,0.808,1.561,0.991,0.641,0.636,0.801,1.173,1.064,0.735,2.428,-0.480,0.688,0.228,-0.693,-0.216,-0.012,-1.142,-0.434,0.535,0.935,0.363,-0.724,0.583,2.834,2.135,1.060,0.229,0.488,0.653,0.706,0.711,0.709,2024.0,
146,CHE,LP,Switzerland,Population,"For census purposes, the total population of the country consists of all persons falling within the scope of the census. In the broadest sense, the total may comprise either all usual residents of the country or all persons present in the country at the time of the census. [Principles and Recommendations for Population and Housing Censuses, Revision 1, paragraph 2.42]",Persons,Millions,Source: National Statistics Office Latest actual data: 2024 Primary domestic currency: Swiss franc Data last updated: 04/09/2025,6.304,6.335,6.373,6.410,6.428,6.456,6.485,6.523,6.567,6.620,6.674,6.757,6.843,6.908,6.969,7.019,7.062,7.081,7.096,7.124,7.164,7.198,7.256,7.314,7.364,7.415,7.459,7.509,7.593,7.702,7.786,7.870,7.955,8.039,8.140,8.238,8.327,8.420,8.484,8.545,8.606,8.670,8.739,8.815,8.962,9.029,9.093,9.158,9.223,9.288,9.354,2024.0,
463,SYR,NGDP_R,Syria,"Gross domestic product, constant prices","Expressed in billions of national currency units; the base year is country-specific. Expenditure-based GDP is total final expenditures at purchasers' prices (including the f.o.b. value of exports of goods and services), less the f.o.b. value of imports of goods and services. [SNA 1993]",National currency,Billions,Source: National Statistics Office. Central Bureau of Statistics. Latest actual data: 2010 National accounts manual used: System of National Accounts (SNA) 1993 GDP valuation: Market prices Start/end months of reporting year: January/December Base year: 2000 Chain-weighted: No Primary domestic currency: Syrian pound Data last updated: n/a,464.241,503.530,516.534,524.824,490.720,526.524,501.478,507.753,572.342,537.618,593.303,656.946,743.967,799.085,843.305,889.039,915.408,905.429,955.713,925.884,947.130,981.983,"1,039.888","1,018.708","1,089.026","1,156.714","1,215.082","1,284.035","1,341.515","1,420.832","1,469.703",,,,,,,,,,,,,,,,,,,,,2010.0,
463,SYR,NGDPD,Syria,"Gross domestic product, current prices","Values are based upon GDP in national currency converted to U.S. dollars using market exchange rates (yearly average). Exchange rate projections are provided by country economists for the group of other emerging market and developing countries. Exchanges rates for advanced economies are established in the WEO assumptions for each WEO exercise. Expenditure-based GDP is total final expenditures at purchasers' prices (including the f.o.b. value of exports of goods and services), less the f.o.b. value of imports of goods and services. [SNA 1993]",U.S. dollars,Billions,"See notes for:  Gross domestic product, current prices (National currency).",12.980,16.652,17.415,18.649,19.171,21.177,25.428,32.497,16.538,9.849,12.303,12.738,13.263,13.796,15.105,16.556,17.761,16.573,16.144,16.785,19.861,20.979,22.758,21.702,25.204,28.881,33.824,40.488,52.631,53.939,60.043,,,,,,,,,,,,,,,,,,,,,2010.0,
463,SYR,PCPIPCH,Syria,"Inflation, average consumer prices",Annual percentages of average consumer prices are year-on-year changes.,Percent change,Units,"See notes for:  Inflation, average consumer prices (Index).",19.332,18.400,14.274,5.987,9.453,16.818,36.187,71.429,30.000,15.385,11.111,9.000,11.100,13.200,15.328,7.722,8.872,1.889,-0.953,-3.700,-3.900,3.401,-0.518,5.797,4.433,7.240,10.390,4.677,15.153,2.804,4.398,,,,,,,,,,,,,,,,,,,,,2011.0,
463,SYR,LP,Syria,Population,"For census purposes, the total population of the country consists of all persons falling within the scope of the census. In the broadest sense, the total may comprise either all usual residents of the country or all persons present in the country at the time of the census. [Principles and Recommendations for Population and Housing Censuses, Revision 1, paragraph 2.42]",Persons,Millions,Source: National Statistics Office Latest actual data: 2010 Primary domestic currency: Syrian pound Data last updated: n/a,9.129,9.444,9.758,10.084,10.419,10.776,11.133,11.511,11.899,12.298,12.721,13.102,13.484,13.865,14.241,14.610,14.973,15.334,15.702,16.091,16.511,16.961,17.438,17.952,18.512,19.121,19.596,20.083,20.581,21.092,21.393,,,,,,,,,,,,,,,,,,,,,2010.0,
528,TWN,NGDP_R,Taiwan Province of China,"Gross domestic product, constant prices","Expressed in billions of national currency units; the base year is country-specific. Expenditure-based GDP is total final expenditures at purchasers' prices (including the f.o.b. value of exports of goods and services), less the f.o.b. value of imports of goods and services. [SNA 1993]",National currency,Billions,Source: National Statistics Office. Data retrieved from CEIC Latest actual data: 2024 National accounts manual used: System of National Accounts (SNA) 2008 GDP valuation: Market prices. Expenditure-based measure Reporting in calendar year: Yes Start/end months of reporting year: January/December Base year: 2021 Chain-weighted: No Primary domestic currency: New Taiwan dollar Data last updated: 02/20/2025,"2,346.027","2,568.255","2,691.811","2,934.720","3,229.653","3,384.940","3,774.640","4,255.959","4,597.469","4,998.475","5,275.458","5,717.119","6,192.253","6,614.235","7,110.573","7,572.687","8,040.421","8,526.981","8,885.524","9,483.696","10,082.522","9,941.179","10,486.321","10,929.320","11,689.118","12,318.369","13,029.192","13,921.703","14,032.900","13,806.459","15,220.971","15,780.050","16,130.510","16,531.048","17,311.105","17,564.746","17,945.024","18,602.118","19,142.600","19,727.465","20,402.197","21,773.291","22,357.584","22,608.347","23,580.388","24,253.366","24,859.463","25,446.051","26,020.456","26,603.117","27,157.106",2024.0,
528,TWN,NGDPD,Taiwan Province of China,"Gross domestic product, current prices","Values are based upon GDP in national currency converted to U.S. dollars using market exchange rates (yearly average). Exchange rate projections are provided by country economists for the group of other emerging market and developing countries. Exchanges rates for advanced economies are established in the WEO assumptions for each WEO exercise. Expenditure-based GDP is total final expenditures at purchasers' prices (including the f.o.b. value of exports of goods and services), less the f.o.b. value of imports of goods and services. [SNA 1993]",U.S. dollars,Billions,"See notes for:  Gross domestic product, current prices (National currency).",42.285,48.969,49.535,54.148,61.071,63.617,78.195,105.039,126.473,152.704,166.622,187.140,222.911,236.339,256.247,279.059,292.494,303.284,279.964,303.830,330.680,299.276,307.439,317.381,346.924,374.060,386.450,406.907,415.901,390.829,444.281,483.974,495.610,512.943,535.328,534.515,543.081,591.687,610.690,613.512,676.861,776.965,765.624,757.335,782.441,804.889,848.398,888.670,920.008,940.950,960.132,2024.0,
528,TWN,PCPIPCH,Taiwan Province of China,"Inflation, average consumer prices",Annual percentages of average consumer prices are year-on-year changes.,Percent change,Units,"See notes for:  Inflation, average consumer prices (Index).",19.023,10.863,2.952,1.370,-0.031,-0.162,0.699,0.510,1.289,4.416,4.129,3.623,4.462,2.944,4.098,3.666,3.077,0.905,1.684,0.175,1.248,-0.003,-0.196,-0.281,1.608,2.309,0.600,1.796,3.530,-0.875,0.966,1.421,1.935,0.792,1.194,-0.306,1.393,0.622,1.350,0.559,-0.238,1.971,2.947,2.492,2.181,1.782,1.562,1.574,1.545,1.586,1.506,2024.0,
528,TWN,LP,Taiwan Province of China,Population,"For census purposes, the total population of the country consists of all persons falling within the scope of the census. In the broadest sense, the total may comprise either all usual residents of the country or all persons present in the country at the time of the census. [Principles and Recommendations for Population and Housing Censuses, Revision 1, paragraph 2.42]",Persons,Millions,"Source: National Statistics Office. Data retrieved from CEIC. Original source is Directorate-General of Budget, Accounting and Statistics Latest actual data: 2024 Primary domestic currency: New Taiwan dollar Data last updated: 02/20/2025",17.866,18.194,18.516,18.791,19.069,19.314,19.509,19.725,19.954,20.157,20.401,20.606,20.803,20.995,21.178,21.357,21.525,21.743,21.929,22.092,22.277,22.406,22.521,22.605,22.689,22.770,22.877,22.958,23.037,23.120,23.162,23.225,23.316,23.374,23.434,23.492,23.540,23.571,23.589,23.603,23.561,23.375,23.265,23.420,23.400,23.380,23.360,23.340,23.320,23.299,23.279,2024.0,
923,TJK,NGDP_R,Tajikistan,"Gross domestic product, constant prices","Expressed in billions of national currency units; the base year is country-specific. Expenditure-based GDP is total final expenditures at purchasers' prices (including the f.o.b. value of exports of goods and services), less the f.o.b. value of imports of goods and services. [SNA 1993]",National currency,Billions,Source: National Statistics Office Latest actual data: 2023 National accounts manual used: System of National Accounts (SNA) 1993 GDP valuation: Market prices Reporting in calendar year: Yes Start/end months of reporting year: January/December Base year: 1995 Chain-weighted: No Primary domestic currency: Tajik somoni Data last updated: 02/19/2025,,,,,,,,,,,,,0.106,0.094,0.074,0.065,0.062,0.063,0.066,0.069,0.075,0.082,0.090,0.099,0.109,0.117,0.125,0.134,0.145,0.151,0.161,0.172,0.185,0.199,0.212,0.225,0.241,0.258,0.277,0.298,0.311,0.340,0.367,0.398,0.431,0.460,0.483,0.506,0.529,0.552,0.577,2023.0,
923,TJK,NGDPD,Tajikistan,"Gross domestic product, current prices","Values are based upon GDP in national currency converted to U.S. dollars using market exchange rates (yearly average). Exchange rate projections are provided by country economists for the group of other emerging market and developing countries. Exchanges rates for advanced economies are established in the WEO assumptions for each WEO exercise. Expenditure-based GDP is total final expenditures at purchasers' prices (including the f.o.b. value of exports of goods and services), less the f.o.b. value of imports of goods and services. [SNA 1993]",U.S. dollars,Billions,"See notes for:  Gross domestic product, current prices (National currency).",,,,,,,,,,,,,0.291,0.678,0.829,0.569,1.052,1.121,1.320,1.087,0.991,1.057,1.212,1.555,2.073,2.311,2.811,3.712,5.135,4.977,5.642,6.523,7.592,8.506,9.242,7.857,6.994,7.535,7.762,8.301,8.134,8.934,10.493,11.854,13.544,14.836,16.084,17.492,18.968,20.570,22.201,2023.0,
923,TJK,PCPIPCH,Tajikistan,"Inflation, average consumer prices",Annual percentages of average consumer prices are year-on-year changes.,Percent change,Units,"See notes for:  Inflation, average consumer prices (Index).",,,,,,,,,,,,,,"2,600.715",350.358,612.481,418.472,87.956,43.175,27.452,32.851,38.592,12.227,16.356,7.206,7.277,9.969,13.168,20.429,6.419,6.463,12.422,5.796,5.035,6.077,5.781,5.914,7.310,3.843,7.790,8.580,8.974,6.641,3.652,3.505,4.336,5.500,6.250,6.500,6.500,6.500,2023.0,
923,TJK,LP,Tajikistan,Population,"For census purposes, the total population of the country consists of all persons falling within the scope of the census. In the broadest sense, the total may comprise either all usual residents of the country or all persons present in the country at the time of the census. [Principles and Recommendations for Population and Housing Censuses, Revision 1, paragraph 2.42]",Persons,Millions,Source: International Financial Institution Latest actual data: 2014 Primary domestic currency: Tajik somoni Data last updated: 02/19/2025,,,,,,,,,,,,,5.536,5.573,5.607,5.668,5.735,5.822,5.939,6.115,6.216,6.327,6.448,6.577,6.713,6.854,7.001,7.152,7.310,7.473,7.642,7.816,7.995,8.178,8.363,8.549,8.735,8.921,9.107,9.292,9.475,9.657,9.836,10.013,10.188,10.360,10.530,10.698,10.864,11.029,11.194,2014.0,
738,TZA,NGDP_R,Tanzania,"Gross domestic product, constant prices","Expressed in billions of national currency units; the base year is country-specific. Expenditure-based GDP is total final expenditures at purchasers' prices (including the f.o.b. value of exports of goods and services), less the f.o.b. value of imports of goods and services. [SNA 1993]",National currency,Billions,Source: National Statistics Office Latest actual data: 2023 National accounts manual used: System of National Accounts (SNA) 2008 GDP valuation: Market prices Reporting in calendar year: Yes. Original base year 1992 Start/end months of reporting year: January/December Base year: 2015 Chain-weighted: No Primary domestic currency: Tanzanian shilling Data last updated: 02/19/2025,"18,394.180","18,486.151","18,597.068","19,043.397","19,690.873","20,596.653","21,956.032","23,251.438","24,274.501","25,196.932","26,972.093","27,530.911","27,691.679","28,025.708","28,464.874","29,481.212","30,820.967","31,907.491","33,090.771","34,692.512","36,404.170","38,587.634","41,351.885","44,199.469","47,659.526","51,171.981","53,556.887","58,090.146","61,323.790","64,624.449","68,733.844","74,166.915","77,979.847","83,268.117","88,874.111","94,349.316","100,828.393","107,611.391","115,174.468","123,139.239","128,723.538","134,951.514","141,247.191","148,399.758","156,466.890","165,885.636","176,326.852","187,757.593","199,869.315","212,774.437","225,958.574",2023.0,
738,TZA,NGDPD,Tanzania,"Gross domestic product, current prices","Values are based upon GDP in national currency converted to U.S. dollars using market exchange rates (yearly average). Exchange rate projections are provided by country economists for the group of other emerging market and developing countries. Exchanges rates for advanced economies are established in the WEO assumptions for each WEO exercise. Expenditure-based GDP is total final expenditures at purchasers' prices (including the f.o.b. value of exports of goods and services), less the f.o.b. value of imports of goods and services. [SNA 1993]",U.S. dollars,Billions,"See notes for:  Gross domestic product, current prices (National currency).",10.873,13.005,14.932,15.294,13.915,12.556,15.874,7.821,7.474,6.444,5.172,6.019,5.588,5.170,5.478,6.382,7.889,9.341,11.481,11.777,12.369,12.610,13.123,14.159,15.576,17.174,18.878,21.810,27.779,29.301,31.860,34.369,39.650,45.677,49.982,47.424,49.774,54.000,54.775,58.797,63.373,67.964,74.173,79.138,80.171,85.977,93.523,102.391,112.264,123.055,134.553,2023.0,
738,TZA,PCPIPCH,Tanzania,"Inflation, average consumer prices",Annual percentages of average consumer prices are year-on-year changes.,Percent change,Units,"See notes for:  Inflation, average consumer prices (Index).",30.200,25.700,28.900,27.100,36.100,33.300,32.400,29.900,31.200,25.800,36.400,25.200,20.700,26.100,37.900,26.770,21.049,16.138,12.778,7.889,5.956,5.147,4.555,4.429,4.138,4.359,7.251,7.028,10.276,12.144,7.192,12.691,16.001,7.870,6.132,5.588,5.170,5.319,3.509,3.448,3.289,3.690,4.350,3.799,3.243,4.042,4.011,4.003,4.001,4.001,4.001,2023.0,
738,TZA,LP,Tanzania,Population,"For census purposes, the total population of the country consists of all persons falling within the scope of the census. In the broadest sense, the total may comprise either all usual residents of the country or all persons present in the country at the time of the census. [Principles and Recommendations for Population and Housing Censuses, Revision 1, paragraph 2.42]",Persons,Millions,Source: National Statistics Office Latest actual data: 2012 Primary domestic currency: Tanzanian shilling Data last updated: 02/19/2025,18.034,18.601,19.187,19.791,20.402,21.036,21.680,22.336,23.016,23.737,24.507,25.336,26.216,27.116,27.997,28.829,29.603,30.330,31.014,31.751,32.544,33.406,34.328,35.302,36.314,37.354,38.421,39.522,40.640,41.824,43.060,44.348,45.688,47.076,48.511,49.989,51.510,53.074,54.680,56.322,58.001,59.730,61.510,63.343,65.231,67.175,69.177,71.239,73.362,75.548,77.800,2012.0,
578,THA,NGDP_R,Thailand,"Gross domestic product, constant prices","Expressed in billions of national currency units; the base year is country-specific. Expenditure-based GDP is total final expenditures at purchasers' prices (including the f.o.b. value of exports of goods and services), less the f.o.b. value of imports of goods and services. [SNA 1993]",National currency,Billions,"Source: National Economic and Social Development Board Latest actual data: 2024 National accounts manual used: System of National Accounts (SNA) 1993 GDP valuation: Market prices Reporting in calendar year: Yes. Annual CY data are constructed from quarterly data. Start/end months of reporting year: January/December Base year: 2002 Chain-weighted: Yes, from 1993. Ratio splicing for years before 1993 Primary domestic currency: Thai baht Data last updated: 04/08/2025","1,577.940","1,671.197","1,760.654","1,858.919","1,965.992","2,057.271","2,171.117","2,377.785","2,693.747","3,022.212","3,373.479","3,656.940","3,994.472","4,341.027","4,688.180","5,068.875","5,355.365","5,207.901","4,810.328","5,030.271","5,254.382","5,435.356","5,769.577","6,184.367","6,573.323","6,848.590","7,188.815","7,579.538","7,710.338","7,657.089","8,232.396","8,301.559","8,902.824","9,142.087","9,232.088","9,521.426","9,848.502","10,259.941","10,693.205","10,919.319","10,258.696","10,416.939","10,690.598","10,905.089","11,180.976","11,382.234","11,564.357","11,784.621","12,032.188","12,308.009","12,603.912",2024.0,
578,THA,NGDPD,Thailand,"Gross domestic product, current prices","Values are based upon GDP in national currency converted to U.S. dollars using market exchange rates (yearly average). Exchange rate projections are provided by country economists for the group of other emerging market and developing countries. Exchanges rates for advanced economies are established in the WEO assumptions for each WEO exercise. Expenditure-based GDP is total final expenditures at purchasers' prices (including the f.o.b. value of exports of goods and services), less the f.o.b. value of imports of goods and services. [SNA 1993]",U.S. dollars,Billions,"See notes for:  Gross domestic product, current prices (National currency).",33.422,35.999,37.799,41.366,43.179,40.185,44.520,52.204,63.704,74.637,88.467,101.247,115.576,128.889,146.684,169.279,183.035,150.180,113.676,126.669,126.392,120.296,134.301,152.281,172.896,189.318,221.758,262.943,291.383,281.711,341.105,370.819,397.558,420.334,407.339,401.296,413.366,456.357,506.754,543.977,500.462,506.195,495.645,515.906,526.411,546.224,556.756,573.857,593.755,616.061,640.494,2024.0,
578,THA,PCPIPCH,Thailand,"Inflation, average consumer prices",Annual percentages of average consumer prices are year-on-year changes.,Percent change,Units,"See notes for:  Inflation, average consumer prices (Index).",19.700,12.693,5.251,3.868,0.868,2.257,1.843,2.566,3.757,5.468,5.840,5.790,4.015,3.381,5.056,5.796,5.825,5.628,7.960,0.239,1.697,1.612,0.659,1.818,2.809,4.467,4.714,2.163,5.486,-0.869,3.300,3.811,3.009,2.186,1.895,-0.898,0.186,0.664,1.067,0.706,-0.846,1.231,6.076,1.229,0.398,0.693,0.884,1.256,1.600,1.700,1.750,2024.0,
578,THA,LP,Thailand,Population,"For census purposes, the total population of the country consists of all persons falling within the scope of the census. In the broadest sense, the total may comprise either all usual residents of the country or all persons present in the country at the time of the census. [Principles and Recommendations for Population and Housing Censuses, Revision 1, paragraph 2.42]",Persons,Millions,"Source: National Statistics Office. Labour Force Survey, downloaded from CEIC Latest actual data: 2023 Primary domestic currency: Thai baht Data last updated: 04/08/2025",47.374,48.326,49.256,50.174,51.095,52.027,52.980,53.946,54.892,55.772,56.558,57.232,57.811,58.338,58.875,59.467,60.130,60.847,61.585,62.299,62.953,63.539,64.069,64.550,64.995,65.416,65.813,66.182,66.531,66.867,67.195,67.518,67.836,68.145,68.439,68.715,68.971,69.210,69.428,69.626,69.800,69.951,70.078,70.183,70.266,70.329,70.372,70.394,70.397,70.400,70.400,2023.0,
537,TLS,NGDP_R,Timor-Leste,"Gross domestic product, constant prices","Expressed in billions of national currency units; the base year is country-specific. Expenditure-based GDP is total final expenditures at purchasers' prices (including the f.o.b. value of exports of goods and services), less the f.o.b. value of imports of goods and services. [SNA 1993]",National currency,Billions,"Source: National Statistics Office Latest actual data: 2023 Notes: Published data for Real GDP refers to non-oil Real GDP, and published data for nominal GDP refers to total nominal GDP. National accounts manual used: System of National Accounts (SNA) 2008 GDP valuation: Market prices Reporting in calendar year: Yes Start/end months of reporting year: January/December Base year: 2015 Chain-weighted: No Primary domestic currency: US dollar Data last updated: 04/14/2025",,,,,,,,,,,,,,,,,,,,,0.833,0.969,0.904,0.884,0.888,0.914,0.877,0.967,1.077,1.186,1.296,1.374,1.440,1.485,1.552,1.590,1.638,1.586,1.579,1.621,1.483,1.527,1.588,1.625,1.692,1.749,1.805,1.863,1.921,1.979,2.038,2023.0,
537,TLS,NGDPD,Timor-Leste,"Gross domestic product, current prices","Values are based upon GDP in national currency converted to U.S. dollars using market exchange rates (yearly average). Exchange rate projections are provided by country economists for the group of other emerging market and developing countries. Exchanges rates for advanced economies are established in the WEO assumptions for each WEO exercise. Expenditure-based GDP is total final expenditures at purchasers' prices (including the f.o.b. value of exports of goods and services), less the f.o.b. value of imports of goods and services. [SNA 1993]",U.S. dollars,Billions,"See notes for:  Gross domestic product, current prices (National currency).",,,,,,,,,,,,,,,,,,,,,0.367,0.477,0.470,0.490,0.441,0.462,0.454,0.543,0.648,0.727,0.882,1.042,1.160,1.396,1.448,1.590,1.640,1.585,1.556,2.033,2.163,3.625,3.209,2.080,2.015,2.115,2.246,2.338,2.483,2.634,2.795,2023.0,
537,TLS,PCPIPCH,Timor-Leste,"Inflation, average consumer prices",Annual percentages of average consumer prices are year-on-year changes.,Percent change,Units,"See notes for:  Inflation, average consumer prices (Index).",,,,,,,,,,,,,,,,,,,,,,3.589,4.087,8.017,2.210,1.612,5.232,8.639,7.427,-0.209,5.178,13.174,10.935,9.451,0.849,0.646,-1.470,0.523,2.294,0.892,0.488,3.775,7.005,8.420,2.063,0.382,1.666,2.000,2.000,2.000,2.000,2024.0,
537,TLS,LP,Timor-Leste,Population,"For census purposes, the total population of the country consists of all persons falling within the scope of the census. In the broadest sense, the total may comprise either all usual residents of the country or all persons present in the country at the time of the census. [Principles and Recommendations for Population and Housing Censuses, Revision 1, paragraph 2.42]",Persons,Millions,Source: National Statistics Office Latest actual data: 2023 Primary domestic currency: US dollar Data last updated: 04/14/2025,,,,,,,,,,,,,,,,,,,,0.835,0.745,0.812,0.879,0.917,0.929,0.948,0.977,1.005,1.032,1.059,1.085,1.110,1.135,1.159,1.182,1.205,1.228,1.252,1.276,1.301,1.326,1.350,1.369,1.384,1.401,1.419,1.437,1.456,1.477,1.498,1.520,2023.0,
742,TGO,NGDP_R,Togo,"Gross domestic product, constant prices","Expressed in billions of national currency units; the base year is country-specific. Expenditure-based GDP is total final expenditures at purchasers' prices (including the f.o.b. value of exports of goods and services), less the f.o.b. value of imports of goods and services. [SNA 1993]",National currency,Billions,Source: National Statistics Office Latest actual data: 2024 National accounts manual used: System of National Accounts (SNA) 2008 GDP valuation: Market prices Reporting in calendar year: Yes Start/end months of reporting year: January/December Base year: 2016 Chain-weighted: No Primary domestic currency: CFA franc Data last updated: 02/24/2025,"1,565.480","1,511.956","1,455.899","1,380.828","1,462.036","1,516.382","1,565.823","1,526.928","1,681.517","1,750.459","1,853.688","1,842.745","1,783.655","1,492.580","1,700.490","2,035.336","1,956.549","2,030.959","1,985.000","2,035.419","2,015.675","2,032.204","2,110.037","2,251.832","2,229.764","2,125.634","2,181.964","2,209.213","2,298.369","2,423.718","2,565.611","2,715.013","2,886.132","3,054.228","3,226.280","3,402.694","3,597.808","3,742.005","3,921.441","4,114.487","4,195.784","4,447.169","4,705.578","4,969.090","5,232.452","5,509.772","5,812.810","6,132.514","6,469.802","6,825.642","7,201.052",2024.0,
742,TGO,NGDPD,Togo,"Gross domestic product, current prices","Values are based upon GDP in national currency converted to U.S. dollars using market exchange rates (yearly average). Exchange rate projections are provided by country economists for the group of other emerging market and developing countries. Exchanges rates for advanced economies are established in the WEO assumptions for each WEO exercise. Expenditure-based GDP is total final expenditures at purchasers' prices (including the f.o.b. value of exports of goods and services), less the f.o.b. value of imports of goods and services. [SNA 1993]",U.S. dollars,Billions,"See notes for:  Gross domestic product, current prices (National currency).",1.994,1.656,1.396,1.330,1.222,1.281,1.795,2.107,2.345,2.302,2.772,2.740,2.873,2.189,1.697,2.240,2.448,2.494,2.361,2.370,2.014,2.000,2.301,2.854,3.048,3.080,3.173,3.760,4.578,4.717,4.750,5.421,5.417,6.022,6.395,5.756,6.069,6.385,7.033,6.993,7.400,8.338,8.144,9.081,9.776,10.023,10.760,11.570,12.443,13.392,14.411,2024.0,
742,TGO,PCPIPCH,Togo,"Inflation, average consumer prices",Annual percentages of average consumer prices are year-on-year changes.,Percent change,Units,"See notes for:  Inflation, average consumer prices (Index).",12.320,19.716,11.130,9.355,-3.527,-1.815,4.125,0.054,-0.151,-0.951,1.130,0.238,1.622,-0.089,35.259,15.797,4.596,5.307,0.975,-0.053,1.567,5.074,2.730,-0.932,0.677,5.295,1.082,0.433,7.690,4.067,0.212,3.558,2.639,1.763,0.187,1.790,0.857,-0.215,0.928,0.687,1.831,4.548,7.616,5.300,3.300,2.300,1.953,2.000,2.000,2.000,2.000,2024.0,
742,TGO,LP,Togo,Population,"For census purposes, the total population of the country consists of all persons falling within the scope of the census. In the broadest sense, the total may comprise either all usual residents of the country or all persons present in the country at the time of the census. [Principles and Recommendations for Population and Housing Censuses, Revision 1, paragraph 2.42]",Persons,Millions,Source: International Financial Institution Latest actual data: 2024 Primary domestic currency: CFA franc Data last updated: 02/24/2025,2.822,2.916,3.023,3.127,3.232,3.337,3.439,3.545,3.653,3.764,3.876,3.990,4.106,4.078,4.093,4.280,4.446,4.593,4.728,4.868,5.008,5.145,5.282,5.421,5.565,5.712,5.874,6.048,6.222,6.399,6.572,6.749,6.927,7.106,7.288,7.473,7.661,7.853,8.047,8.243,8.443,8.647,8.856,9.070,9.290,9.515,9.745,9.981,10.222,10.470,10.723,2024.0,
866,TON,NGDP_R,Tonga,"Gross domestic product, constant prices","Expressed in billions of national currency units; the base year is country-specific. Expenditure-based GDP is total final expenditures at purchasers' prices (including the f.o.b. value of exports of goods and services), less the f.o.b. value of imports of goods and services. [SNA 1993]",National currency,Billions,"Source: Central Bank. National Reserve Bank of Tonga Latest actual data: FY2022/23. No quarterly data available. Notes: Prior to 1994, the data are in fiscal year (FY) reporting basis converted to calendar year by averaging two FYs (e.g. 1990 is the average of 1989/90 and 1990/91), and are further adjusted to produce a smooth series with the use of a splicing technique. Th National accounts manual used: System of National Accounts (SNA) 2008 GDP valuation: Market prices Reporting in calendar year: No. Fiscal year data are mapped to calendar year as follows: FY(t-1/t) = CY(t) Start/end months of reporting year: July/June Base year: FY2016/17 Chain-weighted: No Primary domestic currency: Tongan pa'anga Data last updated: 04/10/2025",0.296,0.337,0.381,0.403,0.580,0.613,0.667,0.678,0.654,0.661,0.692,0.733,0.705,0.705,0.719,0.776,0.776,0.771,0.789,0.807,0.838,0.850,0.888,0.889,0.872,0.868,0.849,0.828,0.867,0.822,0.829,0.885,0.906,0.896,0.914,0.924,0.985,1.017,1.024,1.022,1.040,1.044,1.020,1.041,1.062,1.091,1.117,1.137,1.155,1.169,1.183,2023.0,
866,TON,NGDPD,Tonga,"Gross domestic product, current prices","Values are based upon GDP in national currency converted to U.S. dollars using market exchange rates (yearly average). Exchange rate projections are provided by country economists for the group of other emerging market and developing countries. Exchanges rates for advanced economies are established in the WEO assumptions for each WEO exercise. Expenditure-based GDP is total final expenditures at purchasers' prices (including the f.o.b. value of exports of goods and services), less the f.o.b. value of imports of goods and services. [SNA 1993]",U.S. dollars,Billions,"See notes for:  Gross domestic product, current prices (National currency).",0.071,0.079,0.079,0.077,0.081,0.076,0.090,0.098,0.115,0.139,0.144,0.169,0.178,0.183,0.189,0.207,0.218,0.222,0.212,0.197,0.203,0.181,0.183,0.202,0.231,0.262,0.292,0.299,0.344,0.312,0.367,0.415,0.427,0.452,0.441,0.438,0.421,0.460,0.481,0.494,0.503,0.520,0.515,0.512,0.539,0.568,0.591,0.617,0.640,0.662,0.684,2023.0,
866,TON,PCPIPCH,Tonga,"Inflation, average consumer prices",Annual percentages of average consumer prices are year-on-year changes.,Percent change,Units,"See notes for:  Inflation, average consumer prices (Index).",-7.348,14.900,10.879,9.733,7.908,5.201,29.867,7.697,10.326,3.968,5.632,13.921,8.597,1.810,3.922,-0.480,2.674,0.568,2.868,3.922,4.932,7.252,9.988,10.669,11.759,9.982,7.246,5.040,9.616,5.481,1.674,6.020,3.285,0.675,2.286,0.054,-0.621,7.201,6.782,3.286,0.423,1.414,8.520,10.176,4.687,3.570,2.104,2.735,2.887,3.003,2.957,2024.0,
866,TON,LP,Tonga,Population,"For census purposes, the total population of the country consists of all persons falling within the scope of the census. In the broadest sense, the total may comprise either all usual residents of the country or all persons present in the country at the time of the census. [Principles and Recommendations for Population and Housing Censuses, Revision 1, paragraph 2.42]",Persons,Millions,"Source: Central Bank. National Reserve Bank of Tonga Latest actual data: FY2019/20 Notes: Prior to 1995, the data are in fiscal year (FY) reporting basis converted to calendar year by averaging two FYs (e.g. 1990 is the average of 1989/90 and 1990/91), and are further adjusted to produce a smooth series with the use of a splicing technique. Th Primary domestic currency: Tongan pa'anga Data last updated: 04/10/2025",0.092,0.093,0.093,0.094,0.095,0.095,0.094,0.094,0.095,0.095,0.096,0.096,0.097,0.097,0.097,0.097,0.098,0.098,0.098,0.099,0.099,0.100,0.100,0.100,0.101,0.101,0.102,0.102,0.102,0.103,0.103,0.103,0.103,0.102,0.102,0.101,0.101,0.101,0.100,0.100,0.100,0.100,0.100,0.100,0.099,0.099,0.099,0.099,0.098,0.098,0.098,2020.0,
369,TTO,NGDP_R,Trinidad and Tobago,"Gross domestic product, constant prices","Expressed in billions of national currency units; the base year is country-specific. Expenditure-based GDP is total final expenditures at purchasers' prices (including the f.o.b. value of exports of goods and services), less the f.o.b. value of imports of goods and services. [SNA 1993]",National currency,Billions,Source: National Statistics Office Latest actual data: 2023 Notes: Trinidad and Tobago s growth estimates for 2022 are preliminary data subject to further revisions by the authorities. National accounts manual used: System of National Accounts (SNA) 2008 GDP valuation: Market prices Reporting in calendar year: Yes Start/end months of reporting year: January/December Base year: 2012 Chain-weighted: No Primary domestic currency: Trinidad and Tobago dollar Data last updated: 03/19/2025,70.077,73.285,76.069,68.234,64.310,61.661,59.639,56.918,54.687,54.233,55.052,56.765,62.494,62.076,64.290,66.740,71.501,76.880,83.127,89.797,95.995,99.544,106.664,121.467,130.367,138.053,157.631,164.338,169.738,161.551,167.143,166.822,174.546,180.383,187.049,185.993,172.223,163.924,162.309,163.074,148.556,147.201,148.795,150.918,153.071,156.695,158.410,161.492,166.339,171.277,174.432,2023.0,
369,TTO,NGDPD,Trinidad and Tobago,"Gross domestic product, current prices","Values are based upon GDP in national currency converted to U.S. dollars using market exchange rates (yearly average). Exchange rate projections are provided by country economists for the group of other emerging market and developing countries. Exchanges rates for advanced economies are established in the WEO assumptions for each WEO exercise. Expenditure-based GDP is total final expenditures at purchasers' prices (including the f.o.b. value of exports of goods and services), less the f.o.b. value of imports of goods and services. [SNA 1993]",U.S. dollars,Billions,"See notes for:  Gross domestic product, current prices (National currency).",6.343,7.113,8.280,7.898,7.891,7.503,4.877,4.880,4.574,4.397,5.155,5.399,5.533,4.656,5.032,5.421,5.859,5.837,6.148,6.926,8.295,8.960,9.148,11.464,13.472,16.170,18.600,21.937,28.193,19.520,22.522,25.789,27.147,28.561,29.474,26.841,23.624,23.848,23.889,23.588,20.991,24.177,28.510,25.489,25.524,26.467,26.885,27.439,28.421,29.412,30.194,2023.0,
369,TTO,PCPIPCH,Trinidad and Tobago,"Inflation, average consumer prices",Annual percentages of average consumer prices are year-on-year changes.,Percent change,Units,"See notes for:  Inflation, average consumer prices (Index).",17.470,14.332,11.635,15.175,13.335,7.623,7.694,10.752,7.758,11.432,11.064,3.800,6.486,10.791,8.814,5.272,3.286,3.662,5.603,3.414,3.524,5.602,4.142,3.781,3.757,6.878,8.308,7.875,12.036,7.010,10.537,5.091,9.280,5.189,5.698,4.659,3.069,1.884,1.019,1.001,0.599,2.061,5.826,4.629,0.477,1.322,2.043,1.874,1.833,1.840,1.840,2024.0,
369,TTO,LP,Trinidad and Tobago,Population,"For census purposes, the total population of the country consists of all persons falling within the scope of the census. In the broadest sense, the total may comprise either all usual residents of the country or all persons present in the country at the time of the census. [Principles and Recommendations for Population and Housing Censuses, Revision 1, paragraph 2.42]",Persons,Millions,Source: International Financial Institution Latest actual data: 2021 Primary domestic currency: Trinidad and Tobago dollar Data last updated: 03/19/2025,1.085,1.102,1.120,1.138,1.155,1.170,1.183,1.195,1.204,1.213,1.221,1.229,1.237,1.244,1.250,1.254,1.258,1.260,1.262,1.264,1.267,1.272,1.277,1.284,1.290,1.296,1.303,1.308,1.314,1.321,1.328,1.336,1.345,1.354,1.362,1.370,1.378,1.384,1.390,1.395,1.399,1.407,1.414,1.421,1.428,1.435,1.442,1.448,1.455,1.461,1.468,2021.0,
744,TUN,NGDP_R,Tunisia,"Gross domestic product, constant prices","Expressed in billions of national currency units; the base year is country-specific. Expenditure-based GDP is total final expenditures at purchasers' prices (including the f.o.b. value of exports of goods and services), less the f.o.b. value of imports of goods and services. [SNA 1993]",National currency,Billions,"Source: National Statistics Office Latest actual data: 2023 National accounts manual used: System of National Accounts (SNA) 1993 GDP valuation: Market prices Reporting in calendar year: Yes. NO Start/end months of reporting year: January/December Base year: 2015 Chain-weighted: Yes, from 2009 Primary domestic currency: Tunisian dinar Data last updated: 04/14/2025",23.916,25.236,25.115,26.289,27.795,29.371,28.944,30.883,30.905,31.703,33.945,35.350,38.181,39.127,40.546,41.630,44.483,47.030,49.364,52.334,54.585,56.657,57.406,60.106,63.854,66.080,69.545,74.211,77.356,79.711,82.509,80.821,84.229,86.275,88.941,89.802,90.806,92.851,95.272,96.749,88.065,92.236,94.702,94.739,96.024,97.397,98.777,100.190,101.458,102.727,104.000,2023.0,
744,TUN,NGDPD,Tunisia,"Gross domestic product, current prices","Values are based upon GDP in national currency converted to U.S. dollars using market exchange rates (yearly average). Exchange rate projections are provided by country economists for the group of other emerging market and developing countries. Exchanges rates for advanced economies are established in the WEO assumptions for each WEO exercise. Expenditure-based GDP is total final expenditures at purchasers' prices (including the f.o.b. value of exports of goods and services), less the f.o.b. value of imports of goods and services. [SNA 1993]",U.S. dollars,Billions,"See notes for:  Gross domestic product, current prices (National currency).",9.566,9.223,8.900,9.202,9.054,9.245,9.910,10.663,11.073,11.069,14.133,14.897,17.809,16.724,17.886,20.616,22.324,21.762,22.870,24.066,22.524,23.146,24.274,28.797,32.710,33.851,36.059,40.819,47.039,45.593,46.210,48.122,47.311,48.681,50.273,45.779,44.360,42.167,42.687,41.905,42.494,46.813,44.596,48.541,53.063,56.291,57.875,58.656,59.967,61.078,62.809,2023.0,
744,TUN,PCPIPCH,Tunisia,"Inflation, average consumer prices",Annual percentages of average consumer prices are year-on-year changes.,Percent change,Units,"See notes for:  Inflation, average consumer prices (Index).",10.011,8.903,13.673,8.972,8.596,7.551,6.159,8.224,7.156,7.722,6.502,7.693,5.518,4.040,5.423,6.232,3.733,3.599,3.102,2.768,2.770,1.945,2.714,2.720,3.692,1.962,4.143,3.421,4.915,3.541,4.361,3.240,4.612,5.316,4.626,4.437,3.629,5.309,7.308,6.722,5.635,5.707,8.308,9.323,7.007,6.101,6.498,7.438,7.694,8.534,9.336,2024.0,
744,TUN,LP,Tunisia,Population,"For census purposes, the total population of the country consists of all persons falling within the scope of the census. In the broadest sense, the total may comprise either all usual residents of the country or all persons present in the country at the time of the census. [Principles and Recommendations for Population and Housing Censuses, Revision 1, paragraph 2.42]",Persons,Millions,Source: National Statistics Office Latest actual data: 2019 Primary domestic currency: Tunisian dinar Data last updated: 04/14/2025,6.451,6.633,6.795,6.956,7.037,7.269,7.552,7.713,7.845,7.986,8.233,8.418,8.603,8.785,8.957,9.114,9.256,9.384,9.499,9.604,9.699,9.786,9.864,9.940,10.018,10.102,10.196,10.298,10.407,10.522,10.640,10.761,10.887,11.015,11.144,11.274,11.403,11.532,11.659,11.783,11.903,12.019,12.129,12.235,12.336,12.432,12.523,12.609,12.691,12.768,12.842,2019.0,
186,TUR,NGDP_R,Türkiye,"Gross domestic product, constant prices","Expressed in billions of national currency units; the base year is country-specific. Expenditure-based GDP is total final expenditures at purchasers' prices (including the f.o.b. value of exports of goods and services), less the f.o.b. value of imports of goods and services. [SNA 1993]",National currency,Billions,"Source: National Statistics Office. Data from Turkish Statistical Institute (TurkStat) Latest actual data: 2024 National accounts manual used: European System of Accounts (ESA) 2010 GDP valuation: Market prices Reporting in calendar year: Yes Start/end months of reporting year: January/December Base year: 2009 Chain-weighted: Yes, from 2009 Primary domestic currency: Turkish lira Data last updated: 04/09/2025",308.657,322.130,333.176,349.028,372.841,388.718,415.700,457.382,467.084,468.266,511.604,516.342,547.242,591.253,558.994,599.186,641.172,689.437,710.757,687.564,735.235,692.959,737.639,780.150,856.573,933.599,998.465,"1,048.823","1,057.371","1,006.372","1,091.181","1,213.394","1,271.497","1,379.394","1,447.532","1,535.607","1,586.637","1,705.666","1,757.061","1,771.443","1,804.389","2,010.800","2,122.067","2,230.529","2,301.550","2,363.833","2,439.272","2,521.542","2,614.760","2,715.704","2,827.099",2024.0,
186,TUR,NGDPD,Türkiye,"Gross domestic product, current prices","Values are based upon GDP in national currency converted to U.S. dollars using market exchange rates (yearly average). Exchange rate projections are provided by country economists for the group of other emerging market and developing countries. Exchanges rates for advanced economies are established in the WEO assumptions for each WEO exercise. Expenditure-based GDP is total final expenditures at purchasers' prices (including the f.o.b. value of exports of goods and services), less the f.o.b. value of imports of goods and services. [SNA 1993]",U.S. dollars,Billions,"See notes for:  Gross domestic product, current prices (National currency).",96.596,97.865,88.918,84.968,82.642,92.827,102.337,118.926,125.032,147.727,207.508,208.402,219.176,248.573,179.359,233.566,250.486,261.857,277.599,254.024,273.118,202.558,238.150,316.540,407.024,504.800,552.332,682.992,782.851,651.513,777.443,837.924,877.681,958.088,939.924,867.054,869.204,859.020,797.707,760.388,717.114,807.893,905.800,"1,130.062","1,322.405","1,437.406","1,401.458","1,475.475","1,585.498","1,682.488","1,775.620",2024.0,
186,TUR,PCPIPCH,Türkiye,"Inflation, average consumer prices",Annual percentages of average consumer prices are year-on-year changes.,Percent change,Units,"See notes for:  Inflation, average consumer prices (Index).",110.638,36.364,31.111,31.335,48.378,44.506,34.617,38.851,73.668,63.267,60.317,65.967,70.073,66.097,104.540,89.566,80.236,85.653,84.721,64.870,55.035,54.246,45.134,25.337,8.599,8.179,9.597,8.756,10.444,6.251,8.566,6.472,8.892,7.493,8.855,7.671,7.775,11.144,16.332,15.177,12.279,19.596,72.309,53.859,58.506,35.928,22.801,16.462,15.036,15.004,15.004,2024.0,
186,TUR,LP,Türkiye,Population,"For census purposes, the total population of the country consists of all persons falling within the scope of the census. In the broadest sense, the total may comprise either all usual residents of the country or all persons present in the country at the time of the census. [Principles and Recommendations for Population and Housing Censuses, Revision 1, paragraph 2.42]",Persons,Millions,Source: National Statistics Office. Data from Turkish Statistical Institute (TurkStat) Latest actual data: 2024 Primary domestic currency: Turkish lira Data last updated: 04/09/2025,44.950,45.985,47.045,48.116,49.180,50.222,51.239,52.233,53.206,54.166,55.116,56.055,56.986,57.913,58.837,59.756,60.671,61.582,62.464,63.364,64.269,65.166,66.003,66.795,67.599,68.435,69.295,70.158,71.052,72.039,73.142,74.224,75.176,76.148,77.182,78.218,79.278,80.313,81.407,82.579,83.385,84.147,84.980,85.326,85.519,86.026,86.447,86.856,87.252,87.636,88.006,2024.0,
925,TKM,NGDP_R,Turkmenistan,"Gross domestic product, constant prices","Expressed in billions of national currency units; the base year is country-specific. Expenditure-based GDP is total final expenditures at purchasers' prices (including the f.o.b. value of exports of goods and services), less the f.o.b. value of imports of goods and services. [SNA 1993]",National currency,Billions,"Source: IMF Staff Estimates. Staff estimates, compiled in line with international (System of National Accounts) methodologies, using official estimates and sources, as well as UN and World Bank databases. Staff estimates are revised in line with newly available data, including from o Latest actual data: 2022 Notes: Data prior to 2009 cannot be confirmed by national sources at this time. National accounts manual used: System of National Accounts (SNA) 2008 GDP valuation: Market prices Reporting in calendar year: Yes Start/end months of reporting year: January/December Base year: 2006 Chain-weighted: Yes, from 2007 Primary domestic currency: New Turkmen manat Data last updated: 02/25/2025",,,,,,,,,,,,,27.496,24.746,20.465,18.992,17.719,15.717,16.770,19.537,23.168,27.892,32.290,37.810,43.366,49.021,54.397,60.411,69.321,73.572,85.363,96.169,103.103,101.294,104.946,107.212,106.711,108.997,110.893,106.827,104.567,104.214,109.753,111.920,114.454,117.035,119.779,122.555,125.316,128.139,131.025,2022.0,
925,TKM,NGDPD,Turkmenistan,"Gross domestic product, current prices","Values are based upon GDP in national currency converted to U.S. dollars using market exchange rates (yearly average). Exchange rate projections are provided by country economists for the group of other emerging market and developing countries. Exchanges rates for advanced economies are established in the WEO assumptions for each WEO exercise. Expenditure-based GDP is total final expenditures at purchasers' prices (including the f.o.b. value of exports of goods and services), less the f.o.b. value of imports of goods and services. [SNA 1993]",U.S. dollars,Billions,"See notes for:  Gross domestic product, current prices (National currency).",,,,,,,,,,,,,1.625,9.169,7.765,10.043,4.068,4.584,4.893,6.595,8.587,11.855,14.875,19.533,24.272,29.363,36.577,44.388,36.788,34.562,35.164,44.413,50.252,50.863,56.204,44.944,42.876,45.902,49.299,53.035,52.385,60.934,77.963,77.876,82.515,89.054,97.017,106.069,116.075,127.144,139.416,2022.0,
925,TKM,PCPIPCH,Turkmenistan,"Inflation, average consumer prices",Annual percentages of average consumer prices are year-on-year changes.,Percent change,Units,"See notes for:  Inflation, average consumer prices (Index).",,,,,,,,,,,,,,"3,102.400","1,748.300","1,005.261",992.389,83.722,16.771,23.465,8.040,11.632,8.753,5.587,5.885,10.708,8.157,6.259,14.539,-2.672,4.447,5.277,5.314,6.814,6.009,7.405,3.594,8.041,13.300,5.092,6.100,19.479,11.211,-1.588,4.798,7.038,8.000,8.000,8.000,8.000,8.000,2022.0,
925,TKM,LP,Turkmenistan,Population,"For census purposes, the total population of the country consists of all persons falling within the scope of the census. In the broadest sense, the total may comprise either all usual residents of the country or all persons present in the country at the time of the census. [Principles and Recommendations for Population and Housing Censuses, Revision 1, paragraph 2.42]",Persons,Millions,Source: Turkmenistan authorities. Latest actual data: 2004 Notes: Data prior to 2009 cannot be confirmed by national sources at this time. Primary domestic currency: New Turkmen manat Data last updated: 02/25/2025,,,,,,,,,,,,,4.112,4.154,4.262,4.358,4.441,4.512,4.574,4.630,4.684,4.736,4.787,4.837,4.887,4.940,4.996,5.055,5.117,5.181,5.268,5.361,5.459,5.560,5.663,5.766,5.869,5.968,6.065,6.158,6.250,6.342,6.431,6.516,6.598,6.677,6.753,6.826,6.897,6.967,7.035,2004.0,
869,TUV,NGDP_R,Tuvalu,"Gross domestic product, constant prices","Expressed in billions of national currency units; the base year is country-specific. Expenditure-based GDP is total final expenditures at purchasers' prices (including the f.o.b. value of exports of goods and services), less the f.o.b. value of imports of goods and services. [SNA 1993]",National currency,Billions,Source: PFTAC advisors Latest actual data: 2023 National accounts manual used: System of National Accounts (SNA) 1993 GDP valuation: Market prices Reporting in calendar year: Yes Start/end months of reporting year: January/December Base year: 2016 Chain-weighted: No Primary domestic currency: Australian dollar Data last updated: 04/11/2025,,,,,,,,,,,,,,,,,,,,,0.042,0.042,0.046,0.044,0.043,0.041,0.042,0.045,0.048,0.045,0.044,0.047,0.046,0.048,0.048,0.053,0.056,0.057,0.058,0.066,0.064,0.063,0.062,0.067,0.069,0.071,0.073,0.074,0.076,0.077,0.078,2023.0,
869,TUV,NGDPD,Tuvalu,"Gross domestic product, current prices","Values are based upon GDP in national currency converted to U.S. dollars using market exchange rates (yearly average). Exchange rate projections are provided by country economists for the group of other emerging market and developing countries. Exchanges rates for advanced economies are established in the WEO assumptions for each WEO exercise. Expenditure-based GDP is total final expenditures at purchasers' prices (including the f.o.b. value of exports of goods and services), less the f.o.b. value of imports of goods and services. [SNA 1993]",U.S. dollars,Billions,"See notes for:  Gross domestic product, current prices (National currency).",,,,,,,,,,,,,,,,,,,,,0.015,0.014,0.017,0.020,0.023,0.023,0.024,0.029,0.032,0.028,0.033,0.040,0.039,0.039,0.039,0.037,0.041,0.045,0.048,0.054,0.052,0.062,0.061,0.063,0.065,0.065,0.067,0.070,0.073,0.076,0.079,2023.0,
869,TUV,PCPIPCH,Tuvalu,"Inflation, average consumer prices",Annual percentages of average consumer prices are year-on-year changes.,Percent change,Units,"See notes for:  Inflation, average consumer prices (Index).",,,,,,,,,,,,,,,,,,,,,,1.531,5.051,2.914,2.369,3.221,4.190,2.285,10.443,-0.283,-1.853,0.500,1.415,2.020,1.124,3.140,3.492,4.087,2.160,3.492,1.570,6.687,12.184,7.172,1.165,1.462,2.044,2.498,2.534,2.474,2.459,2024.0,
869,TUV,LP,Tuvalu,Population,"For census purposes, the total population of the country consists of all persons falling within the scope of the census. In the broadest sense, the total may comprise either all usual residents of the country or all persons present in the country at the time of the census. [Principles and Recommendations for Population and Housing Censuses, Revision 1, paragraph 2.42]",Persons,Millions,Source: Central Statistical Directorate Latest actual data: 2024 Primary domestic currency: Australian dollar Data last updated: 04/11/2025,,,,,,,,,,,,,,,,,,,,,,,0.010,0.009,0.010,0.010,0.010,0.010,0.010,0.010,0.010,0.011,0.011,0.011,0.011,0.011,0.011,0.011,0.011,0.010,0.010,0.010,0.011,0.010,0.010,0.010,0.010,0.010,0.010,0.010,0.010,2024.0,
746,UGA,NGDP_R,Uganda,"Gross domestic product, constant prices","Expressed in billions of national currency units; the base year is country-specific. Expenditure-based GDP is total final expenditures at purchasers' prices (including the f.o.b. value of exports of goods and services), less the f.o.b. value of imports of goods and services. [SNA 1993]",National currency,Billions,"Source: National Statistics Office Latest actual data: 2023. Historical data are in CY, but projections are converted by averaging two FYs (i.e. Avg[FY(t-1/t),FY(t/t+1)]= CY(t)). For example, the projection of 2027 is the average of 2026/27 and 2027/28. National accounts manual used: System of National Accounts (SNA) 2008 GDP valuation: Market prices Reporting in calendar year: Yes. Historical calendar year data are calculated by adding up quarterly data from Haver. For example, the calendar year 2018 GDP is the sum of 2018Q1, 2018Q2,2018Q3 and 2018Q4 GDP data. The GDP components(consumption, investment, exports and imports) are dist Start/end months of reporting year: January/December. Prior to 2009, the data are in fiscal year (FY) reporting basis converted to calendar year (CY) by averaging two FYs (e.g. CY2008 is the average of FY2007/08 and FY2008/09). Historical quarterly data are taken from Haver to have a smooth series. Base year: 2016. National Accounts were rebased on a FY basis and this rebasing was then applied to CY historical data. As a result real GDP and nominal GDP are not equal in CY 2016. Chain-weighted: No Primary domestic currency: Ugandan shilling Data last updated: 04/10/2025","14,684.667","15,251.403","16,502.709","17,311.212","16,791.876","16,288.119","16,442.251","17,099.941","18,518.274","19,704.054","20,984.309","21,357.496","22,606.961","24,118.427","25,973.994","28,356.865","30,226.899","31,623.439","33,544.254","36,212.061","37,639.307","40,938.569","43,827.579","46,526.860","49,226.973","54,153.319","57,970.782","62,645.464","69,178.131","74,760.000","80,355.000","86,524.000","88,543.000","92,030.000","97,317.000","105,107.000","105,283.000","112,437.000","118,698.000","127,750.000","126,281.000","133,245.000","141,487.000","148,427.000","157,767.000","167,420.321","180,197.431","195,050.021","208,243.183","221,592.305","234,882.526",2023.0,
746,UGA,NGDPD,Uganda,"Gross domestic product, current prices","Values are based upon GDP in national currency converted to U.S. dollars using market exchange rates (yearly average). Exchange rate projections are provided by country economists for the group of other emerging market and developing countries. Exchanges rates for advanced economies are established in the WEO assumptions for each WEO exercise. Expenditure-based GDP is total final expenditures at purchasers' prices (including the f.o.b. value of exports of goods and services), less the f.o.b. value of imports of goods and services. [SNA 1993]",U.S. dollars,Billions,"See notes for:  Gross domestic product, current prices (National currency).",7.486,12.120,8.410,9.619,7.399,6.771,6.746,10.878,11.268,9.136,7.452,3.897,3.645,4.311,6.240,7.473,7.713,8.407,8.230,7.823,7.756,7.835,8.425,8.725,10.750,12.460,14.079,17.512,22.419,24.107,24.683,27.501,30.939,32.331,34.754,30.122,30.232,31.589,34.126,37.895,37.889,42.805,47.276,51.934,56.453,64.277,71.421,78.775,85.883,94.837,105.314,2023.0,
746,UGA,PCPIPCH,Uganda,"Inflation, average consumer prices",Annual percentages of average consumer prices are year-on-year changes.,Percent change,Units,"See notes for:  Inflation, average consumer prices (Index).",99.203,100.000,100.000,150.000,16.711,100.000,143.800,215.400,166.700,130.800,45.400,20.819,42.248,29.969,5.850,6.787,7.516,7.729,5.834,5.759,3.382,1.922,-0.300,8.710,3.666,8.602,7.219,6.090,12.044,13.017,3.983,18.659,14.011,5.467,4.290,3.692,5.169,5.576,2.549,2.137,2.758,2.207,7.192,5.352,3.323,4.222,4.716,4.972,5.000,5.000,5.000,2023.0,
746,UGA,LP,Uganda,Population,"For census purposes, the total population of the country consists of all persons falling within the scope of the census. In the broadest sense, the total may comprise either all usual residents of the country or all persons present in the country at the time of the census. [Principles and Recommendations for Population and Housing Censuses, Revision 1, paragraph 2.42]",Persons,Millions,Source: National Statistics Office Latest actual data: 2021 Primary domestic currency: Ugandan shilling Data last updated: 04/10/2025,11.264,11.607,11.962,12.335,12.734,13.169,13.641,14.147,14.679,15.227,15.782,16.343,16.873,17.447,18.021,18.595,19.214,19.832,20.450,21.113,21.820,22.526,23.277,24.116,24.956,25.795,26.678,27.606,28.578,29.549,30.521,31.537,32.548,33.510,34.477,35.492,36.561,37.674,38.823,39.823,41.222,42.460,43.799,45.222,46.623,48.022,49.706,51.948,54.013,55.633,57.302,2021.0,
926,UKR,NGDP_R,Ukraine,"Gross domestic product, constant prices","Expressed in billions of national currency units; the base year is country-specific. Expenditure-based GDP is total final expenditures at purchasers' prices (including the f.o.b. value of exports of goods and services), less the f.o.b. value of imports of goods and services. [SNA 1993]",National currency,Billions,"Source: National Statistics Office. Formally, the State Statistics Service of Ukraine Latest actual data: 2023. Starting in 2014, the data was changed to SNA 2008. Revised National Accounts data is available from 2000 on an annual basis and from 2010 on a quarterly basis. The data excludes Crimea and Sevastopol from 2010. The revised quarterly GDP data based on SNA National accounts manual used: System of National Accounts (SNA) 2008 GDP valuation: Market prices Reporting in calendar year: Yes Start/end months of reporting year: January/December Base year: 2016 Chain-weighted: Yes, from 2005 Primary domestic currency: Ukrainian hryvnia Data last updated: 04/07/2025",,,,,,,,,,,,,"3,268.746","2,804.584","2,162.334","1,898.530","1,708.677","1,657.416","1,625.926","1,622.674","1,718.411","1,869.632","1,968.722","2,155.751","2,410.129","2,484.843","2,673.691","2,892.934","2,956.579","2,510.135","2,613.051","2,755.868","2,762.446","2,761.707","2,580.744","2,328.528","2,385.367","2,441.661","2,526.835","2,607.681","2,509.820","2,596.299","1,849.640","1,948.121","2,016.521","2,056.851","2,149.410","2,252.581","2,349.407","2,448.035","2,548.366",2023.0,
926,UKR,NGDPD,Ukraine,"Gross domestic product, current prices","Values are based upon GDP in national currency converted to U.S. dollars using market exchange rates (yearly average). Exchange rate projections are provided by country economists for the group of other emerging market and developing countries. Exchanges rates for advanced economies are established in the WEO assumptions for each WEO exercise. Expenditure-based GDP is total final expenditures at purchasers' prices (including the f.o.b. value of exports of goods and services), less the f.o.b. value of imports of goods and services. [SNA 1993]",U.S. dollars,Billions,"See notes for:  Gross domestic product, current prices (National currency).",,,,,,,,,,,,,22.193,35.025,38.012,38.275,46.083,51.867,43.315,32.661,32.331,37.863,42.339,50.096,64.747,85.996,107.767,143.260,181.313,117.079,136.011,163.059,175.781,183.310,133.392,90.922,93.349,112.064,130.905,153.904,156.566,199.835,161.987,178.763,190.426,205.742,220.408,234.821,250.078,266.307,283.321,2023.0,
926,UKR,PCPIPCH,Ukraine,"Inflation, average consumer prices",Annual percentages of average consumer prices are year-on-year changes.,Percent change,Units,"See notes for:  Inflation, average consumer prices (Index).",,,,,,,,,,,,,,"4,734.881",891.188,376.746,80.230,15.886,10.577,22.684,28.203,11.959,0.757,5.210,9.036,13.520,9.076,12.843,25.201,15.900,9.365,7.958,0.565,-0.261,12.100,48.684,13.913,14.443,10.947,7.886,2.740,9.361,20.183,12.851,6.504,12.584,7.737,5.290,5.000,5.000,5.000,2024.0,
926,UKR,LP,Ukraine,Population,"For census purposes, the total population of the country consists of all persons falling within the scope of the census. In the broadest sense, the total may comprise either all usual residents of the country or all persons present in the country at the time of the census. [Principles and Recommendations for Population and Housing Censuses, Revision 1, paragraph 2.42]",Persons,Millions,"Source: National Statistics Office. Formally, the State Statistics Committee of Ukraine Latest actual data: 2020 Primary domestic currency: Ukrainian hryvnia Data last updated: 04/07/2025",,,,,,,,,,,,,51.870,51.715,51.300,50.874,50.400,49.974,49.545,49.115,48.664,48.241,47.823,47.442,47.101,46.749,46.466,46.192,45.963,45.783,45.598,45.453,45.373,45.246,42.760,42.591,42.415,42.217,41.984,41.733,41.419,40.998,34.511,34.026,33.343,32.862,33.383,34.006,33.981,33.957,33.936,2020.0,
466,ARE,NGDP_R,United Arab Emirates,"Gross domestic product, constant prices","Expressed in billions of national currency units; the base year is country-specific. Expenditure-based GDP is total final expenditures at purchasers' prices (including the f.o.b. value of exports of goods and services), less the f.o.b. value of imports of goods and services. [SNA 1993]",National currency,Billions,Source: National Statistics Office Latest actual data: 2023 National accounts manual used: System of National Accounts (SNA) 2008 GDP valuation: Factor costs Reporting in calendar year: Yes Start/end months of reporting year: January/December Base year: 2010 Chain-weighted: No Primary domestic currency: U.A.E. dirham Data last updated: 04/10/2025,390.007,421.302,391.017,370.490,386.979,377.220,304.535,320.688,312.275,361.404,446.559,456.276,470.621,471.855,507.002,540.609,569.798,618.614,624.043,647.944,727.782,737.964,755.922,822.447,901.126,944.877,"1,037.827","1,070.876","1,105.057","1,047.119","1,102.444","1,170.974","1,192.338","1,252.617","1,304.797","1,393.351","1,470.842","1,481.654","1,501.121","1,517.759","1,442.523","1,505.341","1,618.388","1,676.952","1,740.033","1,809.484","1,899.697","1,988.099","2,074.692","2,162.897","2,247.137",2023.0,
466,ARE,NGDPD,United Arab Emirates,"Gross domestic product, current prices","Values are based upon GDP in national currency converted to U.S. dollars using market exchange rates (yearly average). Exchange rate projections are provided by country economists for the group of other emerging market and developing countries. Exchanges rates for advanced economies are established in the WEO assumptions for each WEO exercise. Expenditure-based GDP is total final expenditures at purchasers' prices (including the f.o.b. value of exports of goods and services), less the f.o.b. value of imports of goods and services. [SNA 1993]",U.S. dollars,Billions,"See notes for:  Gross domestic product, current prices (National currency).",41.725,46.461,43.205,39.588,39.245,38.519,30.526,33.519,34.069,39.325,50.682,49.300,51.952,52.144,57.395,63.432,72.853,77.167,75.304,84.420,102.987,103.312,109.816,124.346,147.812,180.616,222.117,257.883,315.464,253.547,300.189,360.833,384.610,400.219,414.105,370.276,369.255,390.517,427.049,417.990,349.473,415.179,502.732,514.130,537.079,548.598,577.424,614.689,654.065,695.217,736.811,2023.0,
466,ARE,PCPIPCH,United Arab Emirates,"Inflation, average consumer prices",Annual percentages of average consumer prices are year-on-year changes.,Percent change,Units,"See notes for:  Inflation, average consumer prices (Index).",10.066,7.946,7.083,1.297,2.433,3.500,5.435,5.498,4.995,2.792,0.604,3.400,6.383,5.273,5.699,4.330,2.976,2.966,1.994,2.100,1.348,2.800,2.918,3.119,5.041,6.195,9.285,11.128,12.258,-4.725,0.879,0.876,0.663,1.104,2.346,4.068,1.619,1.966,3.071,-1.934,-2.076,-0.113,4.827,1.624,1.742,2.100,2.000,2.000,2.000,2.000,2.000,2024.0,
466,ARE,LP,United Arab Emirates,Population,"For census purposes, the total population of the country consists of all persons falling within the scope of the census. In the broadest sense, the total may comprise either all usual residents of the country or all persons present in the country at the time of the census. [Principles and Recommendations for Population and Housing Censuses, Revision 1, paragraph 2.42]",Persons,Millions,Source: National Statistics Office Latest actual data: 2023 Primary domestic currency: U.A.E. dirham Data last updated: 04/10/2025,1.010,1.100,1.170,1.210,1.310,1.380,1.440,1.500,1.790,1.860,1.844,1.928,2.011,2.083,2.230,2.411,2.443,2.580,2.834,3.033,3.169,3.346,3.546,3.866,4.230,4.585,4.910,5.595,6.498,6.774,6.965,7.244,7.539,7.847,8.272,8.738,9.132,9.315,9.379,9.513,9.289,9.861,10.289,10.679,10.999,11.083,11.165,11.245,11.323,11.398,11.472,2023.0,
112,GBR,NGDP_R,United Kingdom,"Gross domestic product, constant prices","Expressed in billions of national currency units; the base year is country-specific. Expenditure-based GDP is total final expenditures at purchasers' prices (including the f.o.b. value of exports of goods and services), less the f.o.b. value of imports of goods and services. [SNA 1993]",National currency,Billions,"Source: National Statistics Office Latest actual data: 2024 National accounts manual used: European System of Accounts (ESA) 2010 GDP valuation: Market prices Reporting in calendar year: Yes Start/end months of reporting year: January/December Base year: 2022. Base year changed from 2019 to 2022 by the Office of National Statistics as of Sep 30, 2024. Chain-weighted: Yes, from before 1980 Primary domestic currency: British pound Data last updated: 04/10/2025","1,059.660","1,052.374","1,073.055","1,117.759","1,142.579","1,189.278","1,226.237","1,292.703","1,362.204","1,394.928","1,402.748","1,383.043","1,386.437","1,417.763","1,466.101","1,501.088","1,539.846","1,615.678","1,670.654","1,721.748","1,796.500","1,842.720","1,875.809","1,934.941","1,982.500","2,036.675","2,085.162","2,139.895","2,134.571","2,035.942","2,081.411","2,105.105","2,136.871","2,175.333","2,244.827","2,294.727","2,338.825","2,400.956","2,434.694","2,474.245","2,219.474","2,409.815","2,526.428","2,536.460","2,564.378","2,592.001","2,628.481","2,668.897","2,707.787","2,746.835","2,786.292",2024.0,
112,GBR,NGDPD,United Kingdom,"Gross domestic product, current prices","Values are based upon GDP in national currency converted to U.S. dollars using market exchange rates (yearly average). Exchange rate projections are provided by country economists for the group of other emerging market and developing countries. Exchanges rates for advanced economies are established in the WEO assumptions for each WEO exercise. Expenditure-based GDP is total final expenditures at purchasers' prices (including the f.o.b. value of exports of goods and services), less the f.o.b. value of imports of goods and services. [SNA 1993]",U.S. dollars,Billions,"See notes for:  Gross domestic product, current prices (National currency).",604.697,588.342,559.326,532.925,504.939,537.200,655.035,814.102,989.706,"1,007.623","1,197.021","1,248.625","1,289.587","1,155.162","1,241.720","1,344.504","1,421.099","1,561.239","1,653.852","1,688.248","1,668.690","1,650.252","1,788.549","2,056.294","2,422.619","2,546.038","2,712.257","3,091.695","2,960.390","2,421.476","2,487.924","2,664.719","2,707.571","2,786.665","3,066.304","2,928.558","2,699.086","2,682.384","2,875.024","2,853.074","2,698.705","3,144.079","3,125.404","3,371.118","3,644.636","3,839.180","4,040.844","4,239.513","4,457.367","4,701.933","4,955.988",2024.0,
112,GBR,PCPIPCH,United Kingdom,"Inflation, average consumer prices",Annual percentages of average consumer prices are year-on-year changes.,Percent change,Units,"See notes for:  Inflation, average consumer prices (Index).",16.849,12.189,8.511,5.198,4.448,5.160,3.626,4.066,4.612,5.216,6.999,7.519,4.232,2.533,1.994,2.630,2.425,1.825,1.557,1.329,0.796,1.234,1.259,1.362,1.344,2.057,2.329,2.323,3.602,2.165,3.298,4.464,2.828,2.565,1.461,0.040,0.660,2.683,2.478,1.791,0.851,2.588,9.067,7.303,2.530,3.125,2.248,2.000,2.000,2.000,2.000,2024.0,
112,GBR,LP,United Kingdom,Population,"For census purposes, the total population of the country consists of all persons falling within the scope of the census. In the broadest sense, the total may comprise either all usual residents of the country or all persons present in the country at the time of the census. [Principles and Recommendations for Population and Housing Censuses, Revision 1, paragraph 2.42]",Persons,Millions,Source: National Statistics Office Latest actual data: 2023 Primary domestic currency: British pound Data last updated: 04/10/2025,56.330,56.358,56.291,56.316,56.409,56.554,56.684,56.804,56.916,57.077,57.238,57.439,57.585,57.714,57.862,58.025,58.164,58.314,58.475,58.684,58.886,59.113,59.366,59.637,59.950,60.413,60.827,61.319,61.824,62.261,62.760,63.285,63.705,64.106,64.597,65.110,65.648,66.040,66.436,66.797,67.081,67.280,67.600,68.500,69.226,69.868,70.414,70.862,71.208,71.548,71.880,2023.0,
111,USA,NGDP_R,United States,"Gross domestic product, constant prices","Expressed in billions of national currency units; the base year is country-specific. Expenditure-based GDP is total final expenditures at purchasers' prices (including the f.o.b. value of exports of goods and services), less the f.o.b. value of imports of goods and services. [SNA 1993]",National currency,Billions,"Source: National Statistics Office Latest actual data: 2024 National accounts manual used: System of National Accounts (SNA) 2008 GDP valuation: Market prices. Real Gross Domestic Product determined by chained Fisher quantity growth rates. Reporting in calendar year: Yes Start/end months of reporting year: January/December Base year: 2017 Chain-weighted: Yes, from 1980 Primary domestic currency: US dollar Data last updated: 04/10/2025","7,257.325","7,441.475","7,307.300","7,642.275","8,195.300","8,537.000","8,832.600","9,137.750","9,519.425","9,869.000","10,055.150","10,044.225","10,398.025","10,684.175","11,114.650","11,413.025","11,843.600","12,370.300","12,924.875","13,543.775","14,096.025","14,230.725","14,472.700","14,877.325","15,449.775","15,987.950","16,433.150","16,762.450","16,781.500","16,349.125","16,789.775","17,052.400","17,442.775","17,812.175","18,261.700","18,799.600","19,141.675","19,612.100","20,193.925","20,715.650","20,267.575","21,494.800","22,034.850","22,671.075","23,305.000","23,730.546","24,144.432","24,623.122","25,145.511","25,678.983","26,223.773",2024.0,
111,USA,NGDPD,United States,"Gross domestic product, current prices","Values are based upon GDP in national currency converted to U.S. dollars using market exchange rates (yearly average). Exchange rate projections are provided by country economists for the group of other emerging market and developing countries. Exchanges rates for advanced economies are established in the WEO assumptions for each WEO exercise. Expenditure-based GDP is total final expenditures at purchasers' prices (including the f.o.b. value of exports of goods and services), less the f.o.b. value of imports of goods and services. [SNA 1993]",U.S. dollars,Billions,"See notes for:  Gross domestic product, current prices (National currency).","2,857.325","3,207.025","3,343.800","3,634.025","4,037.650","4,339.000","4,579.625","4,855.250","5,236.425","5,641.600","5,963.125","6,158.125","6,520.325","6,858.550","7,287.250","7,639.750","8,073.125","8,577.550","9,062.825","9,631.175","10,250.950","10,581.925","10,929.100","11,456.450","12,217.175","13,039.200","13,815.600","14,474.250","14,769.850","14,478.050","15,048.975","15,599.725","16,253.950","16,880.675","17,608.125","18,295.000","18,804.900","19,612.100","20,656.525","21,539.975","21,354.125","23,681.175","26,006.900","27,720.725","29,184.900","30,507.217","31,717.641","32,941.710","34,342.132","35,712.824","37,153.089",2024.0,
111,USA,PCPIPCH,United States,"Inflation, average consumer prices",Annual percentages of average consumer prices are year-on-year changes.,Percent change,Units,"See notes for:  Inflation, average consumer prices (Index).",13.502,10.378,6.158,3.160,4.368,3.528,1.944,3.578,4.100,4.791,5.419,4.216,3.042,2.970,2.596,2.805,2.937,2.338,1.547,2.193,3.367,2.817,1.596,2.298,2.668,3.366,3.222,2.871,3.815,-0.320,1.637,3.140,2.073,1.466,1.615,0.121,1.267,2.131,2.439,1.813,1.253,4.679,7.993,4.128,2.952,2.988,2.466,2.110,2.155,2.169,2.175,2024.0,
111,USA,LP,United States,Population,"For census purposes, the total population of the country consists of all persons falling within the scope of the census. In the broadest sense, the total may comprise either all usual residents of the country or all persons present in the country at the time of the census. [Principles and Recommendations for Population and Housing Censuses, Revision 1, paragraph 2.42]",Persons,Millions,Source: National Statistics Office Latest actual data: 2024 Primary domestic currency: US dollar Data last updated: 04/10/2025,227.622,229.916,232.128,234.247,236.307,238.416,240.593,242.751,244.968,247.286,250.047,253.392,256.777,260.146,263.325,266.458,269.581,272.822,276.022,279.195,282.296,285.216,288.019,290.733,293.389,296.115,298.930,301.903,304.718,307.374,309.737,311.944,314.167,316.331,318.619,320.926,323.221,325.280,327.023,328.547,331.307,332.453,334.273,337.014,340.102,342.373,344.396,346.436,348.483,350.535,352.594,2024.0,
298,URY,NGDP_R,Uruguay,"Gross domestic product, constant prices","Expressed in billions of national currency units; the base year is country-specific. Expenditure-based GDP is total final expenditures at purchasers' prices (including the f.o.b. value of exports of goods and services), less the f.o.b. value of imports of goods and services. [SNA 1993]",National currency,Billions,"Source: Central Bank Latest actual data: 2024 Notes: Data for years between 2016 and last actual for these series are reported by national authorities. Data prior to 2016 are the staff's estimates, representing best effort to preserve the previously reported growth rates and avoid structural breaks. National accounts manual used: System of National Accounts (SNA) 2008 GDP valuation: Market prices Reporting in calendar year: Yes Start/end months of reporting year: January/December Base year: 2016 Chain-weighted: No Primary domestic currency: Uruguayan peso Data last updated: 04/02/2025",791.444,806.474,730.735,687.966,677.939,679.963,730.963,774.164,778.007,786.595,788.934,816.853,881.642,905.072,970.974,956.918,"1,010.294","1,065.818","1,113.981","1,092.378","1,071.296","1,030.114",950.466,958.120,"1,006.066","1,081.119","1,125.430","1,199.050","1,285.096","1,339.629","1,444.165","1,518.715","1,572.450","1,645.373","1,698.663","1,704.961","1,733.768","1,763.946","1,766.851","1,783.251","1,652.054","1,748.604","1,827.050","1,840.609","1,897.821","1,951.787","2,002.540","2,050.000","2,098.087","2,143.912","2,190.064",2024.0,
298,URY,NGDPD,Uruguay,"Gross domestic product, current prices","Values are based upon GDP in national currency converted to U.S. dollars using market exchange rates (yearly average). Exchange rate projections are provided by country economists for the group of other emerging market and developing countries. Exchanges rates for advanced economies are established in the WEO assumptions for each WEO exercise. Expenditure-based GDP is total final expenditures at purchasers' prices (including the f.o.b. value of exports of goods and services), less the f.o.b. value of imports of goods and services. [SNA 1993]",U.S. dollars,Billions,"See notes for:  Gross domestic product, current prices (National currency).",12.217,13.636,11.147,6.119,5.819,5.686,7.059,8.832,9.137,9.630,11.204,13.502,15.515,18.064,21.040,23.267,24.730,26.155,27.704,26.178,24.892,22.802,14.863,13.159,14.959,18.986,21.416,25.603,33.151,34.565,43.967,52.354,55.938,62.857,62.546,58.218,57.580,65.068,65.370,62.229,53.557,60.742,70.600,77.997,80.961,79.731,85.164,90.702,96.223,101.236,106.344,2024.0,
298,URY,PCPIPCH,Uruguay,"Inflation, average consumer prices",Annual percentages of average consumer prices are year-on-year changes.,Percent change,Units,"See notes for:  Inflation, average consumer prices (Index).",63.475,34.046,18.991,49.198,55.305,72.222,76.380,63.567,62.192,80.447,112.526,101.972,68.456,54.081,44.736,42.248,28.342,19.819,10.808,5.660,4.775,4.357,13.968,19.379,9.169,4.699,6.386,8.115,7.878,7.068,6.694,8.092,8.099,8.577,8.878,8.660,9.640,6.222,7.606,7.883,9.754,7.750,9.106,5.866,4.850,5.525,5.279,4.732,4.629,4.546,4.548,2024.0,
298,URY,LP,Uruguay,Population,"For census purposes, the total population of the country consists of all persons falling within the scope of the census. In the broadest sense, the total may comprise either all usual residents of the country or all persons present in the country at the time of the census. [Principles and Recommendations for Population and Housing Censuses, Revision 1, paragraph 2.42]",Persons,Millions,Source: National Statistics Office. And World Bank World Development Indicators. Latest actual data: 2023 Primary domestic currency: Uruguayan peso Data last updated: 04/02/2025,2.939,2.959,2.978,2.997,3.016,3.035,3.053,3.070,3.088,3.105,3.122,3.140,3.159,3.178,3.208,3.228,3.248,3.286,3.312,3.336,3.349,3.351,3.347,3.338,3.341,3.352,3.358,3.359,3.363,3.378,3.397,3.413,3.420,3.427,3.434,3.442,3.449,3.456,3.463,3.471,3.478,3.485,3.492,3.499,3.506,3.513,3.520,3.528,3.535,3.542,3.549,2023.0,
927,UZB,NGDP_R,Uzbekistan,"Gross domestic product, constant prices","Expressed in billions of national currency units; the base year is country-specific. Expenditure-based GDP is total final expenditures at purchasers' prices (including the f.o.b. value of exports of goods and services), less the f.o.b. value of imports of goods and services. [SNA 1993]",National currency,Billions,"Source: National Statistics Office Latest actual data: 2024. The latest data is 2024. GDP numbers for 2024 for the supply side have been published, but latest data for the expenditure side is for 2024Q3. National accounts manual used: System of National Accounts (SNA) 1993 GDP valuation: Market prices Reporting in calendar year: Yes Start/end months of reporting year: January/December Base year: 2020 Chain-weighted: No Primary domestic currency: Uzbek som Data last updated: 04/14/2025",,,,,,,,,,,,,"174,363.957","170,353.586","161,495.199","160,041.742","162,762.452","171,226.100","178,588.822","186,268.141","193,346.331","201,466.876","209,525.551","218,325.625","234,481.721","250,895.441","269,712.599","295,335.296","321,915.473","347,990.626","372,676.850","400,721.304","429,182.314","460,497.818","492,151.694","527,679.010","558,981.724","583,550.506","615,991.221","657,754.819","668,037.900","721,712.687","765,025.127","813,289.675","866,537.494","917,658.244","970,959.001","1,026,299.823","1,084,796.162","1,146,648.088","1,212,107.955",2024.0,
927,UZB,NGDPD,Uzbekistan,"Gross domestic product, current prices","Values are based upon GDP in national currency converted to U.S. dollars using market exchange rates (yearly average). Exchange rate projections are provided by country economists for the group of other emerging market and developing countries. Exchanges rates for advanced economies are established in the WEO assumptions for each WEO exercise. Expenditure-based GDP is total final expenditures at purchasers' prices (including the f.o.b. value of exports of goods and services), less the f.o.b. value of imports of goods and services. [SNA 1993]",U.S. dollars,Billions,"See notes for:  Gross domestic product, current prices (National currency).",,,,,,,,,,,,,4.476,6.897,8.175,12.746,17.453,18.433,18.738,21.362,17.195,14.581,12.106,12.697,15.045,17.939,21.344,27.963,35.858,41.945,49.772,60.213,67.520,73.192,80.848,85.662,85.658,69.703,58.696,67.294,66.443,77.340,90.125,102.634,114.962,132.484,148.177,164.155,181.768,201.530,223.185,2024.0,
927,UZB,PCPIPCH,Uzbekistan,"Inflation, average consumer prices",Annual percentages of average consumer prices are year-on-year changes.,Percent change,Units,"See notes for:  Inflation, average consumer prices (Index).",,,,,,,,,,,,,,534.180,"1,568.333",304.597,53.961,70.857,28.981,29.103,25.006,27.251,27.291,12.494,7.325,10.703,13.109,11.154,13.128,12.298,12.304,12.447,11.900,11.700,9.079,8.464,8.824,13.876,17.524,14.526,12.868,10.849,11.447,9.957,9.626,8.792,7.170,5.847,5.039,5.044,4.981,2024.0,
927,UZB,LP,Uzbekistan,Population,"For census purposes, the total population of the country consists of all persons falling within the scope of the census. In the broadest sense, the total may comprise either all usual residents of the country or all persons present in the country at the time of the census. [Principles and Recommendations for Population and Housing Censuses, Revision 1, paragraph 2.42]",Persons,Millions,Source: National Statistics Office Latest actual data: 2023 Primary domestic currency: Uzbek som Data last updated: 04/14/2025,,,,,,,,,,,,,21.360,21.853,22.282,22.690,23.130,23.867,24.231,24.583,24.488,24.813,25.116,25.428,25.707,26.021,26.313,26.664,27.072,27.533,28.001,29.123,29.555,29.994,30.493,31.023,31.575,32.121,32.657,33.256,33.905,34.559,35.271,36.025,36.926,37.701,38.493,39.301,40.126,40.969,41.829,2023.0,
846,VUT,NGDP_R,Vanuatu,"Gross domestic product, constant prices","Expressed in billions of national currency units; the base year is country-specific. Expenditure-based GDP is total final expenditures at purchasers' prices (including the f.o.b. value of exports of goods and services), less the f.o.b. value of imports of goods and services. [SNA 1993]",National currency,Billions,Source: National Statistics Office Latest actual data: 2022 National accounts manual used: System of National Accounts (SNA) 1993 GDP valuation: Market prices Reporting in calendar year: Yes Start/end months of reporting year: January/December Base year: 2006 Chain-weighted: No Primary domestic currency: Vanuatu vatu Data last updated: 04/11/2025,24.098,25.153,25.651,26.423,28.953,29.243,29.199,28.354,27.874,28.301,31.611,32.606,33.449,33.695,36.755,37.124,37.988,39.852,40.321,40.457,42.854,41.398,39.246,40.929,42.561,44.819,48.611,50.009,52.810,54.414,55.099,56.830,57.401,57.669,59.154,61.500,63.635,66.444,68.371,70.585,67.062,66.021,69.445,70.899,71.503,72.486,74.004,75.872,77.567,79.299,81.071,2022.0,
846,VUT,NGDPD,Vanuatu,"Gross domestic product, current prices","Values are based upon GDP in national currency converted to U.S. dollars using market exchange rates (yearly average). Exchange rate projections are provided by country economists for the group of other emerging market and developing countries. Exchanges rates for advanced economies are established in the WEO assumptions for each WEO exercise. Expenditure-based GDP is total final expenditures at purchasers' prices (including the f.o.b. value of exports of goods and services), less the f.o.b. value of imports of goods and services. [SNA 1993]",U.S. dollars,Billions,"See notes for:  Gross domestic product, current prices (National currency).",0.121,0.114,0.114,0.117,0.144,0.132,0.128,0.139,0.158,0.154,0.169,0.201,0.209,0.200,0.234,0.249,0.261,0.273,0.262,0.268,0.272,0.257,0.262,0.315,0.365,0.390,0.435,0.517,0.582,0.590,0.652,0.738,0.736,0.755,0.775,0.774,0.798,0.880,0.928,0.930,1.008,0.921,1.072,1.158,1.206,1.267,1.335,1.400,1.463,1.529,1.598,2022.0,
846,VUT,PCPIPCH,Vanuatu,"Inflation, average consumer prices",Annual percentages of average consumer prices are year-on-year changes.,Percent change,Units,"See notes for:  Inflation, average consumer prices (Index).",11.240,26.846,6.673,1.653,5.516,1.066,4.766,16.039,8.760,7.748,4.759,6.469,4.058,3.566,2.303,2.230,0.926,2.813,3.556,1.999,2.538,3.578,1.964,3.016,1.419,1.199,2.041,3.935,4.842,4.297,2.763,0.874,1.347,1.459,0.799,2.483,0.842,3.067,2.381,2.713,5.346,2.343,6.679,11.183,4.215,4.471,3.446,2.734,2.244,2.244,2.244,2023.0,
846,VUT,LP,Vanuatu,Population,"For census purposes, the total population of the country consists of all persons falling within the scope of the census. In the broadest sense, the total may comprise either all usual residents of the country or all persons present in the country at the time of the census. [Principles and Recommendations for Population and Housing Censuses, Revision 1, paragraph 2.42]",Persons,Millions,Source: National Statistics Office Latest actual data: 2020 Primary domestic currency: Vanuatu vatu Data last updated: 04/11/2025,0.115,0.119,0.123,0.126,0.130,0.135,0.139,0.141,0.145,0.146,0.148,0.151,0.154,0.157,0.164,0.169,0.173,0.177,0.182,0.187,0.191,0.195,0.200,0.204,0.209,0.214,0.219,0.224,0.229,0.234,0.240,0.245,0.251,0.257,0.263,0.269,0.272,0.279,0.285,0.292,0.302,0.312,0.323,0.334,0.345,0.357,0.369,0.382,0.395,0.409,0.423,2020.0,
299,VEN,NGDP_R,Venezuela,"Gross domestic product, constant prices","Expressed in billions of national currency units; the base year is country-specific. Expenditure-based GDP is total final expenditures at purchasers' prices (including the f.o.b. value of exports of goods and services), less the f.o.b. value of imports of goods and services. [SNA 1993]",National currency,Billions,"Source: Central Bank Latest actual data: 2018. Latest year for real accounts is 2018. Starting 2012, staff elaborates its own nominal GDP accounts estimates. Notes: Due to the prevalence of multiple exchange rates and a parallel market, for 2012-2023, staff has computed a generalized unitary exchange rate weighted by the value of imports and exports as well as by the different windows used to acquire foreign exchange National accounts manual used: System of National Accounts (SNA) 1993 GDP valuation: Market prices Reporting in calendar year: Yes Start/end months of reporting year: January/December Base year: 1997 Chain-weighted: No Primary domestic currency: Venezuelan bolívar Data last updated: 04/09/2025",--,--,--,--,--,--,--,--,--,--,--,--,--,--,--,--,--,--,--,--,--,--,--,--,--,--,--,--,--,--,--,--,--,--,--,--,--,--,--,--,--,--,--,--,--,--,--,,,,,2018.0,
299,VEN,NGDPD,Venezuela,"Gross domestic product, current prices","Values are based upon GDP in national currency converted to U.S. dollars using market exchange rates (yearly average). Exchange rate projections are provided by country economists for the group of other emerging market and developing countries. Exchanges rates for advanced economies are established in the WEO assumptions for each WEO exercise. Expenditure-based GDP is total final expenditures at purchasers' prices (including the f.o.b. value of exports of goods and services), less the f.o.b. value of imports of goods and services. [SNA 1993]",U.S. dollars,Billions,"See notes for:  Gross domestic product, current prices (National currency).",69.841,78.367,79.998,79.672,57.826,59.865,60.877,46.854,60.378,44.672,48.391,53.382,60.400,59.865,58.357,77.427,70.536,85.684,91.836,97.517,117.596,123.119,95.258,83.684,112.254,143.375,178.521,232.857,306.764,268.624,318.281,316.482,372.592,258.931,214.690,125.449,112.915,115.883,102.021,73.014,42.838,56.615,89.013,102.377,119.808,108.511,101.020,,,,,2018.0,
299,VEN,PCPIPCH,Venezuela,"Inflation, average consumer prices",Annual percentages of average consumer prices are year-on-year changes.,Percent change,Units,"See notes for:  Inflation, average consumer prices (Index).",21.355,16.244,9.607,6.242,12.250,11.382,11.544,28.137,29.468,84.463,40.656,34.205,31.423,38.122,60.817,59.923,99.876,50.040,35.782,23.570,16.206,12.531,22.434,31.091,21.747,15.955,13.663,18.699,31.441,26.041,28.187,26.090,21.069,40.639,62.169,121.738,254.949,438.117,"65,374.082","19,906.024","2,355.147","1,588.513",186.542,337.458,48.983,180.001,225.003,,,,,2023.0,
299,VEN,LP,Venezuela,Population,"For census purposes, the total population of the country consists of all persons falling within the scope of the census. In the broadest sense, the total may comprise either all usual residents of the country or all persons present in the country at the time of the census. [Principles and Recommendations for Population and Housing Censuses, Revision 1, paragraph 2.42]",Persons,Millions,Source: Ministry of Economy and/or Planning Latest actual data: 2010 Primary domestic currency: Venezuelan bolívar Data last updated: 04/09/2025,14.952,15.410,15.868,16.316,16.773,17.241,17.450,17.888,18.336,18.784,19.411,19.879,20.347,20.815,21.283,21.751,22.219,22.676,23.130,23.593,24.394,24.803,25.212,25.622,26.033,26.445,26.858,27.273,27.689,28.106,28.524,28.944,29.365,29.786,30.206,30.620,30.714,30.442,28.903,27.817,27.951,27.586,26.917,26.740,26.561,26.674,26.887,,,,,2010.0,
582,VNM,NGDP_R,Vietnam,"Gross domestic product, constant prices","Expressed in billions of national currency units; the base year is country-specific. Expenditure-based GDP is total final expenditures at purchasers' prices (including the f.o.b. value of exports of goods and services), less the f.o.b. value of imports of goods and services. [SNA 1993]",National currency,Billions,"Source: National Statistics Office. Country authorities revised their methodology for GDP calculation in 2019, and 'revised' GDP data is currently only available starting in 2010. A further revision of quarterly GDP for 2010Q1-2022Q3 and annual GDP for 2021 happened in 2022Q3. 'Revised' and Latest actual data: 2024 National accounts manual used: System of National Accounts (SNA) 1993 GDP valuation: Market prices. Production-based measure Reporting in calendar year: Yes Start/end months of reporting year: January/December Base year: 2010 Chain-weighted: No Primary domestic currency: Vietnamese dong Data last updated: 04/12/2025","385,896.349","408,267.677","441,542.634","472,861.458","512,568.883","541,372.679","559,547.119","573,809.293","603,073.660","650,113.995","682,928.381","722,599.582","785,464.927","848,915.043","923,905.307","1,012,050.306","1,106,576.022","1,196,780.652","1,265,773.144","1,326,195.912","1,416,209.069","1,513,855.283","1,621,040.943","1,740,044.417","1,875,584.211","2,017,139.348","2,157,894.825","2,311,741.796","2,442,627.690","2,574,477.593","2,739,843.172","2,915,553.938","3,076,041.911","3,246,870.226","3,455,392.133","3,696,825.710","3,944,143.679","4,217,874.761","4,532,739.396","4,866,315.598","5,005,755.652","5,133,589.056","5,571,869.247","5,854,085.763","6,269,209.956","6,592,179.764","6,858,940.234","7,215,605.126","7,594,424.395","7,996,928.888","8,420,766.119",2024.0,
582,VNM,NGDPD,Vietnam,"Gross domestic product, current prices","Values are based upon GDP in national currency converted to U.S. dollars using market exchange rates (yearly average). Exchange rate projections are provided by country economists for the group of other emerging market and developing countries. Exchanges rates for advanced economies are established in the WEO assumptions for each WEO exercise. Expenditure-based GDP is total final expenditures at purchasers' prices (including the f.o.b. value of exports of goods and services), less the f.o.b. value of imports of goods and services. [SNA 1993]",U.S. dollars,Billions,"See notes for:  Gross domestic product, current prices (National currency).",35.357,17.617,23.369,35.204,61.171,19.045,43.009,53.385,29.501,7.991,8.217,9.704,12.528,16.736,20.712,26.407,31.352,34.146,34.580,36.444,39.585,41.297,44.563,50.233,62.877,73.197,84.301,98.426,124.756,129.022,143.212,171.312,195.169,212.728,232.888,236.795,252.146,277.071,304.470,331.818,346.310,370.076,411.068,433.008,459.472,490.970,518.999,553.437,589.412,626.910,666.539,2024.0,
582,VNM,PCPIPCH,Vietnam,"Inflation, average consumer prices",Annual percentages of average consumer prices are year-on-year changes.,Percent change,Units,"See notes for:  Inflation, average consumer prices (Index).",25.156,69.600,95.401,49.487,64.897,91.602,453.538,360.357,374.354,95.770,36.031,81.817,37.705,8.379,10.378,16.926,5.593,3.095,8.110,4.093,-1.784,-0.439,3.765,3.110,7.812,8.300,7.664,8.377,23.311,6.693,9.140,18.685,9.121,6.592,4.087,0.647,2.675,3.521,3.540,2.795,3.220,1.837,3.157,3.253,3.624,2.949,2.494,2.800,2.900,2.900,2.900,2024.0,
582,VNM,LP,Vietnam,Population,"For census purposes, the total population of the country consists of all persons falling within the scope of the census. In the broadest sense, the total may comprise either all usual residents of the country or all persons present in the country at the time of the census. [Principles and Recommendations for Population and Housing Censuses, Revision 1, paragraph 2.42]",Persons,Millions,Source: National Statistics Office Latest actual data: 2023 Primary domestic currency: Vietnamese dong Data last updated: 04/12/2025,54.180,55.310,56.400,57.470,58.570,59.710,60.920,62.300,63.500,64.774,67.513,68.766,70.002,71.223,72.430,73.627,74.815,75.991,77.167,78.333,79.395,80.469,81.534,82.302,83.063,83.833,84.618,85.420,86.243,87.092,87.968,87.860,88.809,89.760,90.729,91.713,92.695,93.672,94.666,96.484,97.583,98.506,99.462,100.309,101.300,102.161,102.937,103.751,104.487,105.229,105.976,2023.0,
487,WBG,NGDP_R,West Bank and Gaza,"Gross domestic product, constant prices","Expressed in billions of national currency units; the base year is country-specific. Expenditure-based GDP is total final expenditures at purchasers' prices (including the f.o.b. value of exports of goods and services), less the f.o.b. value of imports of goods and services. [SNA 1993]",National currency,Billions,"Source: National Statistics Office. National accounts are reported in USD, although NIS is the most commonly used currency and the most common means of transaction. Latest actual data: 2023 National accounts manual used: System of National Accounts (SNA) 2008 GDP valuation: Market prices Reporting in calendar year: Yes Start/end months of reporting year: January/December Base year: 2015 Chain-weighted: No Primary domestic currency: Israeli new shekel Data last updated: 02/14/2025",,,,,,,,,,,,,,,19.658,21.058,21.313,24.440,27.943,30.257,27.668,25.092,21.958,25.036,30.525,33.971,33.633,34.907,37.500,40.723,43.075,47.211,50.089,52.443,52.360,54.308,59.123,59.962,60.698,61.525,54.561,58.387,60.771,58.002,,,,,,,,2023.0,
487,WBG,NGDPD,West Bank and Gaza,"Gross domestic product, current prices","Values are based upon GDP in national currency converted to U.S. dollars using market exchange rates (yearly average). Exchange rate projections are provided by country economists for the group of other emerging market and developing countries. Exchanges rates for advanced economies are established in the WEO assumptions for each WEO exercise. Expenditure-based GDP is total final expenditures at purchasers' prices (including the f.o.b. value of exports of goods and services), less the f.o.b. value of imports of goods and services. [SNA 1993]",U.S. dollars,Billions,"See notes for:  Gross domestic product, current prices (National currency).",,,,,,,,,,,,,,,2.843,3.283,3.410,3.760,4.068,4.271,4.314,4.004,3.556,3.968,4.603,5.126,5.348,5.816,7.310,8.086,9.682,11.186,12.208,13.516,13.990,13.972,15.405,16.128,16.277,17.134,15.532,18.109,19.166,17.848,,,,,,,,2023.0,
487,WBG,PCPIPCH,West Bank and Gaza,"Inflation, average consumer prices",Annual percentages of average consumer prices are year-on-year changes.,Percent change,Units,"See notes for:  Inflation, average consumer prices (Index).",,,,,,,,,,,,,,,,,,7.623,5.580,5.544,2.797,1.224,5.704,4.404,3.007,5.297,3.845,1.858,9.891,2.752,3.751,2.876,2.781,1.723,1.733,1.431,-0.220,0.213,-0.195,1.557,-0.711,1.238,3.740,5.872,52.900,,,,,,,2024.0,
487,WBG,LP,West Bank and Gaza,Population,"For census purposes, the total population of the country consists of all persons falling within the scope of the census. In the broadest sense, the total may comprise either all usual residents of the country or all persons present in the country at the time of the census. [Principles and Recommendations for Population and Housing Censuses, Revision 1, paragraph 2.42]",Persons,Millions,Source: National Statistics Office Latest actual data: 2024 Primary domestic currency: Israeli new shekel Data last updated: 02/14/2025,,,,,,,,,,,,,,2.184,2.317,2.483,2.631,2.783,2.872,2.962,3.053,3.138,3.225,3.315,3.407,3.508,3.612,3.719,3.821,3.922,4.023,4.125,4.226,4.328,4.429,4.530,4.632,4.733,4.854,4.977,5.101,5.227,5.355,5.477,,,,,,,,2024.0,
474,YEM,NGDP_R,Yemen,"Gross domestic product, constant prices","Expressed in billions of national currency units; the base year is country-specific. Expenditure-based GDP is total final expenditures at purchasers' prices (including the f.o.b. value of exports of goods and services), less the f.o.b. value of imports of goods and services. [SNA 1993]",National currency,Billions,"Source: IMF Staff Estimates Latest actual data: 2022 Notes: GDP in current prices in U.S. dollars is calculated by using the market exchange rate since 2015, whereas in prior years, the official exchange rate has been used. National accounts manual used: System of National Accounts (SNA) 1993 GDP valuation: Factor costs Reporting in calendar year: Yes Start/end months of reporting year: January/December Base year: 1990 Chain-weighted: No Primary domestic currency: Yemeni rial Data last updated: 03/21/2025",,,,,,,,,,,147.959,157.271,170.179,176.990,188.887,199.596,208.847,219.772,232.973,241.769,256.715,266.480,276.966,287.345,298.760,315.466,325.468,336.334,348.602,362.079,389.968,340.384,348.529,365.340,364.651,262.569,237.953,225.884,227.584,232.363,212.612,210.486,213.643,209.370,206.230,203.136,203.136,215.325,227.167,238.526,250.452,2022.0,
474,YEM,NGDPD,Yemen,"Gross domestic product, current prices","Values are based upon GDP in national currency converted to U.S. dollars using market exchange rates (yearly average). Exchange rate projections are provided by country economists for the group of other emerging market and developing countries. Exchanges rates for advanced economies are established in the WEO assumptions for each WEO exercise. Expenditure-based GDP is total final expenditures at purchasers' prices (including the f.o.b. value of exports of goods and services), less the f.o.b. value of imports of goods and services. [SNA 1993]",U.S. dollars,Billions,"See notes for:  Gross domestic product, current prices (National currency).",,,,,,,,,,,12.644,14.665,17.959,21.737,28.019,12.796,6.496,6.838,6.322,7.639,9.679,9.853,10.693,11.778,13.868,16.732,19.063,21.651,26.911,25.130,30.907,32.726,35.401,40.415,43.229,42.444,31.318,26.842,21.606,21.888,20.220,19.394,23.534,19.412,19.101,17.401,17.285,18.762,21.713,23.602,25.717,2022.0,
474,YEM,PCPIPCH,Yemen,"Inflation, average consumer prices",Annual percentages of average consumer prices are year-on-year changes.,Percent change,Units,"See notes for:  Inflation, average consumer prices (Index).",,,,,,,,,,,,44.913,51.200,61.746,71.277,63.892,38.785,4.635,11.542,7.909,10.964,11.916,12.239,10.831,12.490,9.867,10.845,7.905,18.976,3.675,11.175,19.544,9.885,10.968,8.159,22.000,21.300,30.400,33.645,15.689,21.673,31.464,29.511,0.858,33.918,20.440,18.524,11.347,12.171,10.474,10.000,2022.0,
474,YEM,LP,Yemen,Population,"For census purposes, the total population of the country consists of all persons falling within the scope of the census. In the broadest sense, the total may comprise either all usual residents of the country or all persons present in the country at the time of the census. [Principles and Recommendations for Population and Housing Censuses, Revision 1, paragraph 2.42]",Persons,Millions,"Source: United Nations, Department of Economic and Social Affairs, Population Division (2022). World Population Prospects 2022 Latest actual data: 2022 Primary domestic currency: Yemeni rial Data last updated: 03/21/2025",,,,,,,,,,,13.888,14.430,14.989,15.564,16.149,16.740,17.313,17.874,18.446,19.029,19.624,20.226,20.835,21.456,22.095,22.790,23.543,24.318,25.112,25.928,26.754,27.583,28.434,29.313,30.226,31.159,32.109,33.091,34.085,35.111,36.135,37.140,38.223,39.391,40.583,41.774,42.962,44.146,45.324,46.498,47.668,2022.0,
754,ZMB,NGDP_R,Zambia,"Gross domestic product, constant prices","Expressed in billions of national currency units; the base year is country-specific. Expenditure-based GDP is total final expenditures at purchasers' prices (including the f.o.b. value of exports of goods and services), less the f.o.b. value of imports of goods and services. [SNA 1993]",National currency,Billions,Source: National Statistics Office Latest actual data: 2022 National accounts manual used: System of National Accounts (SNA) 2008 GDP valuation: Market prices Reporting in calendar year: Yes Start/end months of reporting year: January/December Base year: 2010 Chain-weighted: No Primary domestic currency: Zambian kwacha Data last updated: 04/10/2025,39.933,42.581,41.341,40.868,40.166,40.663,41.353,41.970,45.861,44.183,43.928,43.635,44.530,44.496,38.574,39.692,42.160,43.768,43.599,45.627,47.405,49.925,52.175,55.798,59.722,64.044,69.106,74.878,80.698,88.139,97.216,102.626,110.423,116.007,121.457,125.004,129.725,134.271,139.813,141.770,137.800,146.344,153.970,162.235,168.795,179.260,191.480,203.738,214.234,224.595,235.285,2022.0,
754,ZMB,NGDPD,Zambia,"Gross domestic product, current prices","Values are based upon GDP in national currency converted to U.S. dollars using market exchange rates (yearly average). Exchange rate projections are provided by country economists for the group of other emerging market and developing countries. Exchanges rates for advanced economies are established in the WEO assumptions for each WEO exercise. Expenditure-based GDP is total final expenditures at purchasers' prices (including the f.o.b. value of exports of goods and services), less the f.o.b. value of imports of goods and services. [SNA 1993]",U.S. dollars,Billions,"See notes for:  Gross domestic product, current prices (National currency).",4.246,4.385,4.232,3.653,3.003,2.848,1.962,2.431,4.095,4.365,4.085,3.690,3.614,3.549,3.657,3.799,3.599,4.303,3.538,3.405,3.601,3.870,4.194,4.902,6.221,8.329,12.762,14.060,17.914,15.332,20.264,23.455,25.502,28.042,27.145,21.245,20.965,25.874,26.312,23.309,18.138,22.096,29.164,27.578,26.326,28.910,34.237,40.161,43.668,47.092,50.669,2022.0,
754,ZMB,PCPIPCH,Zambia,"Inflation, average consumer prices",Annual percentages of average consumer prices are year-on-year changes.,Percent change,Units,"See notes for:  Inflation, average consumer prices (Index).",11.729,13.997,12.495,19.692,20.019,37.430,47.986,43.035,45.818,113.161,93.873,85.280,146.714,158.403,46.073,31.456,38.581,21.418,22.664,23.861,24.091,21.357,22.239,21.400,17.969,18.325,9.017,10.655,12.449,13.392,8.500,8.658,6.575,6.978,7.811,10.107,17.870,6.577,7.495,9.151,15.733,22.021,10.993,10.885,14.986,14.196,9.156,7.440,7.000,7.000,7.000,2022.0,
754,ZMB,LP,Zambia,Population,"For census purposes, the total population of the country consists of all persons falling within the scope of the census. In the broadest sense, the total may comprise either all usual residents of the country or all persons present in the country at the time of the census. [Principles and Recommendations for Population and Housing Censuses, Revision 1, paragraph 2.42]",Persons,Millions,Source: Other Latest actual data: 2022 Primary domestic currency: Zambian kwacha Data last updated: 04/10/2025,5.551,5.733,5.918,6.103,6.291,6.481,6.676,6.876,7.083,7.301,7.530,7.761,7.992,8.224,8.474,8.684,8.902,9.133,9.372,9.621,9.891,10.192,10.508,10.838,11.188,11.565,11.972,12.402,12.853,13.318,13.792,14.266,14.745,15.235,15.738,16.248,16.768,17.298,17.836,18.380,18.928,19.473,20.018,20.570,21.135,21.707,22.286,22.874,23.469,24.070,24.676,2022.0,
698,ZWE,NGDP_R,Zimbabwe,"Gross domestic product, constant prices","Expressed in billions of national currency units; the base year is country-specific. Expenditure-based GDP is total final expenditures at purchasers' prices (including the f.o.b. value of exports of goods and services), less the f.o.b. value of imports of goods and services. [SNA 1993]",National currency,Billions,"Source: National Statistics Office Latest actual data: 2023. Data before 2009 are unreliable Notes: The Zimbabwe dollar ceased circulating in 2009. Between 2009-19, Zimbabwe operated under a multi-currency regime with the US dollar as the unit of account. In 2019, Zimbabwe authorities introduced the RTGS dollar, later renamed the Zimbabwe dollar. In 202 National accounts manual used: System of National Accounts (SNA) 2008 GDP valuation: Market prices Reporting in calendar year: Yes Start/end months of reporting year: January/December Base year: 2019 Chain-weighted: No Primary domestic currency: Zimbabwe gold Data last updated: 04/14/2025",,,,,,,,,,,,,,,,,,,0.090,0.089,0.086,0.085,0.079,0.066,0.062,0.057,0.055,0.053,0.045,0.048,0.057,0.066,0.077,0.078,0.080,0.081,0.082,0.086,0.091,0.085,0.078,0.085,0.090,0.095,0.097,0.103,0.107,0.111,0.115,0.119,0.123,2023.0,
698,ZWE,NGDPD,Zimbabwe,"Gross domestic product, current prices","Values are based upon GDP in national currency converted to U.S. dollars using market exchange rates (yearly average). Exchange rate projections are provided by country economists for the group of other emerging market and developing countries. Exchanges rates for advanced economies are established in the WEO assumptions for each WEO exercise. Expenditure-based GDP is total final expenditures at purchasers' prices (including the f.o.b. value of exports of goods and services), less the f.o.b. value of imports of goods and services. [SNA 1993]",U.S. dollars,Billions,"See notes for:  Gross domestic product, current prices (National currency).",,,,,,,,,,,10.143,9.450,7.793,7.569,7.959,8.263,10.117,10.386,12.099,11.768,11.340,11.243,10.734,9.573,9.465,9.045,8.141,7.784,6.707,9.666,12.042,14.102,17.115,19.091,19.496,19.963,20.549,22.040,36.922,26.033,26.878,36.016,32.613,35.144,35.224,38.172,39.491,40.925,42.340,43.836,45.384,2023.0,
698,ZWE,PCPIPCH,Zimbabwe,"Inflation, average consumer prices",Annual percentages of average consumer prices are year-on-year changes.,Percent change,Units,"See notes for:  Inflation, average consumer prices (Index).",,5.556,0.590,-8.452,-1.857,-16.010,10.666,12.785,-1.057,-3.847,1.345,-13.143,-2.998,0.376,-2.761,15.227,6.006,-0.965,-28.023,-13.431,4.475,-37.198,-34.445,-8.565,113.569,-31.522,32.974,-72.729,156.964,6.216,3.045,3.470,3.720,1.632,-0.213,-2.410,-1.558,0.907,10.607,255.292,557.210,98.546,193.399,667.361,736.106,92.165,9.627,7.969,7.969,7.969,7.969,2024.0,
698,ZWE,LP,Zimbabwe,Population,"For census purposes, the total population of the country consists of all persons falling within the scope of the census. In the broadest sense, the total may comprise either all usual residents of the country or all persons present in the country at the time of the census. [Principles and Recommendations for Population and Housing Censuses, Revision 1, paragraph 2.42]",Persons,Millions,"Source: National Statistics Office Latest actual data: 2022 Notes: From 2001, data are unreliable. Primary domestic currency: Zimbabwe gold Data last updated: 04/14/2025",7.092,7.300,7.606,7.849,8.099,8.385,8.648,8.919,9.199,9.488,9.786,10.093,10.410,10.776,11.147,11.523,11.905,11.786,11.756,11.724,11.693,11.663,11.632,11.640,11.730,11.830,12.010,12.040,12.120,12.230,12.340,12.459,13.061,13.430,13.778,14.075,14.371,14.668,14.968,15.268,15.582,15.904,16.229,16.624,16.993,17.360,17.729,18.104,18.488,18.882,19.285,2022.0,
